{"type":"FeatureCollection","features":[{"type":"Feature","geometry":{"type":"Polygon","coordinates":[[[-76.952750638324133,38.98926863238718],[-76.952751289602716,38.98926909182115],[-76.952752469988994,38.989268074503002],[-76.952822516123277,38.989317486682985],[-76.95283195831523,38.989309343255357],[-76.952899582591499,38.989250996542999],[-76.95289664779547,38.989248924201824],[-76.952829578678049,38.989201564766191],[-76.952830759962637,38.989200547447069],[-76.952802040823002,38.989180267393337],[-76.952749864874676,38.989143423244357],[-76.952724413806038,38.989125451520628],[-76.952743887484772,38.989104641489156],[-76.952766074075655,38.989080931703164],[-76.952771756818152,38.989084170791216],[-76.952825268561298,38.989026979464434],[-76.952846017847733,38.989004807156164],[-76.95289953138753,38.988947615765312],[-76.952893848645033,38.988944377369251],[-76.952935506219703,38.988899856739593],[-76.952950762308177,38.988906769232159],[-76.952953193149341,38.988903504999641],[-76.952953338676423,38.9889033067019],[-76.952969876660802,38.988881077798091],[-76.953002382199358,38.988837381740893],[-76.953010235271577,38.988826827960075],[-76.952870784400105,38.988763641397583],[-76.95284546448552,38.988797676754494],[-76.952846224460259,38.988798020284925],[-76.952837393122678,38.988809893031238],[-76.952836632249642,38.988809547406142],[-76.952811311436733,38.988843582741019],[-76.952840667481908,38.98885688545888],[-76.952805771526371,38.988894180116453],[-76.952801005963792,38.988891463995202],[-76.952776233123203,38.98887734574906],[-76.952773000086495,38.988880801996551],[-76.952758009899341,38.988896821526758],[-76.952737200425801,38.988919060899107],[-76.95273435905456,38.988917441002201],[-76.952724662639383,38.988927805548791],[-76.952694347193486,38.988960202776838],[-76.952684648083363,38.988970566618974],[-76.952687490352915,38.988972185816422],[-76.952671406916068,38.988989374164198],[-76.952655914570684,38.989005929910931],[-76.952648456757188,38.989013900212292],[-76.952653215133253,38.989016612139444],[-76.952677994262046,38.989030733848963],[-76.952643119866082,38.989068003278661],[-76.952617923918993,38.989050255667649],[-76.952584091568767,38.98907943749132],[-76.952584743745675,38.989079897624769],[-76.952572942577788,38.989090077116742],[-76.95257229040088,38.989089616983357],[-76.952538454457397,38.989118799489042],[-76.952592805227027,38.989157178358312],[-76.952644547289083,38.989193715279541],[-76.952622120848005,38.989213058306717],[-76.952621728284228,38.989213396947555],[-76.952681731253634,38.989255767535703],[-76.952682123817411,38.989255427498641],[-76.952704549360178,38.989236085879426],[-76.952750638324133,38.98926863238718]]]},"properties":{"BUILDINGID":"164","NAME":"University House"}},{"type":"Feature","geometry":{"type":"Polygon","coordinates":[[[-76.941812154943335,39.003077388050251],[-76.941872993345967,39.003087786125811],[-76.941876183263531,39.003076423985576],[-76.941916561637242,39.003083328810646],[-76.941935199882764,39.003016943053915],[-76.941954597204685,39.003020258992358],[-76.941955482045245,39.003017115482727],[-76.941962215816616,39.002993122743511],[-76.941962835654166,39.00299092165767],[-76.941911028015085,39.002982063560275],[-76.941928473297907,39.002919914436795],[-76.941941832144494,39.002922196503732],[-76.941962267918896,39.002849414659032],[-76.941891914560784,39.002837385102538],[-76.94190109624131,39.002804680782667],[-76.941971398395438,39.002816697779018],[-76.941991623065746,39.002744673957004],[-76.941977620127105,39.002742282283428],[-76.94199509685096,39.002680044291154],[-76.942028911234885,39.002685827315304],[-76.942029918246305,39.002682237009545],[-76.942044434122991,39.002684717343278],[-76.94204475032997,39.002683594107474],[-76.942051407744543,39.002659886078291],[-76.942051980869692,39.002657843449761],[-76.942037359890122,39.002655343568435],[-76.942041152577261,39.002641836807783],[-76.942044421546584,39.002630193263151],[-76.942055733132634,39.002589908915674],[-76.942015443692142,39.002583018702516],[-76.942018775543531,39.002571148266782],[-76.941958353060897,39.002560819226844],[-76.941954906225149,39.002573099447105],[-76.941877801129365,39.002559917285758],[-76.941881232693746,39.002547699891956],[-76.941820486817605,39.002537315698994],[-76.941817083100986,39.002549445832436],[-76.941776584353036,39.002542522804745],[-76.941763189573834,39.002590223757238],[-76.941758179669492,39.00260806849866],[-76.941740479265135,39.002605040156546],[-76.941739791155626,39.002607489078642],[-76.941733024146586,39.002631587361165],[-76.941732251595454,39.002634335067441],[-76.941783231886149,39.00264305079677],[-76.941772123319339,39.002682609094514],[-76.941770094025102,39.002689837176277],[-76.941765623109944,39.002705754451192],[-76.941752929016658,39.002703581280223],[-76.941740285229045,39.002748614005107],[-76.941732041389685,39.002777975175583],[-76.941800251367525,39.002789636846295],[-76.941791729050408,39.002819991387852],[-76.941753899197181,39.002813524940358],[-76.941752000158658,39.002813199628406],[-76.941721831138153,39.002808042107226],[-76.941712093400469,39.002842720635556],[-76.941701521127897,39.002880373025945],[-76.941716362194711,39.002882909898346],[-76.9417113190527,39.002900870449444],[-76.941710702808422,39.002903067349564],[-76.941698709401066,39.002945771807326],[-76.941665830163345,39.002940150063964],[-76.941646410383527,39.00293683132935],[-76.941645509373316,39.002940042557618],[-76.941638575277636,39.002964737596166],[-76.941636759782426,39.002971204727992],[-76.9416558184395,39.002974463424984],[-76.941638519582071,39.003036065196319],[-76.941677616059863,39.00304274803203],[-76.941674485431108,39.003053902146284],[-76.941735110932996,39.003064267415006],[-76.941738177781389,39.003053337389893],[-76.941754148030512,39.003056066929403],[-76.941815212808564,39.003066506195545],[-76.941812154943335,39.003077388050251]]]},"properties":{"BUILDINGID":"992","NAME":"Courtyard 600"}},{"type":"Feature","geometry":{"type":"Polygon","coordinates":[[[-76.933278674478871,38.984063083759089],[-76.933421142791346,38.984109960630569],[-76.933442526288374,38.984070374493044],[-76.93347221830345,38.984080142720671],[-76.933481474544152,38.984063006250068],[-76.933499960974387,38.984028784270812],[-76.933483449041148,38.984023352353169],[-76.933494446216841,38.984002996100251],[-76.933502111541159,38.983988804257955],[-76.933502752039956,38.983987621371554],[-76.933529805703074,38.983996522346914],[-76.933542805223539,38.983972453330459],[-76.933515508116997,38.983963472049886],[-76.933518724984026,38.983957522003216],[-76.93352583514951,38.983944355925885],[-76.933536171165159,38.983925215356848],[-76.933553167290341,38.983930807188294],[-76.933558656895045,38.983920640920026],[-76.933581689698912,38.983877994808722],[-76.933552342636915,38.983868338278178],[-76.933572565510588,38.983830897126722],[-76.933555389722358,38.983825245933431],[-76.933485794542349,38.983802345782649],[-76.933429302189083,38.983783757516434],[-76.933421052959829,38.983799033133309],[-76.933418830527799,38.983803150203414],[-76.933409656033803,38.983820135209776],[-76.93338201397421,38.983811040089932],[-76.933380096969387,38.983810410937998],[-76.933351256557188,38.983863805734536],[-76.933366955515098,38.983868970921016],[-76.933349561436259,38.983901174247443],[-76.933346900626375,38.983906099920809],[-76.933318064705745,38.983896608886667],[-76.933304173158206,38.983922330759349],[-76.933332329952478,38.983931594848848],[-76.933330231487986,38.983935476590659],[-76.933322187972905,38.983950366724038],[-76.933313740215979,38.983966006807307],[-76.933306062315253,38.983963481825818],[-76.933302988280346,38.983962469319358],[-76.933297939748442,38.983960808808753],[-76.933286334413296,38.983982292796235],[-76.933269011301348,38.984014364096232],[-76.933299562105859,38.984024415134918],[-76.933291692863961,38.984038983342728],[-76.93328850025145,38.984044897071968],[-76.933278674478871,38.984063083759089]]]},"properties":{"BUILDINGID":"248","NAME":"Leonardtown 248"}},{"type":"Feature","geometry":{"type":"Polygon","coordinates":[[[-76.942566189114729,38.983316736548069],[-76.942636929646739,38.983314770871011],[-76.942638180101596,38.98334223936947],[-76.942746809775642,38.98333922486691],[-76.942746229463964,38.983326513957401],[-76.942745695864687,38.983314799500789],[-76.942829561681307,38.98331247350778],[-76.942829361356999,38.983308014248657],[-76.942933701575555,38.983305119849923],[-76.942933560540069,38.983302049482838],[-76.942929551358944,38.983214014313667],[-76.94292922796545,38.983206925296713],[-76.942895765721119,38.983207854019383],[-76.94288985031497,38.983208018117033],[-76.942849906725868,38.983209126299649],[-76.942833284299851,38.983209587867854],[-76.942820335983342,38.983209946787788],[-76.942820026962892,38.983203213198841],[-76.942743373719679,38.983205341580039],[-76.942742946121612,38.983195944022555],[-76.942704845875468,38.983197001928623],[-76.942667262160612,38.983198045170703],[-76.942632987839261,38.983198996238706],[-76.942633360640102,38.983207213689546],[-76.942553208458875,38.983209439830844],[-76.942546764843343,38.983209619290818],[-76.942546968760908,38.983214121151676],[-76.942542314589417,38.983214251731496],[-76.942526824938994,38.983214680480103],[-76.942516212242211,38.983214975855809],[-76.942505179133889,38.983215282404075],[-76.942452749860649,38.983216736239015],[-76.942447703125396,38.983216875896574],[-76.942443914031514,38.983216980639725],[-76.942447017710819,38.983285090188772],[-76.94244777139734,38.983301640286754],[-76.942448362488804,38.983314606075375],[-76.942459792652485,38.983314289751505],[-76.942549019614702,38.983311815023384],[-76.942552029869233,38.983311730530666],[-76.942552276007618,38.983317121303983],[-76.94255673614299,38.983316997008984],[-76.942557149368028,38.983316985138117],[-76.942559829042523,38.983316911119729],[-76.942560030265142,38.983316906231686],[-76.942566189114729,38.983316736548069]]]},"properties":{"BUILDINGID":"031","NAME":"Garrett Hall"}},{"type":"Feature","geometry":{"type":"Polygon","coordinates":[[[-76.947525289233383,38.984568501411161],[-76.947526508247208,38.984602061864045],[-76.947529144802573,38.984602001812497],[-76.947568194567992,38.984601134556179],[-76.947570832021654,38.984601075901153],[-76.947570430474727,38.984590049455441],[-76.947569610312854,38.984567553852877],[-76.947571153618526,38.984567518240915],[-76.947593865723846,38.984567014086835],[-76.947594435255752,38.984582594680546],[-76.947701766864199,38.98458020658277],[-76.947712925736653,38.98457995939372],[-76.947712357103086,38.984564452118235],[-76.947712318475538,38.984563424956619],[-76.94773409453633,38.984562940354159],[-76.947734131367255,38.984563937490002],[-76.947734722458719,38.984580121393336],[-76.947853331517265,38.984577482615045],[-76.947852757493777,38.984561853140953],[-76.947852748510627,38.984561580813953],[-76.947875304309107,38.984561080151217],[-76.947875313292244,38.984561304297294],[-76.947875873840985,38.98457662234118],[-76.947880155211635,38.984576525979307],[-76.947936192119073,38.984575280956307],[-76.947993688788827,38.984574003114403],[-76.947993134528289,38.984558761880145],[-76.947994665257525,38.984558726966405],[-76.948031247350841,38.984557912778421],[-76.94803222112462,38.984584596632637],[-76.948152363607335,38.984581925733885],[-76.948162575655488,38.98458169879477],[-76.948162564875716,38.984581403424791],[-76.948162515468368,38.984580105333009],[-76.94816235017835,38.984575584705603],[-76.948162090565248,38.984568435075133],[-76.94815947556944,38.984496764161513],[-76.94815921865127,38.984489745798783],[-76.948134763814309,38.984490269505137],[-76.948129202344376,38.98449039309979],[-76.948128509743299,38.984471394428326],[-76.94813411073909,38.984471270833588],[-76.948173027553821,38.984470404273949],[-76.948170152944911,38.98439168695765],[-76.948170139470179,38.984391338517867],[-76.94813117234979,38.984392205776757],[-76.948126177716816,38.984392317500948],[-76.948125477030899,38.984373157501331],[-76.948130462680709,38.984373045777104],[-76.948155935308918,38.984372480173342],[-76.948155907461143,38.984371669474605],[-76.948152598067637,38.984281082734206],[-76.948152560338386,38.984280036016756],[-76.948152553151886,38.984279842593978],[-76.948023821876703,38.984282705530326],[-76.948021426968168,38.984282758599399],[-76.948020877199198,38.984282771168395],[-76.948021082015089,38.984288369256042],[-76.948021780006073,38.984307418252577],[-76.948021848278032,38.984309248436347],[-76.94798523833694,38.984310062627195],[-76.947984678686524,38.984294771060142],[-76.947983306959088,38.984294800387808],[-76.947964092893486,38.984295227733348],[-76.947952534270712,38.984295484699274],[-76.947869721279616,38.984297325357474],[-76.94786771174833,38.984297372142045],[-76.947868219296453,38.984311202215039],[-76.947868281280208,38.984312947208899],[-76.947843148215199,38.984313507925222],[-76.947842572395089,38.9842976807805],[-76.94772734549359,38.984300242758756],[-76.947726510958688,38.98430026161224],[-76.947727026591679,38.984314474340401],[-76.947727106541734,38.984316681593398],[-76.947703595834113,38.984317203904453],[-76.947702991267931,38.984300663819766],[-76.9477019725784,38.984300684768073],[-76.947587926063193,38.984303220909993],[-76.947585469170889,38.98430327677216],[-76.947585985702176,38.984317395930596],[-76.94758605577077,38.98431931200215],[-76.947559877965077,38.984319892968387],[-76.947558668832713,38.984286781373932],[-76.947558322981322,38.984277343459915],[-76.94755809840251,38.98427121328406],[-76.947558097504185,38.984271183956444],[-76.947558079537885,38.984270663739871],[-76.947557847772529,38.984264302433679],[-76.947560426835707,38.98426424447667],[-76.947578646466312,38.984263840174123],[-76.947578595262343,38.984262470852222],[-76.94757699626112,38.984218721668007],[-76.947566272173262,38.984218960478991],[-76.947556847947624,38.984219168565751],[-76.947556476943419,38.984209053313215],[-76.94755941443438,38.984208987675068],[-76.947656919371951,38.984206818823978],[-76.947656887930918,38.984205954355915],[-76.947656160295537,38.984186026199957],[-76.947656149515751,38.984185719655876],[-76.947656136041047,38.984185346775355],[-76.947654091475442,38.984129364400644],[-76.947647974846674,38.983961798970249],[-76.947550517519815,38.983963968527149],[-76.947546630509578,38.983964055113908],[-76.94754725483871,38.983981167168665],[-76.947506811786297,38.983982071441424],[-76.947506184762219,38.983964948214378],[-76.947506149727943,38.983964011820532],[-76.947465953712225,38.983964904222759],[-76.947462164618358,38.983964990111232],[-76.947462802422208,38.983982457590315],[-76.947462830269998,38.983983198465516],[-76.947250884456793,38.983987912554319],[-76.947218642124625,38.98398863038625],[-76.947217964794902,38.983970091048498],[-76.947217963896577,38.983970047056822],[-76.947132137057707,38.983971928223745],[-76.94712908907394,38.983971996655228],[-76.947130644057694,38.984014621761467],[-76.947153358857975,38.984014114810336],[-76.947154300292397,38.984039921132108],[-76.947157468650389,38.984126727002085],[-76.947158121725622,38.98414459874455],[-76.947158317558333,38.9841499587302],[-76.947159235636562,38.984175087672625],[-76.947159286840531,38.984176468168641],[-76.947140989954818,38.984176873868272],[-76.947140432999348,38.984176885738997],[-76.947140547085382,38.984180027292524],[-76.947140892936773,38.984189521081781],[-76.947141245076367,38.984199131482171],[-76.947141962830273,38.984218794288871],[-76.947188756971755,38.984217754553242],[-76.947189120789446,38.984217746872204],[-76.947209272696213,38.984217299974397],[-76.947227099763012,38.984216903352603],[-76.947227014423078,38.984214564820228],[-76.94722642602656,38.984198444376609],[-76.947227528259404,38.984198418540352],[-76.947257909282314,38.984197744003801],[-76.947437230979332,38.984193758931234],[-76.947470415644247,38.984193020851357],[-76.947471059736301,38.984210756412892],[-76.947472062256168,38.984210734068029],[-76.947512206169563,38.984209840272378],[-76.947513896798938,38.984256113734936],[-76.947513933629878,38.984257191177001],[-76.94751451843311,38.984273181727666],[-76.947514618146101,38.984275953189965],[-76.947516188401238,38.984318983812017],[-76.947516247690046,38.984320582167577],[-76.947493866164749,38.98432108073721],[-76.947493807774251,38.984319434898865],[-76.947492849271825,38.984293276747323],[-76.947344975796284,38.984296565632135],[-76.94734821601952,38.984385267007141],[-76.947348355258384,38.984389097749897],[-76.947378796468413,38.984388421818629],[-76.947379463916675,38.984406648219235],[-76.947379476493083,38.984406983391679],[-76.947351474209043,38.984407604857203],[-76.947348882569457,38.984407661417571],[-76.94734897689257,38.984410198253954],[-76.947351033136258,38.984466565156261],[-76.947351715855874,38.984485246113849],[-76.947351827246962,38.984488312938247],[-76.947381626161572,38.984487650973456],[-76.947382279236777,38.98450553728857],[-76.947382291813184,38.984505918546695],[-76.947382294508131,38.984505953460413],[-76.94738070987998,38.984505988374174],[-76.947355365710862,38.984506552580356],[-76.947353109142853,38.984506603554415],[-76.94735322143228,38.984509681550257],[-76.947356485011696,38.984599099087404],[-76.947380400859515,38.98459856839915],[-76.947386516589972,38.984598431537464],[-76.947501170366309,38.984595882837176],[-76.947501116467393,38.98459439830652],[-76.947500157066671,38.984568102696535],[-76.947525251504132,38.98456754198223],[-76.947525289233383,38.984568501411161]]]},"properties":{"BUILDINGID":"145","NAME":"Architecture Building"}},{"type":"Feature","geometry":{"type":"Polygon","coordinates":[[[-76.93965880786736,38.981716755853746],[-76.939658813257253,38.981716923446314],[-76.939659039632701,38.981716917859899],[-76.939750506993249,38.981714941663924],[-76.939749941952925,38.981698961009997],[-76.93977427282239,38.981698435886372],[-76.939774925897609,38.981716870375365],[-76.939911334175179,38.981713922840633],[-76.939910823033784,38.981699602051791],[-76.939934697559096,38.981699087402781],[-76.939935221276912,38.981713831362967],[-76.940068213261455,38.981710958546493],[-76.940067625763277,38.981694355005658],[-76.940136403476359,38.981692871810772],[-76.940160396579287,38.981692352273555],[-76.940159774945116,38.981674743172221],[-76.940183874049225,38.981674222936562],[-76.940183747386797,38.981670669273171],[-76.940180227787494,38.981571459912324],[-76.94015772049805,38.981571948026776],[-76.940157067422845,38.98155346671372],[-76.940140833069037,38.981553815865738],[-76.940128135382494,38.981554091695827],[-76.940106389864411,38.981554560257869],[-76.940105660432394,38.981554576318885],[-76.940102861281972,38.981554637071319],[-76.940092289009385,38.981554865416761],[-76.940079320031643,38.98155514473838],[-76.940051814515954,38.981555738296827],[-76.94003417160377,38.981556119570833],[-76.940020588178356,38.981556414255138],[-76.940019928814934,38.98153786171099],[-76.939889398214262,38.981540680066765],[-76.939890018950123,38.981558176076156],[-76.939864751137819,38.981558720054991],[-76.939849661237673,38.981546938268686],[-76.939849071942845,38.981530269747068],[-76.939873552830974,38.981529740432407],[-76.939873296811115,38.981522568846891],[-76.939872907840595,38.981511608260597],[-76.939872140679341,38.981489935679406],[-76.939871254940471,38.981465021560126],[-76.939870232657697,38.981436214380587],[-76.939869838297255,38.981425063143568],[-76.93986923013783,38.98142507780797],[-76.93984609133274,38.981425579191203],[-76.939845493953072,38.981408744444309],[-76.939860874907353,38.981394864224612],[-76.939883762184166,38.98139437191918],[-76.939884425140846,38.981413095585751],[-76.940017099121789,38.981410231834992],[-76.940016486470782,38.981392959945147],[-76.940026905131432,38.981392734392401],[-76.940046104824006,38.981392320297168],[-76.940072888094207,38.981391741401808],[-76.940113836898121,38.98139085595021],[-76.940144418245339,38.981390195353057],[-76.940143812780832,38.981373113397446],[-76.940166821330195,38.981372614108793],[-76.94016569035125,38.981340701524182],[-76.940193799534811,38.981340092601194],[-76.940198694454793,38.981339986458629],[-76.940234053941012,38.981339223210014],[-76.940266674463928,38.981338518619054],[-76.940267826104133,38.981371062473187],[-76.940291561390552,38.981370549218369],[-76.940292205482621,38.981388743575515],[-76.940302892739552,38.981388513134632],[-76.940362417805218,38.981387226855503],[-76.940380878184314,38.981386828122965],[-76.940433524849851,38.98138569058294],[-76.940434244400393,38.981405995215539],[-76.940610382468037,38.981402186657121],[-76.940609704239989,38.981383037719446],[-76.940617793569118,38.981382862444704],[-76.940619309027014,38.981382829624344],[-76.940633271541486,38.981382528654571],[-76.940661423844162,38.981381920430259],[-76.940679002975969,38.981381540551894],[-76.940694383031939,38.981381210253296],[-76.940694445015694,38.981381210253296],[-76.940694484541567,38.981381208856668],[-76.940759922318449,38.981379791295986],[-76.940759296192681,38.981362180021996],[-76.940783376432194,38.981361659784049],[-76.94078333600801,38.981360506182575],[-76.940782196944227,38.981328416921038],[-76.940780809945423,38.981289318741212],[-76.940779817307046,38.981261332699106],[-76.940779767001402,38.981259915834301],[-76.940757347746839,38.981260401157627],[-76.940756670417116,38.981241292683436],[-76.940685388201004,38.981242835243897],[-76.940664586812289,38.981243283557127],[-76.940664256232253,38.981233973725885],[-76.940530904921587,38.98123676625638],[-76.940531263349399,38.981246837241962],[-76.940517973673067,38.981247123547881],[-76.940503485644172,38.981247435691174],[-76.940503091283759,38.981236310261764],[-76.940371710876832,38.981239060195485],[-76.940372054931586,38.981248772250922],[-76.940292362687785,38.981250492879518],[-76.940292347416417,38.981268521768783],[-76.940272478478974,38.981268515484025],[-76.940272901585473,38.981299553123065],[-76.940264753865861,38.981299729096328],[-76.940256951997611,38.981299897388205],[-76.940232721739449,38.9813004211181],[-76.940197611984871,38.981301178780747],[-76.940183455434322,38.981301485337305],[-76.940164251250167,38.981301899433078],[-76.940163596378326,38.981283396402013],[-76.94016355864909,38.981282359416547],[-76.940163124762805,38.981270097847379],[-76.940144912318729,38.981270489597563],[-76.940144289786247,38.981252959299965],[-76.940055944071318,38.981254869169696],[-76.940055276623056,38.98123608470857],[-76.940050365533395,38.981236192247877],[-76.94004833084928,38.981236236241202],[-76.93992404713309,38.981238919835711],[-76.939924644512772,38.981255756019621],[-76.939896533532576,38.981256364943278],[-76.939895900220293,38.98123856998383],[-76.939884732364689,38.981238810899825],[-76.939882325778029,38.981238863272857],[-76.939764877342839,38.98124139882615],[-76.939765494485442,38.981258816000832],[-76.939738426449296,38.981259399785451],[-76.939737673661099,38.98123818242334],[-76.939737170604545,38.981224029132051],[-76.939726081800671,38.981224269349781],[-76.93972147883315,38.981224367811109],[-76.939674377467867,38.981225386641448],[-76.939664035164,38.981217384737633],[-76.939630867567075,38.981219166818043],[-76.939618560647688,38.981229073703943],[-76.939619326910616,38.981254843332316],[-76.939627746819781,38.981259878125705],[-76.939630024947334,38.981324132113521],[-76.939630145321587,38.98132756498736],[-76.939668186278922,38.981326740985914],[-76.939669584057512,38.981366214833685],[-76.939643671254814,38.981366774176706],[-76.939643754798141,38.981369138640495],[-76.939647330991292,38.981469957179264],[-76.939670200301791,38.981469463477723],[-76.93967089739445,38.981489145896788],[-76.939651882754845,38.981489555801673],[-76.939653141294556,38.981524994756207],[-76.939654409715729,38.981560777258615],[-76.939655605373375,38.981594552119923],[-76.939660536225958,38.981594443882841],[-76.939677028396261,38.981594087049658],[-76.939677714709134,38.981613499888958],[-76.939657659820426,38.981613930742213],[-76.939655162503939,38.981613984511611],[-76.939655358336665,38.981619478763079],[-76.93965880786736,38.981716755853746]]]},"properties":{"BUILDINGID":"998","NAME":"South Campus Commons 3"}},{"type":"Feature","geometry":{"type":"Polygon","coordinates":[[[-76.92821700202613,38.983637250105396],[-76.928207026234901,38.983691397781598],[-76.928358874755588,38.983708439375697],[-76.928379827959589,38.983594718341962],[-76.928227696469591,38.983577645297693],[-76.928224429296904,38.983595385901417],[-76.928203007172314,38.983592980313254],[-76.92819529872888,38.983634815889012],[-76.92821700202613,38.983637250105396]]]},"properties":{"BUILDINGID":"196","NAME":"MFRI Structural Firefighting Building"}},{"type":"Feature","geometry":{"type":"Polygon","coordinates":[[[-76.954567089320804,38.991317664415092],[-76.95470691568805,38.991258746827427],[-76.954693246922673,38.991238986132345],[-76.954728387219959,38.991224413122438],[-76.954722558950394,38.991215988536048],[-76.954725313185051,38.991214845568315],[-76.95478529549321,38.991189573199229],[-76.954800504869269,38.991211558401368],[-76.955027315105482,38.991115988214318],[-76.95501229347731,38.991094271793344],[-76.955021882094627,38.991090229855772],[-76.955018411004389,38.991085211122119],[-76.954997715616869,38.991055300495567],[-76.954996401381607,38.9910533992688],[-76.954959147348461,38.990999551868832],[-76.954957522296098,38.990997204483776],[-76.954935853134813,38.990965883433375],[-76.954931464864657,38.990959540184114],[-76.954919475050559,38.990964590346188],[-76.954634367745683,38.991084725167966],[-76.954617730946623,38.991060677413245],[-76.954611175041677,38.991051202000762],[-76.954591780414702,38.991059373854618],[-76.954577348081358,38.991065455266082],[-76.95455641553859,38.991074275057315],[-76.954560760689631,38.991080556853809],[-76.954573541021162,38.991099033585122],[-76.954549567681184,38.9911091366818],[-76.954536853824962,38.991090760495396],[-76.954529395113155,38.991093903836706],[-76.954527299343596,38.991094787072278],[-76.954487936066158,38.991111373047772],[-76.954485595056539,38.991112360316414],[-76.954483154333928,38.991113388779404],[-76.95448520698433,38.99111635547267],[-76.954487477027058,38.991119639851192],[-76.954496668589059,38.991132924686056],[-76.954471454675655,38.991143548642192],[-76.954453158688253,38.991117103255313],[-76.954444524980062,38.991120740927911],[-76.954440178032414,38.991122573728312],[-76.954398275217656,38.991140232147103],[-76.954419670392781,38.991171156537519],[-76.954432374367528,38.99118951804072],[-76.954429763863317,38.991190619116296],[-76.95443512950051,38.991198374123343],[-76.95441011680974,38.991208917775623],[-76.954408504333813,38.991209597132809],[-76.954466073767108,38.991292808214659],[-76.954494399444627,38.991280873744337],[-76.954515986859235,38.991312075960039],[-76.954552562664333,38.991296665115541],[-76.954567089320804,38.991317664415092]]]},"properties":{"BUILDINGID":"166","NAME":"Golf Course Club House"}},{"type":"Feature","geometry":{"type":"Polygon","coordinates":[[[-76.941295339787331,38.999666699110676],[-76.941326103492557,38.999669005018752],[-76.941443206974682,38.99967778603903],[-76.94144420230802,38.999668343894079],[-76.941444333462059,38.999667104721524],[-76.94144303449815,38.999667078192722],[-76.941442087673849,38.999667060041475],[-76.94144243442355,38.99966327759806],[-76.941443959762893,38.999646644758037],[-76.941444308309229,38.99964284555854],[-76.941445902818856,38.999625447567851],[-76.941439112453608,38.999624919086621],[-76.941420614345276,38.99962347955119],[-76.941358544352425,38.99961864502982],[-76.941353664703811,38.999618265947461],[-76.941352781659873,38.99961819613489],[-76.941302964687466,38.999614317347479],[-76.941302575716961,38.999618146567947],[-76.94130252900456,38.999618749748706],[-76.941302356528041,38.999620507629544],[-76.941298768656779,38.999657100584137],[-76.941296472562911,38.999657032865962],[-76.941295339787331,38.999666699110676]]]},"properties":{"BUILDINGID":"799","NAME":"LEAFHouse"}},{"type":"Feature","geometry":{"type":"Polygon","coordinates":[[[-76.9388464128469,38.992764264182789],[-76.938848713432336,38.993024710818702],[-76.938853747591196,38.993024692665749],[-76.938853901203117,38.993024691967541],[-76.938955385677374,38.993024324719094],[-76.938979797395234,38.993024236747061],[-76.939038639741284,38.993024023100659],[-76.939100759141496,38.993023798981326],[-76.939100738480263,38.993021207296607],[-76.939100366577719,38.992972355557264],[-76.939099535636089,38.992863396416901],[-76.939099250870143,38.992826010292944],[-76.939099129597594,38.992810022372524],[-76.939098756796739,38.992761217964542],[-76.939032996524659,38.992762011112369],[-76.938944838557632,38.992763075159282],[-76.9388464128469,38.992764264182789]]]},"properties":{"BUILDINGID":"382","NAME":"Neutral Buoyancy Research Facility"}},{"type":"Feature","geometry":{"type":"Polygon","coordinates":[[[-76.94433077587847,38.981711969688526],[-76.94433076689532,38.981725978333678],[-76.944330741742476,38.98175984319716],[-76.944363567979607,38.981759858559812],[-76.944363537436885,38.981798756067214],[-76.944396371758828,38.981798771429844],[-76.944396364572313,38.981807924068953],[-76.944429786392462,38.981807940129904],[-76.944508935155511,38.981807977838201],[-76.94450894234204,38.9817988251991],[-76.944527707250003,38.981798834277022],[-76.944560537080378,38.981798849639652],[-76.944560529893849,38.981808002278754],[-76.944673100477061,38.981808055349688],[-76.944673114850104,38.981792495094354],[-76.944690703863358,38.981792506267212],[-76.944695393069139,38.981792508362098],[-76.944697449312827,38.981792509758726],[-76.944731182848386,38.981766213107989],[-76.944731190933211,38.981749668935798],[-76.944731191831522,38.981747218593611],[-76.944751127244317,38.981747228369798],[-76.94475119461795,38.981659366541315],[-76.944739468908566,38.981659360954907],[-76.944739499451288,38.981619089808099],[-76.944751226058997,38.981619095394521],[-76.944751294330956,38.981531233406969],[-76.944739568621557,38.981531227820554],[-76.944739599164265,38.981490956600872],[-76.944751324873678,38.981490962187301],[-76.944751394043948,38.981403100739108],[-76.944731459529493,38.981403089566186],[-76.944731479292429,38.98138360264884],[-76.94469826857636,38.981357773012938],[-76.944673451718344,38.981357757650208],[-76.944673464294752,38.98134220008918],[-76.944560891016607,38.981342146319633],[-76.944560884728375,38.981351296922817],[-76.944509290888348,38.981351272482108],[-76.944509297176566,38.981342120482282],[-76.944396727491693,38.981342066712728],[-76.944396720305164,38.981351219410882],[-76.94429353262511,38.981351168434507],[-76.94429351465881,38.981374966701139],[-76.944281788051086,38.981374959019803],[-76.944281719779127,38.981462823994441],[-76.944293445488526,38.981462829580877],[-76.944293426623901,38.981486626413393],[-76.944376606127648,38.981486651552373],[-76.944376757044608,38.981486651552373],[-76.944379610093961,38.981486652250638],[-76.944396613405644,38.981486677389618],[-76.944396608914076,38.98149466599525],[-76.944396606219115,38.981495370584646],[-76.944509178598963,38.981495423655815],[-76.944509184887167,38.981486271674569],[-76.944553345168217,38.981486293322021],[-76.944566635742845,38.981496614963497],[-76.94456660879338,38.981531146118968],[-76.944554880389035,38.981531140532546],[-76.944554813913697,38.981619002520155],[-76.944566540521421,38.98161900810657],[-76.94456652165681,38.981642460623121],[-76.944573953419138,38.981648265617288],[-76.944546584447394,38.981669634388219],[-76.944539172447975,38.981663842663572],[-76.944509047444939,38.981663825205963],[-76.944509053733114,38.981654673944853],[-76.944405308199279,38.981654623667012],[-76.94439648314993,38.981654619477233],[-76.944396475963401,38.981663774229865],[-76.944378887848444,38.981663766548557],[-76.944364817536169,38.981663759565514],[-76.944364812146262,38.981670164400157],[-76.944358574244944,38.981670161606949],[-76.944356741681759,38.981670160210314],[-76.944348394536149,38.981670156718799],[-76.944343708025301,38.981670154623906],[-76.944330801929624,38.981670149037484],[-76.944330798336352,38.981675728477597],[-76.944330797438042,38.981679683664886],[-76.944330797438042,38.98167984986096],[-76.94433077587847,38.981711969688526]]]},"properties":{"BUILDINGID":"981","NAME":"South Campus Commons 7"}},{"type":"Feature","geometry":{"type":"Polygon","coordinates":[[[-76.941048851056536,38.979053023341983],[-76.941067730948873,38.979061547840239],[-76.941099547479595,38.979075915252345],[-76.941116381908017,38.979053201415802],[-76.941130829512744,38.979033707566686],[-76.941136797021159,38.979025660023751],[-76.941143356519362,38.979016807306529],[-76.941152833745633,38.979004022994765],[-76.941154657325654,38.979001562082601],[-76.941059784451866,38.978958721665975],[-76.941048091081811,38.978953442991859],[-76.941041967266514,38.978950676907829],[-76.941025440960232,38.978943214555862],[-76.941000423777879,38.978931918371906],[-76.940997424303148,38.978930564310197],[-76.94098733442587,38.978926007707194],[-76.94098421367859,38.978924599175585],[-76.94096027986447,38.978913791121457],[-76.940954488425845,38.978911177271812],[-76.940901141074363,38.978986326631961],[-76.941048851056536,38.979053023341983]]]},"properties":{"BUILDINGID":"268","NAME":"Graduate Gardens Apartment 4314"}},{"type":"Feature","geometry":{"type":"Polygon","coordinates":[[[-76.945794133272926,38.983266270653679],[-76.945917607607043,38.983263735871148],[-76.945930516397695,38.983263470522047],[-76.945932153128126,38.983263437004268],[-76.945937534036688,38.983263327373145],[-76.94599304542966,38.983262187070125],[-76.946002585537997,38.983261991549725],[-76.946003255681191,38.983261977583958],[-76.946005076566266,38.983261939876485],[-76.946014684946547,38.983261742261185],[-76.946022165217911,38.983261590034544],[-76.946047874103044,38.983261061431115],[-76.946091107322715,38.983260172511514],[-76.946095397676501,38.983260083829038],[-76.946094302630186,38.983227604387366],[-76.946155258712096,38.983226353056054],[-76.946166394228356,38.983226124017762],[-76.94616611754725,38.983217889810241],[-76.946199524994356,38.983217204091758],[-76.946199879828896,38.983227725191135],[-76.946212774246476,38.983227460540149],[-76.946212352038302,38.983214936751708],[-76.946212343953462,38.983214681876703],[-76.946212274783178,38.983212638686929],[-76.946212162493779,38.983209288302447],[-76.94621210230666,38.98320750347893],[-76.946210347896894,38.983155494987912],[-76.94621032364239,38.983154724775972],[-76.94621027154011,38.983153231835644],[-76.946210184403526,38.983150728472054],[-76.946210143081018,38.983149480630829],[-76.946210031689915,38.983146193089325],[-76.946206972926376,38.983055395992373],[-76.946204995734433,38.982996740369032],[-76.946201115910725,38.982881579712696],[-76.946200878755491,38.982874562586396],[-76.946200320003371,38.982857971189432],[-76.946200006491352,38.98284868251924],[-76.946198130809023,38.982848721623547],[-76.946193246668827,38.982848822177473],[-76.946182278239206,38.98284904772558],[-76.946127328293272,38.982850175465998],[-76.946127354344426,38.982850949172729],[-76.946127355242737,38.982850977104377],[-76.946127356141062,38.982851004337732],[-76.946123436791467,38.982851083942926],[-76.946122557340814,38.982825022311395],[-76.946122434271615,38.982821375832927],[-76.946122308507469,38.982817632291763],[-76.94600940824256,38.982819951318156],[-76.94600971905966,38.982829158291977],[-76.945989388388142,38.982829574473719],[-76.945989252742535,38.982825543236899],[-76.945978702029535,38.982825761103854],[-76.94598290434844,38.98295040812517],[-76.945983982326766,38.98298239400296],[-76.945987584571057,38.983089258125112],[-76.945788305003376,38.983093349399738],[-76.94578867510927,38.983104329293262],[-76.945646834719184,38.983107240459098],[-76.945646904787765,38.983109299712567],[-76.945613497340659,38.983109986130351],[-76.945613426373754,38.983107927575197],[-76.945567906043365,38.983108861187219],[-76.945567712007261,38.98310886537697],[-76.945563304872465,38.983108955456224],[-76.945563251871874,38.983108956154531],[-76.945563197074634,38.983108958249382],[-76.945557074157676,38.983109082544743],[-76.945553046111925,38.983109164942846],[-76.945552901483168,38.983109167736004],[-76.945547127112519,38.983109286445078],[-76.945546903432003,38.983109291333065],[-76.945542507077022,38.983109381412326],[-76.945542462161256,38.983109382808927],[-76.945542270820098,38.983109386300384],[-76.945167743415212,38.983117063286166],[-76.945154758267762,38.983117329334114],[-76.945150369099309,38.983117419413368],[-76.945114054703936,38.983118163789065],[-76.945114264011394,38.983124344341512],[-76.945114332283367,38.983126411973934],[-76.945116385832108,38.983126369378333],[-76.945116688564354,38.983135375903508],[-76.945108005448816,38.98313555396706],[-76.945108445623305,38.98314858682177],[-76.945109124749663,38.983168786205574],[-76.945110496477099,38.983209491504176],[-76.94514046337666,38.983208876312681],[-76.945140565784612,38.983211936209464],[-76.945139502179316,38.983211958554691],[-76.945140020507225,38.983227332753543],[-76.945140767905542,38.983249469163944],[-76.945376972722983,38.983244620256507],[-76.945377311387844,38.983254684671891],[-76.94537320788362,38.983254769164688],[-76.945373454920329,38.983262088611632],[-76.945380185098429,38.983261950350759],[-76.945434111863264,38.983260844263803],[-76.945438192011281,38.983260760469328],[-76.945480066079938,38.983259899481212],[-76.945480362523966,38.983259893894868],[-76.945623140755231,38.983256963881594],[-76.945622570325014,38.983240037396222],[-76.945793130753074,38.983236535484643],[-76.945794133272926,38.983266270653679]]]},"properties":{"BUILDINGID":"425","NAME":"Prince Frederick Hall"}},{"type":"Feature","geometry":{"type":"Polygon","coordinates":[[[-76.936959444998749,38.994976144973357],[-76.936959542016794,38.994977473594041],[-76.936963907829082,38.994977414249433],[-76.936970262511409,38.994977327676139],[-76.936984408282171,38.994977136377088],[-76.936989248404913,38.994977070748995],[-76.937000021900133,38.994976924132956],[-76.937006690992803,38.994976834068801],[-76.937010554646832,38.994976782404109],[-76.937013280135417,38.994976745401004],[-76.937018265785227,38.994976676980173],[-76.93701939586586,38.994976661620392],[-76.937019452459737,38.994976660922212],[-76.937018022341775,38.994972264535171],[-76.937017371961517,38.994970263575034],[-76.937016655105936,38.994968056654187],[-76.93701976687008,38.994967521854626],[-76.93702624013001,38.994966409667029],[-76.937025627479002,38.994965086631559],[-76.937025426256369,38.994964657255885],[-76.937020298672735,38.994953382478982],[-76.937004155048754,38.994913684414392],[-76.936992074307582,38.994878009663687],[-76.936982067272538,38.994841698626871],[-76.936971017096241,38.994785962757049],[-76.936968414676855,38.994766943809182],[-76.936968010434967,38.994763542306657],[-76.936966189549892,38.994745535704951],[-76.93696616709201,38.994745265511646],[-76.936965444846535,38.994736115243413],[-76.936964825008985,38.994736128508684],[-76.9369608706251,38.994736216478643],[-76.936957177650967,38.99473629816498],[-76.936957758860956,38.99474294827229],[-76.936958102017385,38.99474686921716],[-76.9369536706281,38.994747131032383],[-76.9368998687291,38.994750305629147],[-76.936899441131033,38.994740849561332],[-76.93689642907988,38.994674329607456],[-76.936896274569648,38.99467093578042],[-76.936953243928343,38.994671116607719],[-76.936953851189486,38.994684128487833],[-76.936955904738213,38.994684107542611],[-76.936957457925345,38.994684091484579],[-76.936961114068552,38.994684055877698],[-76.936962460353257,38.994648343100607],[-76.936965736798996,38.994612755464651],[-76.936972222200211,38.99457016248909],[-76.936981422282173,38.994528072341929],[-76.936989538560766,38.994498664461041],[-76.937002299129375,38.994460212386876],[-76.93700265216728,38.994459259375589],[-76.937006548160682,38.994448846068444],[-76.936997264072218,38.99444712506245],[-76.936993912457879,38.994454725415586],[-76.936991725958478,38.99445968316887],[-76.936991654093248,38.994459846542249],[-76.936988074306853,38.994459931719796],[-76.936971631543898,38.994460322000599],[-76.936769526774626,38.994465116380198],[-76.936769720810744,38.994471194008135],[-76.936771689019523,38.99453284297897],[-76.936771744715088,38.994534585626276],[-76.936782458023146,38.994534598193454],[-76.936810455815632,38.99453462751687],[-76.936812381803577,38.994539542675845],[-76.93681361608877,38.99454367517933],[-76.936816848227181,38.994554487130898],[-76.936823953002758,38.994581255885031],[-76.936829966325263,38.994608186605696],[-76.936834882804831,38.994635253460252],[-76.936838697051527,38.994662429219737],[-76.936839234244047,38.994667844262949],[-76.936840204424556,38.994677598461031],[-76.936841406370419,38.994689685258813],[-76.936842116039486,38.994701801377843],[-76.936842686469689,38.994711560458477],[-76.936843005371614,38.99471699434865],[-76.936843494055125,38.994744328562213],[-76.936842868827682,38.994771661368851],[-76.936842525671253,38.99477706383658],[-76.936841904037067,38.994786869684475],[-76.936841903138756,38.994786896215111],[-76.936841136875813,38.994798966238044],[-76.936839877437805,38.994811054411414],[-76.936838862341546,38.994820776473809],[-76.936838295504586,38.994826214544652],[-76.936834347408904,38.994853377663645],[-76.936837714294583,38.994917537627082],[-76.936856384879462,38.994916501539471],[-76.936857634436024,38.994964473636713],[-76.936958517039045,38.994963335616745],[-76.936959444998749,38.994976144973357]]]},"properties":{"BUILDINGID":"414","NAME":"Field Hockey & Lacrosse Complex"}},{"type":"Feature","geometry":{"type":"Polygon","coordinates":[[[-76.942427662609717,38.979153833307166],[-76.942446661079657,38.979162435307707],[-76.942499649105002,38.97908944327083],[-76.942289145986166,38.978994133255796],[-76.942236731984281,38.979067383074181],[-76.942266238048106,38.979080742098809],[-76.942274433378444,38.979084453016085],[-76.942276358468106,38.979085325228269],[-76.942328011596942,38.979108712941205],[-76.94233185548805,38.979110453175011],[-76.942334304295485,38.97911156281846],[-76.942340817081316,38.979114510461521],[-76.94234422888276,38.979116055163345],[-76.942348009891788,38.979117767463798],[-76.942348348556649,38.979117921095977],[-76.942353313545226,38.979120169014081],[-76.942415209264936,38.979148195707182],[-76.942427662609717,38.979153833307166]]]},"properties":{"BUILDINGID":"262","NAME":"Graduate Gardens Apartment 4305"}},{"type":"Feature","geometry":{"type":"Polygon","coordinates":[[[-76.945962081400154,38.990557408440154],[-76.946001914496478,38.990579418974363],[-76.946098152809483,38.990500053524848],[-76.946105030311301,38.990494381917529],[-76.946115240562818,38.990485962131743],[-76.946116770393743,38.99048470115374],[-76.946125864039359,38.990477201615576],[-76.946151955606794,38.990455685386628],[-76.946206929807232,38.99039508647347],[-76.946206760923957,38.990394989421347],[-76.946211554334326,38.99038998809381],[-76.946217705997384,38.990383207010915],[-76.946195265183277,38.990370807374624],[-76.946187536976893,38.990366537776943],[-76.946162550337263,38.990352734022807],[-76.946128079284861,38.990333688049439],[-76.946115238766183,38.990347844407076],[-76.946112988486405,38.990350323776724],[-76.945937459476511,38.990543803714615],[-76.945962081400154,38.990557408440154]]]},"properties":{"BUILDINGID":"370","NAME":"Maryland Stadium Concessions"}},{"type":"Feature","geometry":{"type":"Polygon","coordinates":[[[-76.942128122971482,38.999617616690387],[-76.942158243482965,38.999649001629955],[-76.942183106155071,38.999634477824365],[-76.942183145680943,38.999634453389973],[-76.942183193291655,38.999634426163077],[-76.942184103285044,38.999633894191277],[-76.942185511843405,38.999633071799209],[-76.942190369034165,38.999630187841795],[-76.942190170506478,38.999629981196556],[-76.942160271878876,38.999598830120796],[-76.942128122971482,38.999617616690387]]]},"properties":{"BUILDINGID":"298","NAME":"Paint Branch Gate"}},{"type":"Feature","geometry":{"type":"Polygon","coordinates":[[[-76.941541903078317,38.978753330045421],[-76.941578931634325,38.978770043215683],[-76.94163027574271,38.978697171585736],[-76.941424315404262,38.978604203252146],[-76.941370988714041,38.978676183207227],[-76.941398523874142,38.978688611428645],[-76.941436589085981,38.978705792496683],[-76.941436719341709,38.97870585185494],[-76.941438619278514,38.978706710105158],[-76.941440802184673,38.978707694753496],[-76.941456458023438,38.978714761874308],[-76.941476569506023,38.978723838793911],[-76.941541903078317,38.978753330045421]]]},"properties":{"BUILDINGID":"269","NAME":"Graduate Gardens Apartment 4315"}},{"type":"Feature","geometry":{"type":"Polygon","coordinates":[[[-76.955915682446147,39.00182933632594],[-76.955915978890175,39.001861946852692],[-76.955956451586999,39.001861723459463],[-76.955974320874631,39.001861625724949],[-76.956045013795901,39.001861234786851],[-76.956063942197261,39.001861130769413],[-76.956120589060774,39.001860818717063],[-76.956120291718392,39.001828206793611],[-76.955915682446147,39.00182933632594]]]},"properties":{"BUILDINGID":"220","NAME":"Astronomy Trailer"}},{"type":"Feature","geometry":{"type":"Polygon","coordinates":[[[-76.947874208364453,38.991795600671608],[-76.947880748998045,38.991812180897263],[-76.947951607209333,38.991795441481322],[-76.947950774471067,38.991792948896411],[-76.947949617440983,38.991789480223517],[-76.947977321484345,38.991784272326363],[-76.94797925825209,38.991783863179307],[-76.948070822630697,38.991764536215172],[-76.948074453621075,38.99176376958787],[-76.948102456803426,38.991756771495297],[-76.94812292042559,38.991751658551465],[-76.948137992359435,38.991747891743643],[-76.948155036993626,38.991742849317717],[-76.948230195440189,38.991720615021862],[-76.94823852911108,38.991717676282072],[-76.948254997026879,38.991711868622566],[-76.948258854392719,38.991710509219608],[-76.948279236268192,38.991703320512144],[-76.948297600527525,38.991696844670201],[-76.948304852626833,38.991694287847054],[-76.948308756705046,38.991692910988675],[-76.948338312176233,38.991682488197824],[-76.948340886747815,38.991681579135971],[-76.94834690905347,38.991679097718354],[-76.948355557134718,38.991675534084052],[-76.948399904265358,38.991657265568193],[-76.948413873966345,38.991651508872636],[-76.948431245587287,38.991644352276552],[-76.948498109888845,38.991612988223842],[-76.948516755320895,38.991604241113087],[-76.948542576495399,38.991590487172857],[-76.948558389539357,38.991582062630094],[-76.948593129188012,38.991563556700278],[-76.948603543357109,38.991557242130973],[-76.948677970575034,38.991512108723718],[-76.948686726454113,38.991506799566366],[-76.948695116718866,38.991501055426269],[-76.948766874143772,38.991451917769375],[-76.948767849714159,38.991451248887635],[-76.948769988602848,38.991449572493977],[-76.948862861826811,38.991376790717652],[-76.948885996140319,38.991392665154152],[-76.948890701515779,38.99139589436151],[-76.948922416536888,38.991367399132372],[-76.948926511057934,38.991363718881814],[-76.948927738156627,38.991362617808875],[-76.948936946786603,38.991354343353578],[-76.948938526024875,38.991352925294322],[-76.948933311304657,38.991349326035035],[-76.948928690370835,38.991346138019821],[-76.948924959667451,38.991343561634181],[-76.948909654171644,38.991332995659292],[-76.948969191813731,38.991272227134509],[-76.948976328928651,38.991264942727938],[-76.948982114079087,38.991258326506021],[-76.949030382355943,38.99120312403852],[-76.949047593178463,38.991211584933282],[-76.949058075619504,38.991216739110477],[-76.949063476291002,38.991219393700085],[-76.949064417725424,38.991218222105829],[-76.94910210564484,38.991171368793118],[-76.949089199549164,38.991164539608668],[-76.949085613474551,38.991162641875832],[-76.949084775346392,38.99116219711653],[-76.949071152395106,38.991154987407057],[-76.949110344992647,38.991100115810433],[-76.949114850942095,38.991093807483715],[-76.949116892812754,38.991090451886556],[-76.949118352575084,38.991088055629831],[-76.949170148536041,38.991002924227374],[-76.949182655779751,38.990979791101374],[-76.94918626251561,38.99097270705137],[-76.949198585604677,38.99094849936818],[-76.949199296172083,38.990947102945356],[-76.949201317381466,38.99094282849498],[-76.949201334449441,38.990942792886223],[-76.949201351517445,38.99094275657923],[-76.949214898111919,38.990914104070015],[-76.949226569024091,38.990887412128565],[-76.949229452616166,38.990880816119486],[-76.949229966452492,38.990879536296788],[-76.949237505114368,38.990860798376794],[-76.949242951599942,38.990847257945113],[-76.949244603601727,38.99084223919423],[-76.949272525935712,38.990757419597479],[-76.949272689429094,38.990756925960653],[-76.949272851125855,38.990756289190166],[-76.949289542722155,38.990690790469117],[-76.94930140946704,38.990629235203308],[-76.949302837788338,38.990621822957316],[-76.949303609441188,38.990615250662813],[-76.949310014429145,38.990560664916003],[-76.949313981389452,38.990496764230024],[-76.949314793466471,38.990438089636548],[-76.949314920128913,38.99042890110772],[-76.949314521276932,38.990421757654097],[-76.949312371608457,38.990383215389507],[-76.949311133730006,38.990354837053168],[-76.949315785206551,38.990354814012022],[-76.949317315037476,38.990297511298877],[-76.949264252451954,38.990297468707602],[-76.949262356108392,38.990297477784431],[-76.94919552953607,38.990297437986015],[-76.949191625457857,38.990297431702054],[-76.949049686253076,38.990297208970603],[-76.949009607916679,38.99029715450957],[-76.949009774105008,38.9903004026188],[-76.949010375077947,38.990312194119838],[-76.949039682614071,38.990312832989055],[-76.949049573963663,38.990383078539004],[-76.948967277503854,38.990388570015284],[-76.948958292554394,38.990389169783633],[-76.948946835441262,38.990389564276143],[-76.948914207731818,38.990390688405355],[-76.948841696620391,38.990393130768069],[-76.948841683145659,38.990400797887148],[-76.948834635862269,38.990400874690991],[-76.948834558607146,38.990407623654256],[-76.948824736427838,38.990407926680291],[-76.948827183438652,38.990483012867486],[-76.94882169922387,38.99055506243684],[-76.948819801083673,38.990565919683569],[-76.948809100352008,38.990627146145371],[-76.948789722792995,38.990697646929661],[-76.94877383968047,38.990739909802606],[-76.948762909878397,38.990769000161983],[-76.948732165936121,38.990835291281861],[-76.948698815981203,38.990887268296902],[-76.94865416971156,38.990956850674173],[-76.948663409782597,38.990961151655767],[-76.948661995834343,38.990963540236493],[-76.948660448935414,38.990966153641125],[-76.948666126288003,38.99096888574158],[-76.948661367911939,38.990976348222461],[-76.948727039250798,38.991006626839457],[-76.948752278317016,38.991018698205345],[-76.948829802926028,38.991055776675026],[-76.948779050807431,38.991118430552],[-76.948730939735754,38.991169501083498],[-76.948668008258522,38.991227606728806],[-76.948605434310792,38.99118264626722],[-76.948523000408741,38.991123417165618],[-76.948519236467703,38.991125568349588],[-76.948514486176464,38.99112164999692],[-76.94850585606153,38.991127743970814],[-76.948503317422549,38.991129536274926],[-76.948495908118076,38.991125143838111],[-76.948428662032541,38.991175735393298],[-76.948395523181716,38.991198574509312],[-76.948360019965051,38.991223043935186],[-76.948282536678533,38.991267473732862],[-76.948204957272281,38.991306483315263],[-76.948121978092871,38.99134105087996],[-76.948051080355697,38.991366380447992],[-76.948035914997064,38.991371797139792],[-76.947948199899457,38.991395500572757],[-76.947872332682138,38.99141251447859],[-76.947874635962549,38.991419657133946],[-76.947874754540166,38.991420028579924],[-76.947866403801271,38.991422289373361],[-76.947868286670101,38.991427757029946],[-76.947858950479358,38.99142986212302],[-76.947906736360892,38.991583031738799],[-76.947841183599664,38.99159661741303],[-76.947822978342117,38.991600124496685],[-76.94781918924825,38.991600865990371],[-76.94781027436737,38.991578673542193],[-76.947796526550263,38.991582536711348],[-76.947797696156755,38.991585750549582],[-76.94779200083785,38.991587350137451],[-76.947792562284917,38.991588769588382],[-76.947800851938368,38.991609760422818],[-76.947845275425792,38.991722204831802],[-76.947866359783816,38.991775686521706],[-76.947874208364453,38.991795600671608]]]},"properties":{"BUILDINGID":"218","NAME":"Stadium Drive Parking Garage"}},{"type":"Feature","geometry":{"type":"Polygon","coordinates":[[[-76.940447493652513,38.996174112228523],[-76.940464207706697,38.996172428965082],[-76.940468313905868,38.996179424526552],[-76.940480685503957,38.996201433312393],[-76.940497077961254,38.996228438817653],[-76.9405144666502,38.996255058928867],[-76.940532838096075,38.996281274796154],[-76.94053760545529,38.996280788877627],[-76.940537037720034,38.996276497993549],[-76.940658617507225,38.996262547382379],[-76.940659756571009,38.996268342101637],[-76.94065980148676,38.996268569701449],[-76.940665661197357,38.996267741684953],[-76.94064698791756,38.996153857910407],[-76.940611187358542,38.995960229939236],[-76.940671529891119,38.995958061448135],[-76.940675340544558,38.995957924608412],[-76.94067625323288,38.995968602995035],[-76.940763647631925,38.995967895757047],[-76.940763024201118,38.99602276776853],[-76.940762803215563,38.99604234420967],[-76.940763900058528,38.996042345606014],[-76.940766010201131,38.99604234839866],[-76.940768258684272,38.996042349794998],[-76.940769813668027,38.99604235049312],[-76.940947267767584,38.996042499201465],[-76.940951180828947,38.996042501994104],[-76.941043036261689,38.99604257879183],[-76.94104306500779,38.996045499897967],[-76.941043714489737,38.996057796608596],[-76.941044236410917,38.996067686756469],[-76.941145153149947,38.996066046776527],[-76.941146184415871,38.996042614398029],[-76.941168208411696,38.996042619983356],[-76.941168568636144,38.996042621379651],[-76.941168618941788,38.996042620681479],[-76.941170124518209,38.996008336772221],[-76.941295778165212,38.996009146639558],[-76.941299240272301,38.996009165489923],[-76.941505592276229,38.996010189692761],[-76.94150672595012,38.996010194579924],[-76.941507706910386,38.99601019946703],[-76.941508934009079,38.996010207146831],[-76.941520613006091,38.996010264396062],[-76.941846341229791,38.996011882036164],[-76.94184490662029,38.996043996058937],[-76.941949062684216,38.996042946024616],[-76.941949132752811,38.996040849446679],[-76.941950108323212,38.996011820597957],[-76.942124841425752,38.996013464069968],[-76.942124730034664,38.995968723078875],[-76.942136062281961,38.995968766364918],[-76.942170841456502,38.995968897619328],[-76.942191868322368,38.995968978606079],[-76.942191775795877,38.995962105202182],[-76.942219007325406,38.995961759612044],[-76.942219014511934,38.995961543181821],[-76.942219589433719,38.995837445486316],[-76.942195220835004,38.9958370663837],[-76.942195255869294,38.995830491082685],[-76.942252187498752,38.99583071030596],[-76.942252670792371,38.995627539626888],[-76.942252732776126,38.995601358425716],[-76.942343060174565,38.99560080966765],[-76.942343177853871,38.995464559048479],[-76.942343228159515,38.995406881367551],[-76.942343247024155,38.995384954718382],[-76.942343286550027,38.995339844697178],[-76.942252033886831,38.995339796523595],[-76.942252055446403,38.995315788613915],[-76.942252238702721,38.995103790885025],[-76.942252239601032,38.995102726873363],[-76.942190839751362,38.995102694059312],[-76.942190846039566,38.995094394907134],[-76.942219029783288,38.995094408870528],[-76.942219125903023,38.994979146413257],[-76.942191724591922,38.994979131053483],[-76.942191729981815,38.994972820978013],[-76.942191729981815,38.994972538218477],[-76.942124456048504,38.994972147940494],[-76.942124933053904,38.994929634856447],[-76.942124955511801,38.994927675785476],[-76.941953386275671,38.994929391194411],[-76.941953409631893,38.994900378645866],[-76.941953413225136,38.994896003897431],[-76.941840392585988,38.994895944552752],[-76.941841615193084,38.994923679447993],[-76.941719663503378,38.994928959724014],[-76.941720294120699,38.994920988692385],[-76.941297255893858,38.994921344062021],[-76.941297218164593,38.9949284870615],[-76.941168972878017,38.99492910913289],[-76.941169946651783,38.994895802125555],[-76.941067028466293,38.994896063940239],[-76.941067026669685,38.994901420319096],[-76.941067027567996,38.99492923899286],[-76.940891692594207,38.994927942487209],[-76.940819984576663,38.994927411876404],[-76.940765868267306,38.994927012521941],[-76.940766710887047,38.994898088640312],[-76.940767490624708,38.994871326987763],[-76.940769000692697,38.994819442962999],[-76.940767363962252,38.994819446453867],[-76.940766988466464,38.994819447152061],[-76.940765234056727,38.994819452737431],[-76.940487368969656,38.994820193499201],[-76.94048537740467,38.994820197688263],[-76.940484376681439,38.994820200480952],[-76.940509448661032,38.99499025781391],[-76.940463653446173,38.994995283252372],[-76.940463138711507,38.994987912655766],[-76.940454690954567,38.994987925222858],[-76.940454888583943,38.994996217405792],[-76.940454888583943,38.994996259994245],[-76.940454889482254,38.994996301186383],[-76.940436411136858,38.994998458536173],[-76.940427059674747,38.994999563741544],[-76.940427048894961,38.994999257942482],[-76.940425422045976,38.994981808541652],[-76.940424653088101,38.994973544982031],[-76.940375353545306,38.994978238790161],[-76.940378364698148,38.995004578706755],[-76.94037836739308,38.995004624786063],[-76.940352114128913,38.995007623432066],[-76.940352047653576,38.995002505137727],[-76.940346276876198,38.995002614750625],[-76.940345809752245,38.995002625223208],[-76.940342894719151,38.995010744956105],[-76.940341509516983,38.995014600258067],[-76.940330391967024,38.995047383581188],[-76.940328845068095,38.99505195031729],[-76.940328741761846,38.995052270777755],[-76.940319122601778,38.99508346225452],[-76.940317256800938,38.995089513298886],[-76.940315120607195,38.995097193174409],[-76.940313363502497,38.995103506729698],[-76.940311364750997,38.995110692997294],[-76.940309500746764,38.99511739822487],[-76.940306755495271,38.995127269653629],[-76.940302531616808,38.995144279869606],[-76.940299220426667,38.995157616311751],[-76.940297338456162,38.995165199832485],[-76.940296111357469,38.99517081451377],[-76.9402890191583,38.995203286381006],[-76.940287541429655,38.995211106576249],[-76.940284839297291,38.995225395308651],[-76.940282888156489,38.995235712852356],[-76.940281792211834,38.995241508353828],[-76.940280048581869,38.995252435396694],[-76.940279735968161,38.99525438538253],[-76.940277914184762,38.995265794159863],[-76.940277724640225,38.995266976857799],[-76.940275704329153,38.995279626278872],[-76.940275670193174,38.995279844805623],[-76.940270652203992,38.995318283867412],[-76.940270444693169,38.995320321122499],[-76.940269031643226,38.9953342300293],[-76.940266739142615,38.995356798310489],[-76.940265803996411,38.995369655071315],[-76.94026541412758,38.99537503026486],[-76.940264868850193,38.995382538360211],[-76.940264363098692,38.995389506771197],[-76.94026393729726,38.995395370680491],[-76.940262423636,38.995429846882672],[-76.940262242176317,38.995433983523135],[-76.94026207778461,38.995444904252764],[-76.940261808290032,38.995462743814684],[-76.940261659169693,38.995472617289749],[-76.940261759781009,38.995479872638391],[-76.940261820866439,38.995484275277406],[-76.940261837036132,38.995485458669862],[-76.940262014004219,38.995498425019434],[-76.940262015800869,38.995498616317079],[-76.940262189175698,38.995511249638909],[-76.940263365968733,38.995538996161876],[-76.940263828601118,38.995549863814674],[-76.940264176249116,38.995554748183828],[-76.940266579242504,38.995588439570234],[-76.940267116435038,38.995593802878346],[-76.940267857545152,38.995601211810978],[-76.940268646265977,38.995609096193462],[-76.940269151119168,38.995614135551257],[-76.940270435710005,38.995626958753412],[-76.940273226775602,38.995648557888174],[-76.940275262358028,38.995664318961929],[-76.940275402495232,38.995665399023004],[-76.940281471513288,38.995703745717663],[-76.940283816116178,38.995716246351634],[-76.940283852947104,38.995716441139514],[-76.940286257737128,38.995729254548813],[-76.940287482140846,38.995735790762055],[-76.940288641865891,38.995741970910998],[-76.940291027791275,38.995752960711314],[-76.940296909959756,38.995780063432527],[-76.940289995627012,38.995780709932156],[-76.940262281702189,38.995783298025046],[-76.940196315715937,38.995789458621253],[-76.940169220730326,38.995791988068071],[-76.940141045969753,38.995794620842993],[-76.940209204743624,38.996198107978252],[-76.940288491847241,38.996190123824533],[-76.940314703788914,38.996187484780883],[-76.940391814274577,38.996179719149985],[-76.940447493652513,38.996174112228523]]]},"properties":{"BUILDINGID":"360","NAME":"Xfinity Center"}},{"type":"Feature","geometry":{"type":"Polygon","coordinates":[[[-76.95558266080063,39.001942343922273],[-76.955580538979945,39.002116458956024],[-76.955695192756281,39.002117309243275],[-76.955695776661202,39.002069520011133],[-76.955695808102249,39.002066776471501],[-76.955696938182882,39.001974011958424],[-76.955697328950023,39.001942008832863],[-76.955611350295868,39.001941370068685],[-76.95558267786862,39.001941157845387],[-76.95558266080063,39.001942343922273]]]},"properties":{"BUILDINGID":"219","NAME":"Astronomy Lecture Building"}},{"type":"Feature","geometry":{"type":"Polygon","coordinates":[[[-76.9416724920695,39.002264572840836],[-76.94168090209719,39.00226601022819],[-76.941685075669994,39.002251150475637],[-76.941764020515464,39.002264645443184],[-76.941772589544968,39.002234139873735],[-76.94178688443607,39.002236585318165],[-76.941800169620819,39.002189281346432],[-76.941786162190596,39.002186884069339],[-76.941803037941511,39.00212677898547],[-76.941816981591359,39.002129160906421],[-76.941830310793549,39.002081694205202],[-76.941815748204476,39.002079205473116],[-76.941824593915086,39.002047698047505],[-76.941739519864413,39.002033152395029],[-76.941743767099069,39.002018018937555],[-76.941743561384882,39.002017984730536],[-76.941711338815637,39.00201247670406],[-76.941706168112859,39.002011592906641],[-76.941694817000922,39.002052017901867],[-76.941615168774575,39.002038400725922],[-76.941618093689129,39.002027980156903],[-76.941524811731725,39.002012034107246],[-76.941509398438086,39.002066930751987],[-76.941467483046935,39.002059761945262],[-76.941482888255734,39.002004907181124],[-76.941390585461974,39.001989129368994],[-76.941387514122013,39.002000051879357],[-76.941307757199525,39.001986416542756],[-76.941315144944426,39.001960114130142],[-76.941314927552128,39.001960273995678],[-76.941318884630945,39.001946680537564],[-76.94131675292877,39.001946321014572],[-76.941285467302379,39.001941056620467],[-76.941275231898032,39.001939334400511],[-76.941271491313174,39.001952651411315],[-76.941192236548929,39.001939101932187],[-76.941183411499566,39.00197053750162],[-76.941168198530235,39.001967938465363],[-76.941154960057887,39.002015086908308],[-76.941170696745047,39.002017776696057],[-76.941153803027802,39.002077941211176],[-76.941138146290712,39.002075260500995],[-76.941124836851472,39.002122658094486],[-76.941140383095771,39.002125317161742],[-76.941131509537414,39.002156918098265],[-76.941162019019401,39.002162133609275],[-76.941181365137354,39.00216544190868],[-76.941188834628932,39.002166718036818],[-76.941215508304666,39.002171278728667],[-76.941211632074229,39.002185087158587],[-76.94121475641478,39.002185621205484],[-76.941243697438296,39.00219057003995],[-76.941246188466565,39.002190995881222],[-76.941249174466577,39.002191506890789],[-76.941260345915467,39.002151732605256],[-76.941340701115934,39.002165472625116],[-76.941337919931811,39.00217537308896],[-76.941343657471549,39.002176353920355],[-76.941382997392765,39.002183082213804],[-76.941433259929539,39.002191675831099],[-76.941448206997563,39.002138449838881],[-76.941487107642615,39.002145099250548],[-76.941471792265347,39.002199639062745],[-76.941490323611347,39.002202806344137],[-76.94149051405418,39.00220283915484],[-76.941521585881532,39.002208150302195],[-76.941561262671016,39.002214934440659],[-76.941564491216141,39.002215485241706],[-76.941567705388238,39.002204044076059],[-76.941651843394368,39.00221842633794],[-76.941640425807108,39.002259091361331],[-76.941640936050192,39.00225917722765],[-76.941646469672335,39.002260123152872],[-76.9416724920695,39.002264572840836]]]},"properties":{"BUILDINGID":"987","NAME":"Courtyard 100"}},{"type":"Feature","geometry":{"type":"Polygon","coordinates":[[[-76.935889981788378,38.986508452694117],[-76.935893124095244,38.986509690700565],[-76.935969584200663,38.986391432009285],[-76.93600685709842,38.986333784639875],[-76.936007164322248,38.986333307032183],[-76.936012283821057,38.98632539019475],[-76.936050336456489,38.986340374090112],[-76.936099580303733,38.986264209588185],[-76.93609363255824,38.986261871821654],[-76.936124344161172,38.986214370037651],[-76.936183413780981,38.986237634597053],[-76.936234951925485,38.986157922132449],[-76.936262381982672,38.986168724192957],[-76.936280912430362,38.986140062768634],[-76.936301337424965,38.986108471437404],[-76.936319597479752,38.986080228246081],[-76.93630809724749,38.986075698637094],[-76.936292159337697,38.986069420585942],[-76.93629910960307,38.986058670879743],[-76.936315772453284,38.986032898810336],[-76.936341747239709,38.985992724416427],[-76.936282974962253,38.985969578480805],[-76.936315704181311,38.98591895736876],[-76.936320925189747,38.985921013747408],[-76.936369760303535,38.985845483514176],[-76.936342501824541,38.985834748437469],[-76.936332386794433,38.985830764853546],[-76.936433686215778,38.985674090774488],[-76.936451709115317,38.985646215394823],[-76.936390373046038,38.985622058958008],[-76.936390268841464,38.985622018458692],[-76.936371495848661,38.985614625239691],[-76.936364031746962,38.9856116848499],[-76.936359246421446,38.98560980023521],[-76.936356012486428,38.985614801202239],[-76.93627417776068,38.985582570724745],[-76.936250621238969,38.985573292886023],[-76.936171684478325,38.985542202655942],[-76.93616821159145,38.985540836151877],[-76.936166614386877,38.985543303819412],[-76.936151528079975,38.985566637727565],[-76.936147007757469,38.985573628751226],[-76.936143569904885,38.985578945336286],[-76.936136363619681,38.985590090332927],[-76.936111863866927,38.985578926483136],[-76.936105053738757,38.985588966825709],[-76.936099982748985,38.985586522900725],[-76.936093927205647,38.985596101689623],[-76.936098613716482,38.985598704818493],[-76.93609501955703,38.985603823094628],[-76.936120010688242,38.985615380063116],[-76.936117807120851,38.985618790384414],[-76.936113558987856,38.985625357556735],[-76.936135511118465,38.985634002063399],[-76.936203113835163,38.985660626159593],[-76.936268417763074,38.985686344598278],[-76.936254263009133,38.985708215598073],[-76.936254127363526,38.98570842856833],[-76.936228419376718,38.985745375753353],[-76.936164134138366,38.985720154499383],[-76.936162262947619,38.98571941922846],[-76.936154267941603,38.985731786861251],[-76.936138762121473,38.985755770789744],[-76.936084087060024,38.985734237065522],[-76.936033246906518,38.985714213677781],[-76.9359443963384,38.98567922091565],[-76.935823461541588,38.985631590958363],[-76.935822800381544,38.985632616707932],[-76.935822280257,38.985632410720093],[-76.935822176052426,38.985632117449313],[-76.935803465043364,38.985624746575837],[-76.935815321008491,38.985606405973577],[-76.935776570382075,38.985591142617118],[-76.93576453385559,38.985609757641114],[-76.93576395174729,38.985610659100026],[-76.935755549804426,38.985607349328362],[-76.935738758495134,38.985600736068925],[-76.93571231478812,38.985590322156625],[-76.935639884525074,38.985561795263166],[-76.935613780381232,38.985551513317205],[-76.935578197214525,38.985537499842842],[-76.935542094821557,38.985523281075892],[-76.935524831896757,38.985516482768375],[-76.935514713273378,38.985512496373495],[-76.935514228183123,38.985512306445422],[-76.935466168315429,38.985586636019576],[-76.935673203937284,38.985668176483017],[-76.93574415557336,38.985696118887304],[-76.935781976443465,38.985711014934729],[-76.936151429265294,38.985856520936558],[-76.936211472658897,38.985880168959056],[-76.936181454555353,38.985926595645552],[-76.936125534428911,38.98590457388876],[-76.936029780307834,38.986052670734466],[-76.935971962041208,38.986142094701805],[-76.935966445487054,38.986150627423896],[-76.936008105756656,38.986167034407273],[-76.935976861452772,38.98621535667634],[-76.935938604899761,38.986200290360003],[-76.935939989203618,38.986198150198469],[-76.935933090142242,38.986195433973805],[-76.935912057886483,38.986187152630116],[-76.935893626253488,38.986215658323786],[-76.935892108998971,38.986218005867464],[-76.935879449939989,38.986237585020739],[-76.93587887681484,38.986238472506471],[-76.935878203976685,38.986239512212428],[-76.935842882219717,38.986294143885345],[-76.935823536101765,38.986286525199432],[-76.935844732749203,38.986253744800699],[-76.935813676193192,38.986241512721129],[-76.935811988258777,38.986240850074466],[-76.935799303148656,38.986235852642963],[-76.935785740384489,38.986230511668168],[-76.935781778814103,38.986228951061676],[-76.935755269530063,38.986218510009792],[-76.935728541955413,38.986207983768828],[-76.935701747905426,38.986197430992455],[-76.935677284983598,38.986187795726025],[-76.935648907203785,38.986176620100167],[-76.935621819404716,38.986165950709939],[-76.935615174566564,38.986163334335053],[-76.935610839296999,38.986161626394455],[-76.935582969963619,38.986150650466463],[-76.935557077822182,38.986140453095324],[-76.935545289230717,38.986135809673989],[-76.935533771930452,38.986131273784224],[-76.935520614306498,38.986126091306353],[-76.935509085328121,38.986121551226404],[-76.93549625019935,38.986116497925742],[-76.935491166633156,38.986114495318752],[-76.935465362526628,38.986104331458833],[-76.935282407144285,38.986032276660751],[-76.935280438935493,38.986031500894043],[-76.935273497653284,38.986042235242643],[-76.935260840390939,38.986061808160187],[-76.935215946186304,38.986044126130153],[-76.935226584035902,38.986028176478541],[-76.935192449851726,38.986014304845398],[-76.93518158562668,38.986030592457873],[-76.935145708710877,38.986016465960283],[-76.935143773739739,38.986019453814976],[-76.935115058193375,38.986063869422537],[-76.935113981113346,38.986065534771605],[-76.935067669367186,38.986137161503152],[-76.935066528506766,38.986138926701479],[-76.935043227106632,38.986174964529283],[-76.935048163349109,38.986176908480893],[-76.935055409160185,38.986179762961434],[-76.935063820086199,38.986183075499376],[-76.935071762091638,38.986186202998738],[-76.935088768996579,38.9861929006927],[-76.935102902190948,38.98619846650945],[-76.935106043599504,38.986199704521361],[-76.935115442672313,38.986203406686435],[-76.935118583182543,38.986204643301718],[-76.93520996071156,38.986240632217971],[-76.935372774068597,38.98630475530085],[-76.935506705690955,38.986357503026909],[-76.935575890340857,38.986384750393967],[-76.935602615220574,38.986395275910368],[-76.935605757527441,38.986396513918791],[-76.935613048254282,38.986399385148644],[-76.935631408920372,38.986406616290211],[-76.93565481632173,38.986415835366245],[-76.935655973351814,38.986416290629187],[-76.935663911763982,38.986419417419967],[-76.935667053172537,38.986420655427963],[-76.935766877560155,38.986459968629774],[-76.935771345780395,38.986461728932348],[-76.935774487188937,38.986462965543055],[-76.935799321114956,38.98647274670747],[-76.935802310708226,38.986473923966315],[-76.935861304869562,38.986497158415396],[-76.935889981788378,38.986508452694117]]]},"properties":{"BUILDINGID":"003","NAME":"Service Building"}},{"type":"Feature","geometry":{"type":"Polygon","coordinates":[[[-76.938154526821805,38.989525199279996],[-76.938154423515556,38.989525199279996],[-76.938154944538425,38.989627429185262],[-76.938249989888732,38.989627133836329],[-76.938401162876332,38.989626665327712],[-76.938509664091285,38.989626328783558],[-76.938509252662882,38.989545804607857],[-76.93850914306843,38.98952409748027],[-76.938154526821805,38.989525199279996]]]},"properties":{"BUILDINGID":"045","NAME":"Instructional Television Facility"}},{"type":"Feature","geometry":{"type":"Polygon","coordinates":[[[-76.942766602356315,38.995566007505275],[-76.942769500321404,38.995566674951831],[-76.943025565991476,38.995625659467891],[-76.943036928781495,38.995628276191248],[-76.943038623902424,38.995623863786868],[-76.943067374483107,38.995548991107171],[-76.94307207716362,38.995536741783447],[-76.943073224312229,38.995533713836899],[-76.943076172582991,38.995525920905777],[-76.943077127492145,38.995523397034766],[-76.943077579344731,38.995522201075936],[-76.943078190199117,38.995520589010013],[-76.943069552897654,38.995518599236028],[-76.943049182700278,38.995513908954585],[-76.943009506809119,38.995504768560075],[-76.942874583446709,38.995473689673886],[-76.94283348462416,38.995464222532085],[-76.942807379582007,38.995458209918915],[-76.942806810948426,38.995459712374071],[-76.942767459349085,38.995563742655236],[-76.942766602356315,38.995566007505275]]]},"properties":{"BUILDINGID":"328","NAME":"Grounds Operations & Maintenance Building"}},{"type":"Feature","geometry":{"type":"Polygon","coordinates":[[[-76.943204789772111,38.991784104757627],[-76.943257470573641,38.991784048901373],[-76.943275549168732,38.991784030049885],[-76.943280342579087,38.991784025162488],[-76.943280349765615,38.991788703821634],[-76.943284667967191,38.991788700330602],[-76.94328497608933,38.991788698934229],[-76.943363169943225,38.991788617244431],[-76.943414991955336,38.991788560690011],[-76.943446042223144,38.991788527176269],[-76.943474481088401,38.991788497851715],[-76.943541136082473,38.991788426634983],[-76.943540929469975,38.991670704605291],[-76.943513073611328,38.991670733231686],[-76.943511371303856,38.991670735326281],[-76.943498566717793,38.991670748592178],[-76.943496533830313,38.991670750686779],[-76.943479994947623,38.991670767443701],[-76.943477307188274,38.991670770934682],[-76.943474574513175,38.991670773029327],[-76.943461917250829,38.991670787691604],[-76.943459228593184,38.991670789087991],[-76.943326803445572,38.99167092942708],[-76.943323871344504,38.991670932918105],[-76.943306765624854,38.991670951769635],[-76.94330383262546,38.991670952467786],[-76.943294292517137,38.991670963639095],[-76.943294287127245,38.991668089830263],[-76.943241202982165,38.991668144988395],[-76.943208348897272,38.991668179898625],[-76.943160410302127,38.991668230169303],[-76.94314278984784,38.991668249020833],[-76.943137805994652,38.991668254606452],[-76.943137762875494,38.991642643071827],[-76.94313775568898,38.991638241590259],[-76.943096998226238,38.991638284878952],[-76.943092035932608,38.991638289068142],[-76.942989040492009,38.991638399384463],[-76.942985528977573,38.99163840217728],[-76.942981093096705,38.991638407064741],[-76.942948754644775,38.991638440578555],[-76.942948766322885,38.991645254356833],[-76.942948776204361,38.99165113044586],[-76.94294879956054,38.991664977235438],[-76.942944369967876,38.991664981424627],[-76.94287985655744,38.991665049150448],[-76.942845749322728,38.991665085457065],[-76.942788118803989,38.991665146200887],[-76.942788125990518,38.991669199276878],[-76.942721281451924,38.991669269795509],[-76.942718078059599,38.991669272588318],[-76.942622791062476,38.991669374526154],[-76.942545038281366,38.991669455517822],[-76.94254512451964,38.991720434187087],[-76.942545190096652,38.991758252384741],[-76.942545193689924,38.991761090581569],[-76.942545221537671,38.991777697347011],[-76.942545241300607,38.991788249291403],[-76.942637105716528,38.991788152241192],[-76.942638934686428,38.991788151542977],[-76.942669096520419,38.991788119425614],[-76.942722737620983,38.991788063569416],[-76.94272376798861,38.991788062172986],[-76.942798460209531,38.991787984672428],[-76.942804953232411,38.991787977690429],[-76.942804949639154,38.991784526472344],[-76.942812091245671,38.991784520188517],[-76.94282561358564,38.991784505526212],[-76.942880374885348,38.991784446178983],[-76.942912136618858,38.991784413363398],[-76.942994720539545,38.991784325389816],[-76.943084144232841,38.991784231132414],[-76.94317690157412,38.991784134780353],[-76.943204789772111,38.991784104757627]]]},"properties":{"BUILDINGID":"096","NAME":"Cambridge Hall"}},{"type":"Feature","geometry":{"type":"Polygon","coordinates":[[[-76.939425615101058,38.985458927555783],[-76.939452424422413,38.985458486251972],[-76.939554148746879,38.985456809018068],[-76.939572134815492,38.985456512255219],[-76.939570607679514,38.985438846134059],[-76.939593539872078,38.985438565431217],[-76.939595523352224,38.985438540991915],[-76.939604531657892,38.985438431364209],[-76.939747949489629,38.985436678018921],[-76.9397519326196,38.985436629140267],[-76.939773005299543,38.985436371480212],[-76.93977393685249,38.98543636170448],[-76.93977859731217,38.985436303748422],[-76.939884539226895,38.985435008465444],[-76.939883525028932,38.985390912967475],[-76.939882174861069,38.985332250899972],[-76.939881274749155,38.985293177275743],[-76.939852457693149,38.985293603917036],[-76.939847555586653,38.985293675838527],[-76.939636659005714,38.985296795696215],[-76.939567537237863,38.985297817261056],[-76.939567384524253,38.985285931356849],[-76.939567341405137,38.985282592941019],[-76.939567016214994,38.985257500003385],[-76.93956479827456,38.985257534916784],[-76.93954779855612,38.985257807241098],[-76.93944130148256,38.985259514505209],[-76.939438399924185,38.985259561289098],[-76.939427394663639,38.985259736554241],[-76.939420414753883,38.985259848277067],[-76.939421804447647,38.985300728336647],[-76.939258017316817,38.985302791715938],[-76.939109648869547,38.985304661675194],[-76.939111918912275,38.985446781923812],[-76.939127768787145,38.985446416032609],[-76.939140734171644,38.985446118571438],[-76.939254861535233,38.985443484014993],[-76.939257896044253,38.985443414886717],[-76.939424750921773,38.985439568140841],[-76.939425615101058,38.985458927555783]]]},"properties":{"BUILDINGID":"071","NAME":"Lee Building"}},{"type":"Feature","geometry":{"type":"Polygon","coordinates":[[[-76.945487085515566,38.985119817571977],[-76.945511630184072,38.985119524997309],[-76.945512189834488,38.985148074413594],[-76.94551706678817,38.985148015759037],[-76.945630415312408,38.985146661117874],[-76.94563598217222,38.985146593385807],[-76.945635958816027,38.985145353260734],[-76.945635620151151,38.985128055747865],[-76.945635602184851,38.985127181515338],[-76.945635419826857,38.985117868703469],[-76.945636164530214,38.985117860324202],[-76.945687585893722,38.985117245847562],[-76.945724281174762,38.985116807334705],[-76.945730922419656,38.985116728430327],[-76.945730906249977,38.985115981980854],[-76.945730859537576,38.985113593901069],[-76.945730850554426,38.985113170750047],[-76.945730579263227,38.985099340135449],[-76.945732084839634,38.985099321980456],[-76.945830572534106,38.985098146095318],[-76.945830533906559,38.985096175579855],[-76.945830517736894,38.985095274812686],[-76.945830517736894,38.985095242692324],[-76.945828742665896,38.985004905461942],[-76.945828740869246,38.985004749049459],[-76.945828677987194,38.985001641049486],[-76.945828000657457,38.98496706410436],[-76.94582772397635,38.984952952058208],[-76.94582745807503,38.984939438427197],[-76.945826823864437,38.984907107091168],[-76.945826819372854,38.984906848730894],[-76.945699111278813,38.984908373056456],[-76.945699228059809,38.984914309057807],[-76.945699288246928,38.984917354217203],[-76.94569932687449,38.984919379901029],[-76.945699405926234,38.98492341869963],[-76.945700772263777,38.98499306629266],[-76.945700860298672,38.984997487739093],[-76.945700871078458,38.984998005157209],[-76.945681356975527,38.984998238379461],[-76.945681136888297,38.984998240474255],[-76.945672673860003,38.984998343119926],[-76.945612487634278,38.984999060941611],[-76.945599839355083,38.984999211767949],[-76.945596448214872,38.984999251569342],[-76.945594130561446,38.98499928019843],[-76.945560503925407,38.984999682401991],[-76.945555021507232,38.984999747341114],[-76.94555420404032,38.984999755720338],[-76.945549156406742,38.984999816469816],[-76.945543098168471,38.984999888391663],[-76.945535135501814,38.984999984054667],[-76.945464276392187,38.985000829659676],[-76.945448512755576,38.985001017494326],[-76.945443627717054,38.985001075450732],[-76.9454435944794,38.984999341646194],[-76.945443501952937,38.984994745632356],[-76.945443430087707,38.984991072731397],[-76.945443424697814,38.984990799707774],[-76.945443408528135,38.984990025326155],[-76.945443167779644,38.984977731580436],[-76.945442068241732,38.984921598307537],[-76.945442029614171,38.984919568434186],[-76.945441879595521,38.984911948203774],[-76.945433025800071,38.984912054340988],[-76.945408102940831,38.984912351804397],[-76.945396866813255,38.984912485174164],[-76.945385327953446,38.984912622733525],[-76.945319403289687,38.984913411081386],[-76.945317198823986,38.984913436917431],[-76.94531499435827,38.984913462753418],[-76.945315019511114,38.984914732908251],[-76.945315024002667,38.984914884433053],[-76.945315068918447,38.984917133563613],[-76.945315076104961,38.984917630732475],[-76.945315102156101,38.98491884502554],[-76.945315403990037,38.984934380852515],[-76.945315463278845,38.984937310796418],[-76.945316136116986,38.984971759972638],[-76.94531651610437,38.984991161411699],[-76.945316746073061,38.985002913297521],[-76.945317113484009,38.985021636009805],[-76.945317630913635,38.985048037588285],[-76.945318458262008,38.985090264033232],[-76.945318513957545,38.985093099704308],[-76.945318578636247,38.985096250294674],[-76.945318635230123,38.985099246567422],[-76.94531867295936,38.985101097678779],[-76.945318691823971,38.985102075255483],[-76.945321370600141,38.985102043833365],[-76.945418582686955,38.985100884008418],[-76.945418968962514,38.985120631055217],[-76.945456476320572,38.9851201827666],[-76.945487085515566,38.985119817571977]]]},"properties":{"BUILDINGID":"063","NAME":"Somerset Hall"}},{"type":"Feature","geometry":{"type":"Polygon","coordinates":[[[-76.936236310178174,38.983341145154618],[-76.936264803840672,38.983341218474699],[-76.936264909841881,38.983316846179058],[-76.936317161248709,38.983316980948381],[-76.936317243893697,38.983298020367762],[-76.936317259165065,38.983294403241736],[-76.936317404692133,38.983260343591866],[-76.936317596033305,38.983215737687651],[-76.936317605016441,38.983213597435935],[-76.936317610406334,38.983212078660173],[-76.936316312340765,38.98321207447043],[-76.936310534376844,38.983212058409798],[-76.936294180547108,38.983212017210853],[-76.936127605045641,38.983211582177589],[-76.936086693072667,38.98321147603788],[-76.936086180134652,38.983211469054986],[-76.936086000471576,38.983253483617766],[-76.93608584775798,38.983289115813136],[-76.936085791164118,38.983302164001884],[-76.93608578667255,38.983303183500624],[-76.936085730976998,38.983316453741956],[-76.936137889857335,38.983316588511279],[-76.936137787449397,38.983340888185189],[-76.936166592827291,38.983340964298449],[-76.936214305945285,38.983341088593406],[-76.936236310178174,38.983341145154618]]]},"properties":{"BUILDINGID":"137","NAME":"House 12"}},{"type":"Feature","geometry":{"type":"Polygon","coordinates":[[[-76.933750859534925,38.984974609613893],[-76.933805816667373,38.984980678979284],[-76.93382730257234,38.984983051003312],[-76.933834481009782,38.984943454879982],[-76.933835839262485,38.984943606404677],[-76.933866500559759,38.984946988827559],[-76.933876196974936,38.984893484521137],[-76.933876622776381,38.984891139028377],[-76.933860261760117,38.984889333997423],[-76.933862777042904,38.984875456554953],[-76.93386567949959,38.984859439605984],[-76.93386766028479,38.984848524225697],[-76.93389890099543,38.984851974385407],[-76.933903297350426,38.98482770944544],[-76.933873574792628,38.984824424774956],[-76.93387490519757,38.984817078256945],[-76.933877588465307,38.984802293744899],[-76.933880967029097,38.984783655465556],[-76.933901433346207,38.984785915772683],[-76.933904280107356,38.984770215120875],[-76.933912045144666,38.984727371910189],[-76.933879536911164,38.984723785581195],[-76.933886604855815,38.984684797508734],[-76.933796105879154,38.984674803123958],[-76.933773168296696,38.984672270486719],[-76.933761431807497,38.9846709730949],[-76.933728419619115,38.984667326711566],[-76.933721343589639,38.984706350405553],[-76.933692417837491,38.984703155108335],[-76.93368764778333,38.984729470918083],[-76.933682441147937,38.984758185982244],[-76.933698741078771,38.984759986128608],[-76.933696234779106,38.984773803542318],[-76.933692519347105,38.98479429783152],[-76.933691425199086,38.984800332298747],[-76.93366214012083,38.984797099299108],[-76.933657613510107,38.984822065314496],[-76.933684305152141,38.984825012719824],[-76.933682873237586,38.984832912268274],[-76.933679773151539,38.984850015035484],[-76.933677013526989,38.984865227577899],[-76.933660745935512,38.984863430925579],[-76.933660034469796,38.98486735381428],[-76.933659005000493,38.984873027967311],[-76.933657348507111,38.984882161355664],[-76.933655354247179,38.984893157031948],[-76.933654628408419,38.984897160918514],[-76.933653830704444,38.984901563517568],[-76.933650553650295,38.984919627088942],[-76.933681009233382,38.984922991357877],[-76.933673205568496,38.984966034853791],[-76.933750859534925,38.984974609613893]]]},"properties":{"BUILDINGID":"244","NAME":"Leonardtown 244"}},{"type":"Feature","geometry":{"type":"Polygon","coordinates":[[[-76.941851475101643,38.991277459506563],[-76.941851472406711,38.991288024791515],[-76.941869538425379,38.991287980106222],[-76.941870301993362,38.991287978709785],[-76.941878646444025,38.991287957065339],[-76.941945524220316,38.991287790891811],[-76.942007450482734,38.99128763728605],[-76.942032431732471,38.991287573749133],[-76.942063092131448,38.991287499040851],[-76.942122357583997,38.991287351718952],[-76.942154400490182,38.991287271425023],[-76.942154404083425,38.991283088460435],[-76.942154409473346,38.99127703150495],[-76.942154416659861,38.991267680402522],[-76.942154423846361,38.991259155977517],[-76.942154423846361,38.991258870410313],[-76.942154428337957,38.991252997779767],[-76.942154472355398,38.991199324385697],[-76.942154522661056,38.99113669152662],[-76.942154491220023,38.991130184911647],[-76.942153552480548,38.990929334160953],[-76.942241437359741,38.990928302902454],[-76.942241456224366,38.990955037419369],[-76.942241460715948,38.990963198811194],[-76.942241463410895,38.990967078770986],[-76.942241477783924,38.990991995830164],[-76.942241737397055,38.990991995830164],[-76.942273239517434,38.990991995830164],[-76.942305637258144,38.990991995830164],[-76.942331222175753,38.990991995830164],[-76.942338001761215,38.990991996528379],[-76.942337607400802,38.990964371806072],[-76.942337115124033,38.990929890635591],[-76.942337093564461,38.990928316866665],[-76.942422407465301,38.990927930755667],[-76.942422326616935,38.990944737405073],[-76.942420902787205,38.991239771616968],[-76.942440569603718,38.99123987774464],[-76.942478121877528,38.991240080923326],[-76.942478375202455,38.99124008231977],[-76.942494567335444,38.99124017029402],[-76.942497070940149,38.991240182861773],[-76.942536663287981,38.991240396513561],[-76.942536727966683,38.991240396513561],[-76.942542455624931,38.991240427932958],[-76.942544955636365,38.991240440500711],[-76.942554571203175,38.991240492168131],[-76.942557072112919,38.991240506830557],[-76.942558711538311,38.991240515209036],[-76.942561212448055,38.991240527776796],[-76.942582045277817,38.991240640886559],[-76.942589810315127,38.991240682779058],[-76.942605596409621,38.991240767960534],[-76.942607588872917,38.991240779830072],[-76.942678517152814,38.991241162448304],[-76.942691849948261,38.99124123506202],[-76.942700980424803,38.991241284634782],[-76.942704456904963,38.991241304882863],[-76.9427199645217,38.991241386573243],[-76.942719968114957,38.991070032732317],[-76.942743262328591,38.991070033430482],[-76.942743265023537,38.991067386515617],[-76.942743426720298,38.991067387213782],[-76.94279495588161,38.991067391403064],[-76.942794957678245,38.991069183708696],[-76.942796343778738,38.991069183010481],[-76.94282457603147,38.99106918510509],[-76.942824574234848,38.991125770132157],[-76.942824572438226,38.991227172443061],[-76.942824567946658,38.991239208860883],[-76.942824572438226,38.991267912207675],[-76.9428344395333,38.991267912905897],[-76.942838345408148,38.991267912905897],[-76.942886994570685,38.991267913604062],[-76.942886979299317,38.991284706906818],[-76.943048487404269,38.991283924913738],[-76.9431702414646,38.99128497013124],[-76.943213766636745,38.991284866098241],[-76.943214541882838,38.991267915698721],[-76.943269363369694,38.991267917095115],[-76.943274164864874,38.991267917793337],[-76.943276690927462,38.991267919189724],[-76.943276181582689,38.991068711020397],[-76.943276064801708,38.991021972115277],[-76.943276041445515,38.991013026639536],[-76.943087823732228,38.991013025941378],[-76.943087827325499,38.991008364686145],[-76.943084310421156,38.991004328329396],[-76.943080002999366,38.991000789796722],[-76.943075016451218,38.990997842648532],[-76.94306948552402,38.99099556298988],[-76.943063554846518,38.990994012961629],[-76.943057379827238,38.99099323305996],[-76.943051126654566,38.990993243533147],[-76.943044956126869,38.99099404368291],[-76.943039033534205,38.990995613261084],[-76.94303351518343,38.990997910374993],[-76.943028544804946,38.99100087428026],[-76.943024257146092,38.991004428173518],[-76.943020761801336,38.991008475701669],[-76.943020758208064,38.991013024544927],[-76.943020758208064,38.991013195606541],[-76.942887346710265,38.991013022450318],[-76.942872529897983,38.991013022450318],[-76.94284797265307,38.991013021053867],[-76.942832825260737,38.99101302314854],[-76.94282106721198,38.991013022450318],[-76.94282106721198,38.99101877849958],[-76.942813195275136,38.991018865775892],[-76.94280843779741,38.991020205642215],[-76.942805916226405,38.991020912929649],[-76.942805738359979,38.991020963899054],[-76.942801602516411,38.991022481809054],[-76.942800124787766,38.991023025016936],[-76.942799117776332,38.991023625478128],[-76.942793827597626,38.991026782088383],[-76.942793824902665,38.991035254175635],[-76.942741605835209,38.991035252779191],[-76.942741604936884,38.991033264973765],[-76.942739771475402,38.991033264973765],[-76.942719121901959,38.991033265671987],[-76.94271897278162,38.991025173411117],[-76.942719121901959,38.991025173411117],[-76.942732349594522,38.991025179695015],[-76.94273261280091,38.991012655889648],[-76.942737198700442,38.99101265658787],[-76.942742265198632,38.991012655191426],[-76.942748365657721,38.991009015418655],[-76.942756130695045,38.990999013548212],[-76.942756275323788,38.990998827125928],[-76.942756344494072,38.990998633721503],[-76.94276089805426,38.990985753823821],[-76.942760969021165,38.990985557626537],[-76.942760920512129,38.990985056311011],[-76.942759885652933,38.990974160028763],[-76.942759764380369,38.990972885095204],[-76.942759266713693,38.990971740727105],[-76.94275512098865,38.990962216427924],[-76.942747876075899,38.990951986934007],[-76.94274123483099,38.990946078669246],[-76.942734590891163,38.990946357255588],[-76.942733163468176,38.990946417301743],[-76.942733367385742,38.990929468217608],[-76.942725095698606,38.990929466821171],[-76.942725097495227,38.990914927261642],[-76.942719874690184,38.990914928658079],[-76.942719776773814,38.990718200946574],[-76.942630119518569,38.990719193108227],[-76.942630118620244,38.990714459219447],[-76.942590743664709,38.990714457823046],[-76.942548218317484,38.990714455728366],[-76.942511032556283,38.990714455030144],[-76.942511035251229,38.990718247028717],[-76.94243179755496,38.990718311962553],[-76.942422112817894,38.990718318944701],[-76.94242291950502,38.990738802436098],[-76.942153615362614,38.990740034084631],[-76.942153475225439,38.990717862312977],[-76.942143349415559,38.990717855330836],[-76.942108529816821,38.990717834384427],[-76.942102914447986,38.990717830893352],[-76.942100403656767,38.990717829496909],[-76.94208018078308,38.9907178183255],[-76.94208018078308,38.990712400187199],[-76.942080181681405,38.990710447981584],[-76.942075084640493,38.990710447283412],[-76.942070848185594,38.990710447283412],[-76.942066144606784,38.990710447283412],[-76.942062941214488,38.990710447981584],[-76.942042096706615,38.990710447283412],[-76.942039617356443,38.990710447981584],[-76.942038962484588,38.990710447283412],[-76.942031839742711,38.990710446585183],[-76.942029336138006,38.990710447283412],[-76.942012603219212,38.990710447981584],[-76.942010101411142,38.990710446585183],[-76.941994766270923,38.990710446585183],[-76.941992265361165,38.990710446585183],[-76.941975565680039,38.990710445886961],[-76.941973010871394,38.990710446585183],[-76.941963173420703,38.990710445886961],[-76.941960671612648,38.990710445886961],[-76.941943357483851,38.990710445188732],[-76.941940854777457,38.990710445886961],[-76.941919850369501,38.990710445188732],[-76.941919850369501,38.990719306917065],[-76.941849939880825,38.990719111417199],[-76.94184998299994,38.990729777328298],[-76.941850054865185,38.99074808308886],[-76.941850056661806,38.990748742202257],[-76.941850076424743,38.990753786793675],[-76.941850355800796,38.990824460608522],[-76.941851246031248,38.991048594184953],[-76.941851525407301,38.991119264912577],[-76.941851526305612,38.991122719654165],[-76.941851521814044,38.991130747668592],[-76.941851484983118,38.991247993720023],[-76.9418474991582,38.991248031423297],[-76.94184518060645,38.991248053067764],[-76.941834463705106,38.99124815360976],[-76.941829072016773,38.991248205277181],[-76.941829072016773,38.991251135657969],[-76.941829069321827,38.99126492876379],[-76.941834531977079,38.991264877794549],[-76.941845248878423,38.99126477655436],[-76.941851479593225,38.99126471720664],[-76.941851476898279,38.991272597883047],[-76.941851475101643,38.991277459506563]]]},"properties":{"BUILDINGID":"224","NAME":"Atlantic Building"}},{"type":"Feature","geometry":{"type":"Polygon","coordinates":[[[-76.945924317123925,38.984481428643498],[-76.945927513329693,38.984575448542159],[-76.945927668738236,38.984575248835718],[-76.946207519102074,38.984569449667681],[-76.946212448158036,38.984714365182242],[-76.94625386678085,38.984713507703127],[-76.946310555865153,38.984712333906373],[-76.946335508368804,38.984711816486126],[-76.94633949149879,38.984711734089927],[-76.946352985990984,38.9847114533842],[-76.946352610495182,38.984700392042001],[-76.946352601512018,38.984700128793087],[-76.946352561986146,38.984698961978864],[-76.946351926877256,38.984680322275757],[-76.946351116596858,38.98465652512018],[-76.946351942148624,38.984656506965081],[-76.946361300797236,38.984656313543326],[-76.946363320210011,38.984656270948655],[-76.946636687432431,38.984650606554084],[-76.946637861530505,38.984650581416233],[-76.946652419627995,38.984650280460343],[-76.946693827471023,38.984649421583939],[-76.946706026592565,38.9846491688089],[-76.946705997846465,38.98464835462196],[-76.946705623249017,38.984637305838845],[-76.946705529824229,38.984634560226773],[-76.94670435482783,38.984600051533164],[-76.946703615514366,38.984578294009708],[-76.946703521191253,38.984575549093634],[-76.946701110113025,38.984504725194789],[-76.9467010912484,38.984504130962776],[-76.946632927084636,38.984505542874757],[-76.946631752088251,38.984505567314379],[-76.94647957119092,38.984508722120573],[-76.946431041504326,38.984509728334686],[-76.946421973011525,38.984509916170644],[-76.946397090576468,38.984510432894083],[-76.946391961196198,38.984510538333609],[-76.946378666130002,38.984510814850466],[-76.946372750723853,38.984510938445077],[-76.946352405679306,38.9845113588066],[-76.946341054567355,38.984511593426937],[-76.946325404118483,38.984511918823031],[-76.94632096733929,38.984512010297081],[-76.946300525276698,38.984512434149927],[-76.946291833177995,38.984512615003119],[-76.946291017507718,38.984488619480999],[-76.946290885455369,38.984484736372998],[-76.946290836946361,38.984483353788178],[-76.946268306300723,38.984483818839401],[-76.946266606688198,38.984483854451476],[-76.946235005753138,38.984484510131871],[-76.946233274699566,38.984484546442161],[-76.94621237449617,38.984484980071038],[-76.946211610029877,38.984462513064393],[-76.946211566910733,38.984461218461831],[-76.946211447434791,38.984457713119319],[-76.946211244415537,38.984451746355553],[-76.946211159075602,38.984449257003419],[-76.946210916530461,38.984442123420479],[-76.94621038472782,38.98442649950276],[-76.94620955378619,38.98440207381347],[-76.946207109470308,38.984330247714034],[-76.94620643124226,38.984310326575844],[-76.946206031491954,38.984298588540568],[-76.946204890631535,38.984265011185151],[-76.946204259115902,38.984246515213037],[-76.946216151911955,38.984246268022773],[-76.946228894514235,38.984246004073881],[-76.94623725423628,38.984245829504523],[-76.946237174286225,38.984243481197197],[-76.94623710421763,38.984241386364531],[-76.946236726925221,38.984230340311001],[-76.946235506114746,38.984194443941973],[-76.946213816292214,38.984194891538166],[-76.946211696268122,38.984194937624515],[-76.946201659391463,38.984195144314818],[-76.946201592017815,38.984193113024055],[-76.946201492304809,38.984190236816787],[-76.946199251906506,38.984190283601428],[-76.945969622756948,38.984195042366217],[-76.9459486021793,38.984195476695156],[-76.94591642542413,38.984196143550648],[-76.945915092324256,38.984196170783484],[-76.945919101505368,38.984314080512256],[-76.945920607980099,38.984358324715522],[-76.945920631336293,38.984359006931562],[-76.945908046837488,38.984359266690355],[-76.945905319552281,38.984359323250764],[-76.94590707755529,38.984410985210886],[-76.945907139539059,38.984412847512637],[-76.945921974317642,38.98441254166778],[-76.945923581403704,38.984459821911017],[-76.945924317123925,38.984481428643498]]]},"properties":{"BUILDINGID":"054","NAME":"Preinkert Hall"}},{"type":"Feature","geometry":{"type":"Polygon","coordinates":[[[-76.943609128668015,38.996724720828169],[-76.943609087345521,38.996725124361426],[-76.943760751711565,38.996733831742631],[-76.943779612739263,38.996532807694585],[-76.943878413945811,38.996539024776219],[-76.943879747045671,38.996524602263051],[-76.943886113406094,38.996455754933969],[-76.94388614125387,38.996455450537482],[-76.943896209571562,38.996346556103312],[-76.943793180893323,38.996340595926981],[-76.943736359756656,38.996337308998115],[-76.943737652432347,38.996323707478091],[-76.94368386670304,38.996320595088029],[-76.943681946104959,38.996334003916928],[-76.943647325932218,38.996331660199608],[-76.943631255970089,38.996505427395334],[-76.94361284320172,38.996505616595798],[-76.943608515118697,38.996545075696119],[-76.943626598205341,38.99654696141593],[-76.943609128668015,38.996724720828169]]]},"properties":{"BUILDINGID":"344","NAME":"Environmental Service Facility"}},{"type":"Feature","geometry":{"type":"Polygon","coordinates":[[[-76.941757382863841,38.985100971990356],[-76.941757771834361,38.985111124821984],[-76.94196774045561,38.985109351917046],[-76.941967762015182,38.985109310719153],[-76.941967465571139,38.985102443243271],[-76.941966496288927,38.98507996805337],[-76.941966489102427,38.985079776727574],[-76.941965759670396,38.985062814368014],[-76.941963967531422,38.98502123031502],[-76.941962718873171,38.984992248618312],[-76.941962585024186,38.984989137824769],[-76.94196007153802,38.984930779870339],[-76.941960050876773,38.984930320408154],[-76.941912609948318,38.984931095488697],[-76.941911844583686,38.984908701243846],[-76.941959087882793,38.984907968757575],[-76.942032879991814,38.984906033150402],[-76.942033122536913,38.984906026865957],[-76.942185943933055,38.984902018790294],[-76.942189688111156,38.984901920334075],[-76.942214249847666,38.98490127582992],[-76.942212599642488,38.984862973557746],[-76.942242351844698,38.984862194985148],[-76.942239834765289,38.9848037133319],[-76.94223412148007,38.984803863460378],[-76.942232794668399,38.984803897675711],[-76.942210690722519,38.98480447793974],[-76.94220902075439,38.984765695203834],[-76.942208002064859,38.984742051696934],[-76.942207610399407,38.984732962979948],[-76.942193551765214,38.984733330969696],[-76.942132495970299,38.984734932108985],[-76.941961508842482,38.984739416416055],[-76.941939718408634,38.984739988301349],[-76.941938175102976,38.984704147354257],[-76.941938130187197,38.984703057350124],[-76.941933770663141,38.98470317256519],[-76.941920275272622,38.984703525891334],[-76.941779166111175,38.98470722743636],[-76.941764634064825,38.984707609391684],[-76.941762079256151,38.984707675727591],[-76.941762697297065,38.984722044088784],[-76.941763561476364,38.984742066360646],[-76.941684882532215,38.984743603258671],[-76.941569557714345,38.984745508844576],[-76.941493125456702,38.984746772019662],[-76.941493153304492,38.984747901126426],[-76.94149322786464,38.984750970034241],[-76.941493724633006,38.984771465028331],[-76.941494029161888,38.984784008093058],[-76.941494464844794,38.984801988600012],[-76.941494468438052,38.984802114987247],[-76.941494796323141,38.984815636325486],[-76.94146455543742,38.984816514751515],[-76.941464590471696,38.984817518168185],[-76.941466973702163,38.984874592095068],[-76.941466987176881,38.984874924472216],[-76.941496440240115,38.984874178020192],[-76.941496448324941,38.984874379820575],[-76.941497816459119,38.984909895287181],[-76.941497994325545,38.984914498987486],[-76.941499182796676,38.984914473151491],[-76.941753868654445,38.984908942845585],[-76.941797478268228,38.984907995291856],[-76.941798382871724,38.984929684283486],[-76.941754327693559,38.984930801516725],[-76.941750631126169,38.984930897878058],[-76.941750656278984,38.984931502580572],[-76.941757281354199,38.985098413532384],[-76.941757382863841,38.985100971990356]]]},"properties":{"BUILDINGID":"044","NAME":"Skinner Building"}},{"type":"Feature","geometry":{"type":"Polygon","coordinates":[[[-76.9581530866799,38.985075063409745],[-76.958285105789003,38.985090021733775],[-76.958301491958082,38.985001945495235],[-76.958329601141642,38.985005131003177],[-76.958486087664141,38.985022864964748],[-76.958515631457203,38.98502621316856],[-76.95854070164016,38.985029053730123],[-76.958603817272007,38.98503620610721],[-76.958621373945931,38.985038195477564],[-76.95862397995856,38.98502418609128],[-76.958625333719709,38.985016915705351],[-76.95862634971428,38.985011442665623],[-76.958634555824403,38.984967342015949],[-76.958625653519931,38.984966334411766],[-76.958619292549415,38.984965613098453],[-76.958607019765992,38.984964222143795],[-76.958589940995807,38.984962287934671],[-76.958591808593297,38.984952247503223],[-76.958600789051204,38.984903976742267],[-76.958601029799681,38.984902687035699],[-76.95860344267453,38.984889722934483],[-76.958603659168517,38.984888555425108],[-76.958604994963352,38.984881384179779],[-76.95860538842544,38.984879260038618],[-76.95860646011559,38.984873495110826],[-76.958532366172619,38.984865098397684],[-76.958486773078704,38.984859931887371],[-76.95848424432117,38.984859646294353],[-76.958471609516693,38.984858214139571],[-76.958468905587694,38.984857908296647],[-76.958442407083439,38.984854905729236],[-76.95843843832651,38.984876230937822],[-76.95843734148356,38.984882127838645],[-76.958436983954073,38.984884054368955],[-76.958435577192347,38.984891618042376],[-76.958433626051544,38.984902106772424],[-76.958429632141787,38.984923574414005],[-76.958429421936017,38.984924698630067],[-76.958428113988958,38.984931735802995],[-76.958425766691136,38.984944348666374],[-76.958391469013577,38.984940462092005],[-76.958327444286638,38.984933207059427],[-76.958322978761387,38.984932700813161],[-76.958311160525497,38.984931361529881],[-76.958308645242681,38.984931075937155],[-76.958303542811876,38.984930497768957],[-76.958277974962272,38.984927601341766],[-76.958265897113264,38.984926232032763],[-76.958260147895459,38.984925579847818],[-76.958255128109641,38.984925012153667],[-76.958246202448976,38.984924000359243],[-76.958242250760051,38.984923552767611],[-76.958236058672796,38.984922851005457],[-76.958232431275675,38.984922439723945],[-76.958223756244962,38.984921456558546],[-76.958217494987451,38.984920747115375],[-76.958212166181184,38.984920143111104],[-76.958179463013252,38.984916437387554],[-76.958174120732266,38.98491583198669],[-76.958128312940985,38.984910641040599],[-76.958102220475226,38.984907684561314],[-76.958097428861521,38.98490714200473],[-76.95806969068218,38.984903997690388],[-76.958073726812742,38.984882298216846],[-76.958073774423454,38.984882048934011],[-76.958084293695421,38.984825498717001],[-76.958086093919263,38.984815822764062],[-76.958064880203835,38.98481341791566],[-76.958045324778396,38.984811201600557],[-76.958041842908372,38.984810807775183],[-76.957938089289684,38.98479904957302],[-76.957934607419645,38.984798654351003],[-76.957922573588093,38.984797292022186],[-76.95792154232214,38.984797174712519],[-76.957916720165699,38.984823094567162],[-76.957916527027905,38.984824135690424],[-76.957916339280018,38.984825134917379],[-76.957909970224662,38.984859383046029],[-76.957909553406353,38.984861625893913],[-76.957905046558594,38.984885849624241],[-76.957874929640369,38.98488243647455],[-76.957872111625321,38.984882117364549],[-76.957861753151775,38.984880944967166],[-76.957853834502544,38.984923504586938],[-76.957848609900864,38.984951581353137],[-76.957863950430962,38.98495332004677],[-76.958169296779189,38.984987922834634],[-76.9581530866799,38.985075063409745]]]},"properties":{"BUILDINGID":"286","NAME":"Graduate Hills Apartment"}},{"type":"Feature","geometry":{"type":"Polygon","coordinates":[[[-76.933594878763927,38.983511857128654],[-76.933664154143685,38.983481212197347],[-76.933660555492665,38.983476045586038],[-76.933713292888058,38.983453683002061],[-76.933722353296005,38.983449841734327],[-76.933730543236464,38.983446369161143],[-76.93372660681888,38.98344071444577],[-76.933725239583012,38.983438750168759],[-76.93369888750415,38.983400891215133],[-76.933696559070938,38.983397547124127],[-76.933695619433152,38.983396197337548],[-76.93368582599993,38.983382126875412],[-76.933656401682782,38.98333985821273],[-76.933654717341639,38.983337438650139],[-76.933649023819356,38.983339854022994],[-76.933636738459541,38.983345061843103],[-76.933633107469177,38.983339845643563],[-76.933542664188025,38.983209912571681],[-76.93354188894196,38.983208799501028],[-76.933535149780695,38.983211656196083],[-76.933533410642298,38.983212394286213],[-76.933507879623619,38.983223219839701],[-76.933450792585617,38.983247426673465],[-76.933414078439952,38.983262994988422],[-76.933406908985674,38.983252691759979],[-76.933384609207067,38.983262147267766],[-76.933378851904422,38.983264589876384],[-76.933268528906041,38.983311371611293],[-76.933288211892247,38.98333964802849],[-76.933344982723241,38.983421210632073],[-76.933349680912187,38.983419218423094],[-76.93336298765648,38.983413576973],[-76.933365931435674,38.983417805092898],[-76.933427337573548,38.983506021562711],[-76.933430310997139,38.983510295065635],[-76.933446566012208,38.983502661416168],[-76.933465085680098,38.983493964976169],[-76.93351766407369,38.983469276409934],[-76.933552264483481,38.983453028010416],[-76.933594878763927,38.983511857128654]]]},"properties":{"BUILDINGID":"250","NAME":"Leonardtown Community Center"}},{"type":"Feature","geometry":{"type":"Polygon","coordinates":[[[-76.942276230907325,39.003446921244375],[-76.942281636968701,39.003428840062618],[-76.942323983551205,39.003436548352781],[-76.942330888900798,39.003413461176521],[-76.942345799137868,39.003416175344242],[-76.942368225578946,39.00334117268816],[-76.942351264488067,39.003338084341785],[-76.942357957835256,39.003315699411338],[-76.9423139799122,39.003307694419973],[-76.94231914702172,39.003290414609523],[-76.94219703453355,39.003268182545618],[-76.94220306851733,39.00324800495379],[-76.94219872695956,39.003247214715891],[-76.942166766698378,39.003241396135017],[-76.942162963231468,39.003240702931549],[-76.942156434275972,39.003262534998576],[-76.942031787640417,39.003239842186417],[-76.942026165085053,39.003258653618595],[-76.941984370068155,39.003251045135904],[-76.941977363208935,39.003274479315778],[-76.941950034661346,39.00326950472779],[-76.941957024452591,39.003246128487731],[-76.941912112281628,39.003237953852626],[-76.941917328798496,39.00322050229488],[-76.941873327519232,39.00321249380233],[-76.941794509336219,39.00319814315656],[-76.941800139976422,39.00317931146369],[-76.941797026415642,39.003178744614047],[-76.941765129934851,39.003172939291275],[-76.941760403898144,39.003172078545319],[-76.94175390458706,39.003193807316137],[-76.941631444450891,39.00317151239372],[-76.94162582638711,39.003190288939514],[-76.941582775525447,39.003182450777643],[-76.941576171111464,39.003204544646529],[-76.941563006300981,39.003202150894246],[-76.941540554707075,39.003277219318122],[-76.941556359666194,39.003280096145971],[-76.941549695065092,39.003302378468554],[-76.941591884442417,39.003310058848903],[-76.941586693078378,39.003327416840577],[-76.941712383556322,39.003350299504845],[-76.941711240899281,39.00335412642881],[-76.941713987947409,39.003354626958618],[-76.941745252912554,39.003360319176089],[-76.941749333958896,39.003361062640792],[-76.941751265336762,39.00335461369496],[-76.941874374056553,39.003377028630894],[-76.941879752270154,39.003359037484771],[-76.941922760911012,39.00336686725003],[-76.941929644701034,39.003343842879019],[-76.941957122368947,39.003348845385354],[-76.941950113713091,39.003372287211825],[-76.941991818000162,39.003379880323486],[-76.941986852113288,39.003396483664289],[-76.942017802668062,39.00340212003124],[-76.942112056602625,39.003419277648952],[-76.942110611213337,39.003424121683921],[-76.942114598834877,39.003424846997618],[-76.942146312059364,39.003430622281932],[-76.942149801115917,39.003431256844124],[-76.942151887004016,39.003424283640392],[-76.942276230907325,39.003446921244375]]]},"properties":{"BUILDINGID":"993","NAME":"Courtyard 700"}},{"type":"Feature","geometry":{"type":"Polygon","coordinates":[[[-76.958497906798328,38.984557178193711],[-76.958627842714279,38.984571668085202],[-76.958661428926121,38.984575412930141],[-76.958665208138541,38.984554781017515],[-76.958681995854548,38.984556652393053],[-76.958684015267323,38.984545632224894],[-76.958666833190875,38.984543714762943],[-76.958671336445391,38.984519128510918],[-76.95867289142916,38.984510636790368],[-76.958673215720978,38.984508868758283],[-76.958677639923735,38.984484702855795],[-76.958691291621122,38.984486223699058],[-76.958695164258316,38.984486658026221],[-76.958705887447863,38.984487852774954],[-76.958712925748102,38.984488637636197],[-76.958721977172914,38.984489647341995],[-76.958731331329957,38.984438559421882],[-76.958734240973158,38.984422668761979],[-76.958710947657835,38.984420071176061],[-76.958694868712584,38.984418278003822],[-76.958687536663234,38.984417460322838],[-76.958684285660226,38.984417097917706],[-76.958681084962862,38.984416741098748],[-76.95866814293457,38.98441529846086],[-76.958631341652321,38.984411193297085],[-76.958629444410434,38.984410981719499],[-76.958624942054229,38.984410478960832],[-76.958620474732328,38.984409981090117],[-76.958608911617972,38.984408690676261],[-76.958608545105349,38.984408650176249],[-76.958590497951292,38.984406638443353],[-76.958589019324336,38.984406474348496],[-76.958585730592091,38.984406106357092],[-76.95858126955838,38.984405609184648],[-76.958569013842961,38.984404242658591],[-76.958567577436824,38.984404082055157],[-76.95850648930255,38.984397269674609],[-76.958486144258003,38.984395000277551],[-76.958483931707448,38.984394753786098],[-76.95847994588253,38.984394310380793],[-76.958444791212202,38.984390389560687],[-76.958414650937783,38.984387027361251],[-76.958419915963688,38.984358280724095],[-76.958431210481749,38.984296580994233],[-76.958405323730219,38.984293694316989],[-76.958396769972069,38.984292740470522],[-76.958389958047277,38.984291981443363],[-76.958303029873846,38.98428228726231],[-76.958298018172897,38.984281728640596],[-76.958296160456868,38.984291882986305],[-76.958295258548333,38.984296809330772],[-76.958294818373844,38.98429921070538],[-76.958286868283594,38.984342640029197],[-76.958281516121104,38.984371867785036],[-76.958249374400253,38.984368284929417],[-76.95821096333701,38.984364001004167],[-76.958189611281028,38.984361619881795],[-76.958128293178049,38.984354781660969],[-76.958107317516166,38.984352442434862],[-76.958087779158731,38.984350262415703],[-76.958067057720086,38.984347951818791],[-76.957968543974445,38.984336965833648],[-76.957966449103196,38.984336733307558],[-76.957962869316788,38.984336333195039],[-76.957962212648312,38.984339916052335],[-76.957959431464204,38.98435510705778],[-76.957958663404639,38.984359299509379],[-76.95795805344855,38.984362635873893],[-76.957957601595965,38.984365104979076],[-76.957950720500889,38.984402692485993],[-76.957993289865556,38.984407441460682],[-76.957976670134499,38.984498224952901],[-76.958141053746658,38.984516557462968],[-76.9581480624025,38.984478265456808],[-76.958150336936797,38.984465853613713],[-76.958153234901928,38.984450009744407],[-76.958153312157023,38.984449592175665],[-76.958157648324914,38.984425904571808],[-76.958173373333949,38.984427657942184],[-76.958176781542136,38.984428038502443],[-76.958205380307533,38.984431227527537],[-76.958233832647522,38.984434400492198],[-76.958325644062811,38.984444639307327],[-76.958349986610401,38.984447354900922],[-76.958440649978755,38.984457466628079],[-76.958458659403561,38.984459473471624],[-76.958492118952947,38.984463205055299],[-76.958514653191855,38.984465718846579],[-76.958510449974639,38.984488664868927],[-76.958497906798328,38.984557178193711]]]},"properties":{"BUILDINGID":"292","NAME":"Graduate Hills Apartment"}},{"type":"Feature","geometry":{"type":"Polygon","coordinates":[[[-76.946294539801954,38.985384807327414],[-76.946294626938553,38.985388935477545],[-76.946295055434916,38.985408999456787],[-76.946295322234562,38.985421552184235],[-76.946414359789486,38.985420006223478],[-76.946415048797306,38.985419999240804],[-76.946414257381562,38.98538279073437],[-76.946430569888804,38.985382578461412],[-76.946430565397236,38.985382334068234],[-76.946430461192648,38.985377471341522],[-76.946429818897215,38.98534735021957],[-76.94643165954524,38.985347328573297],[-76.946437989074724,38.985347244083009],[-76.946437947752216,38.985345385995451],[-76.946437742038015,38.985335691260353],[-76.946437723173389,38.985334817030399],[-76.946435837609627,38.985246255800412],[-76.946435726218539,38.985241033456496],[-76.946435598657757,38.985235107956576],[-76.94643546930034,38.985229073526355],[-76.946407809274447,38.98522943243605],[-76.946395592186576,38.985229590942822],[-76.946348670484326,38.985230199134072],[-76.946347085856189,38.985230219383823],[-76.946339756501771,38.985230315046515],[-76.946338937238238,38.985230325520554],[-76.946313960480097,38.985230650215058],[-76.946294213713514,38.985230906479366],[-76.946290564756822,38.985230954659826],[-76.946269675333212,38.985231224191224],[-76.94626595630794,38.985231273069971],[-76.946247088093699,38.985231517463674],[-76.946244635692963,38.985231550282236],[-76.946223610623747,38.985231821908435],[-76.946220815964907,38.985231859614906],[-76.946203235036478,38.98523208725021],[-76.946199955287369,38.985232129146247],[-76.946177960037645,38.985232416134338],[-76.946174486252445,38.985232459426939],[-76.946130251411219,38.985233033403041],[-76.946125267558017,38.98523309904018],[-76.946105057260766,38.985216365749267],[-76.946104962937653,38.985211854239971],[-76.94610432064222,38.985181703720251],[-76.946104272133198,38.985179418288148],[-76.946104022401542,38.985167713913853],[-76.946103971197587,38.98516529790507],[-76.946103681940045,38.985151771745755],[-76.946103619956304,38.985148821560969],[-76.946103272308292,38.985132508607926],[-76.946103218409377,38.985130009503962],[-76.946102922863645,38.9851161307121],[-76.946102865371472,38.985113358584407],[-76.946102508740296,38.985096636437483],[-76.946102453044759,38.985094019324791],[-76.946102163787216,38.985080469410711],[-76.946102101803476,38.98507746964583],[-76.946101754155464,38.985061172736501],[-76.946101690375073,38.985058160401927],[-76.946101037299869,38.985027476338644],[-76.946100976214424,38.985024721664253],[-76.94610095016327,38.985023480140434],[-76.946042598297367,38.985024237763241],[-76.946042517449001,38.985024239858028],[-76.946039592534433,38.985024276866334],[-76.946014726269055,38.985024599466996],[-76.945986485033146,38.985024966058667],[-76.945954365770163,38.98502538362402],[-76.945949523850786,38.985025446468327],[-76.94594957415643,38.985027806620288],[-76.945949633445238,38.985030553613619],[-76.945950187705776,38.985056578821514],[-76.945950829102884,38.985086740566821],[-76.945954364871852,38.985252732232482],[-76.94595437924491,38.985253518481763],[-76.945925949362774,38.985253885072254],[-76.945923697286375,38.985253915097751],[-76.945923727829083,38.985255268340303],[-76.945923780829673,38.985257791879206],[-76.945925281016201,38.985328271477393],[-76.945925329525224,38.985330503836401],[-76.945925359169635,38.985331923412808],[-76.945954561602889,38.985331544253967],[-76.945954982912767,38.985351391088535],[-76.946278786945143,38.985347191014782],[-76.946279582852455,38.985384537796655],[-76.946282340680384,38.985384502185042],[-76.946294529022182,38.985384344376897],[-76.946294539801954,38.985384807327414]]]},"properties":{"BUILDINGID":"061","NAME":"Queen Anne's Hall"}},{"type":"Feature","geometry":{"type":"Polygon","coordinates":[[[-76.937269984507637,38.986319816707123],[-76.937294760043173,38.986329507816151],[-76.937307259202029,38.98631004180595],[-76.937407077301458,38.986349084843823],[-76.937425633800288,38.986320190274675],[-76.937436896877315,38.986324594880038],[-76.937452163745562,38.986300823414403],[-76.937457587773252,38.98629237729434],[-76.937460047360489,38.986288547352785],[-76.937511153415329,38.986208964123271],[-76.937494486073547,38.986202444486622],[-76.937521482244463,38.986160402347139],[-76.937522268270328,38.986158949969145],[-76.937500041255262,38.986150250364204],[-76.937536696112119,38.986093169086686],[-76.937474479693861,38.986068698585591],[-76.937490800285929,38.986042936295476],[-76.93742650336948,38.986018343581527],[-76.937394349970518,38.986006044428308],[-76.937364339053502,38.985994566426989],[-76.937331705954179,38.985982085721936],[-76.937317153246568,38.986005260282148],[-76.93727948778502,38.98599085447534],[-76.937255277289779,38.985981594844894],[-76.937220843966642,38.985968424256193],[-76.937187862320982,38.986020951582667],[-76.937172200194013,38.986014960511611],[-76.937171536339022,38.986014707043189],[-76.937168394930467,38.986019707981605],[-76.937120988137977,38.986095202417744],[-76.937115313480334,38.986104242081652],[-76.937114942476114,38.986104832110662],[-76.937124039715002,38.986108310837778],[-76.937129299350985,38.986110322522372],[-76.937096178466462,38.986163064108979],[-76.93712915651885,38.986175678847729],[-76.937135709728864,38.986178184897376],[-76.937190265314371,38.98619905304642],[-76.93717646629328,38.98622103002306],[-76.937190762082722,38.986226639827812],[-76.937159352488806,38.986276542212906],[-76.937181340552016,38.986285143348027],[-76.937188849569466,38.986288079520342],[-76.937263451060559,38.986317261086285],[-76.937266277160447,38.986318367125477],[-76.937269984507637,38.986319816707123]]]},"properties":{"BUILDINGID":"079","NAME":"Turner Hall"}},{"type":"Feature","geometry":{"type":"Polygon","coordinates":[[[-76.947026570638783,38.983806511732283],[-76.947037507627357,38.983808587025919],[-76.947050311315095,38.983810179806696],[-76.947063247953508,38.983810916494043],[-76.947068466266998,38.983810966770299],[-76.94707620974475,38.983810782423909],[-76.947089113145495,38.983809785975808],[-76.947101853052843,38.983807931339264],[-76.947114354008335,38.983805231083387],[-76.947114174345288,38.983799884338964],[-76.947113698238198,38.983785812560519],[-76.947114474382573,38.983785795801715],[-76.947179076726243,38.983784468367539],[-76.947179396526494,38.983784462082994],[-76.947183691371862,38.983784373401186],[-76.947184715451272,38.98378435245273],[-76.94718550057884,38.983784336392233],[-76.947189028262954,38.983784263770914],[-76.947189530421213,38.983784253296655],[-76.94722735398625,38.983783476807019],[-76.947227313562053,38.983782330926132],[-76.947227255171555,38.983780573350117],[-76.947227219238954,38.983779508469873],[-76.947227187797907,38.9837785860392],[-76.947227153661927,38.983777570038725],[-76.947225414523544,38.983725863624549],[-76.947229714758805,38.983726059842006],[-76.947228720323793,38.98368804183346],[-76.947228633187208,38.983684757110098],[-76.947226784454344,38.983614149486364],[-76.947221839228703,38.983614174624584],[-76.947221462834605,38.983608846021106],[-76.947221132254583,38.983599021865736],[-76.947219609610173,38.983553872211402],[-76.94716637005655,38.983554965026414],[-76.947164341660638,38.983494820375221],[-76.947164209608303,38.9834909071864],[-76.947164051504814,38.983486158848528],[-76.947164046114921,38.98348601500183],[-76.947163430768938,38.983467800933347],[-76.947172161495189,38.983467655690006],[-76.9472594597745,38.98346618579972],[-76.947260915943588,38.983575438021603],[-76.947260959961014,38.983578757664262],[-76.947261134234196,38.983591838618956],[-76.94726137138943,38.983595626111089],[-76.947262910203506,38.98360604520478],[-76.947263435717943,38.983608093969465],[-76.947264375355729,38.983611763450753],[-76.947265544962235,38.983616329528139],[-76.947267204150563,38.983620836251148],[-76.947268502216161,38.983624363281947],[-76.947269237936382,38.983626353390278],[-76.947269254106033,38.983626398080403],[-76.947269273868969,38.9836264420723],[-76.947274025058533,38.983636215249177],[-76.947279812005576,38.983645679085186],[-76.947281755959835,38.98364828158747],[-76.947284052952043,38.983651356129265],[-76.947286549370205,38.983654695320261],[-76.947286576319669,38.983654729536156],[-76.947286605065756,38.983654763752043],[-76.947292286011603,38.98366109787996],[-76.947293779909927,38.983662763285558],[-76.94729429015301,38.983663333783007],[-76.94730287804714,38.98367140035073],[-76.947304855239054,38.983672976375829],[-76.947307865493585,38.983675370090467],[-76.947312283408166,38.983678884549441],[-76.947318236543538,38.983682893392654],[-76.947321074321522,38.983684805291666],[-76.947322458625379,38.983685740292614],[-76.94733332105379,38.983691913812713],[-76.947334872444287,38.983692650501233],[-76.947338116260767,38.98369419230999],[-76.947344800624805,38.983697368799113],[-76.947350402518921,38.983699557916054],[-76.947353916728304,38.983700941912701],[-76.947354320970177,38.983701087853859],[-76.947356779659117,38.983702051484201],[-76.947356818286679,38.983702064751604],[-76.947369288699463,38.983705968152762],[-76.947370130420865,38.983706171353077],[-76.947372658280074,38.983706779557423],[-76.947381933385401,38.983709010571026],[-76.947382130116438,38.983709057355981],[-76.947395204197079,38.983711302335138],[-76.947395253604412,38.983711311412819],[-76.947395304808396,38.983711315602534],[-76.947408572026816,38.983712705185269],[-76.947421812295786,38.98371323308703],[-76.947421991958862,38.983713237974989],[-76.94742714559365,38.98371311158585],[-76.947428061875229,38.983713088542494],[-76.947431453015426,38.983713004050301],[-76.947435063344557,38.983712918859773],[-76.947435423568976,38.983712905592441],[-76.947435460399916,38.983712902799248],[-76.947448775229049,38.983711708735733],[-76.947449678035895,38.983711569777448],[-76.947451926519065,38.983711219239488],[-76.947461951717628,38.983709656482624],[-76.947461993938461,38.98370964740495],[-76.947462037955901,38.983709638327284],[-76.947468198602124,38.983708255727322],[-76.947472094595511,38.98370738217551],[-76.947474868593119,38.983706760005489],[-76.947474909915613,38.983706748832979],[-76.947474953034728,38.983706736263883],[-76.947486436199014,38.983703373333682],[-76.947487466566656,38.983703029778525],[-76.947489122161727,38.98370241319472],[-76.947492250993875,38.983701249157171],[-76.947499594721307,38.983698513284772],[-76.947506559359695,38.983695345175143],[-76.947509561529372,38.983693979333729],[-76.947511173107003,38.983693246136596],[-76.947522184655753,38.983687235316609],[-76.947524405291134,38.983685795456978],[-76.947527531428321,38.983683769039608],[-76.947532522468052,38.983680533894102],[-76.947539822178044,38.98367494832749],[-76.94754146160345,38.983673693512657],[-76.947542118271897,38.983673191447046],[-76.947550901998753,38.983665254760226],[-76.947553238516804,38.983662751414748],[-76.947555781647381,38.983660027411716],[-76.94755881435978,38.983656778299483],[-76.94756580864258,38.983647821418721],[-76.947571827354977,38.983638443471875],[-76.947572535227422,38.983637068551673],[-76.947574344434415,38.983633554090623],[-76.947576836361009,38.983628711494042],[-76.947578019442233,38.983625718650487],[-76.947579621138402,38.983621663717315],[-76.947580795236476,38.983618691123667],[-76.947582223557774,38.983613622282107],[-76.947583276383284,38.98360988925711],[-76.947583687811687,38.983608420068002],[-76.947584273513243,38.983605022218981],[-76.947584580737072,38.983603248578021],[-76.947584604991604,38.983603106826394],[-76.947585475459093,38.983598066613375],[-76.94758626687485,38.983586030991013],[-76.947585355084854,38.983550116139845],[-76.947584781959705,38.983527584594341],[-76.94758461397474,38.983520977425187],[-76.947584605889901,38.983520666688506],[-76.947584555584257,38.983518716379429],[-76.947584300462708,38.98350866666555],[-76.947583549471119,38.983479109661069],[-76.947591532799052,38.983479041229117],[-76.947624660870105,38.983478751440792],[-76.947681414633124,38.983478257054962],[-76.947683031600633,38.983504777917474],[-76.947683048668623,38.983505048153695],[-76.947702556483321,38.983504579604549],[-76.94772256196471,38.983504099184621],[-76.947723724384701,38.983504071253236],[-76.947808120207327,38.983502037149499],[-76.947808277412506,38.98350203365807],[-76.947843102401123,38.983501195017965],[-76.947843053892086,38.983500438077158],[-76.947841367754307,38.983474708370089],[-76.947849765205575,38.983474524721075],[-76.947897836751366,38.983473473103722],[-76.947897819683376,38.983472963355524],[-76.947896077850046,38.983425823506906],[-76.947902733467984,38.983425834679501],[-76.947903833904206,38.983423933247749],[-76.947908878842853,38.983413957538701],[-76.94791287095596,38.983403697625896],[-76.947915791378961,38.983393219148155],[-76.947917615857293,38.983382591933868],[-76.947917811690033,38.983379679382807],[-76.947918073099771,38.983375799705357],[-76.94791833720447,38.983371883018577],[-76.947918022794113,38.983363220778557],[-76.94791798506489,38.983362199884084],[-76.947917946437329,38.983361164325608],[-76.947916446250787,38.983350504287117],[-76.947915604529385,38.983347077097655],[-76.947913850119633,38.98333997203342],[-76.947912433476432,38.983335989705658],[-76.947911220750797,38.983332580670947],[-76.947910176010126,38.983329642979506],[-76.947907842187021,38.983324682351679],[-76.947905961114799,38.983320683264211],[-76.947905439193633,38.983319573686735],[-76.947899676501081,38.983309839570218],[-76.947890881994454,38.983310532270643],[-76.947889546199619,38.983261558611659],[-76.947849876596678,38.983262636068808],[-76.947840094841553,38.983262902116266],[-76.947833346697124,38.983263085765785],[-76.9478327816568,38.983246270309579],[-76.947790713552052,38.9832473582413],[-76.947789720015365,38.983247382681348],[-76.947737998614556,38.983248717806795],[-76.947715630563977,38.983249297385271],[-76.947707218739652,38.983249513854368],[-76.947702744231236,38.98324962907175],[-76.947688408915923,38.983250001258902],[-76.94768415000317,38.983250111588298],[-76.947673439390016,38.983250388808379],[-76.947674133787757,38.983264191852712],[-76.947674229907491,38.983266096780135],[-76.947628176876123,38.983267821549454],[-76.94761834571365,38.983268188848477],[-76.947620668756983,38.983346945121532],[-76.94762100921848,38.983358479414996],[-76.947580512267152,38.983359345289941],[-76.947578820739466,38.98335938090252],[-76.94757901477557,38.983351745141924],[-76.947579058793025,38.983350049004407],[-76.947572783162443,38.983346923474656],[-76.947570234641987,38.983345651196863],[-76.94755488692536,38.983338825447063],[-76.947551439191301,38.983337507082226],[-76.947547352755066,38.983335945015348],[-76.94754669608659,38.983335694330471],[-76.947539022677446,38.983332760130594],[-76.947528694746609,38.983329422320956],[-76.947524890381388,38.983328193336625],[-76.947522702085351,38.983327487368925],[-76.947505985336235,38.983323025317546],[-76.947503045150313,38.983322398256171],[-76.94749788163405,38.983321297756497],[-76.947488947888544,38.983319392830495],[-76.947479290100944,38.983317836349563],[-76.947474095143647,38.983316998405527],[-76.947471649031129,38.983316605270133],[-76.947454159730853,38.98331466612801],[-76.947451577972728,38.983314509013496],[-76.947450362552161,38.983314411253367],[-76.947446351574413,38.983314190594783],[-76.94743654556477,38.983313594257936],[-76.947427192306037,38.983313481833797],[-76.947421891347531,38.983313421082812],[-76.947418881093029,38.983313384771911],[-76.947401239977481,38.983314043954586],[-76.947398862136922,38.983314249250867],[-76.947394673292749,38.983314613058255],[-76.94739242840285,38.983314808578513],[-76.947383679710299,38.983315566219545],[-76.947379950803551,38.983316075968872],[-76.947374370469021,38.983316839196178],[-76.947370076521963,38.98331742645528],[-76.947366282936514,38.983317945980552],[-76.947349108944891,38.983321176254591],[-76.947346673612174,38.98332176211705],[-76.947344864405181,38.983322197149647],[-76.947332226905758,38.983325240282696],[-76.947322807171702,38.983328026446117],[-76.9473204437042,38.983328725430994],[-76.947315710480964,38.983330124797206],[-76.947299618959278,38.983335813039211],[-76.947284016121102,38.98334227568035],[-76.947274598183668,38.98334678940364],[-76.947268960356936,38.983349493168483],[-76.947254520837063,38.983357431985596],[-76.947254768772098,38.983361816524969],[-76.947254951130091,38.983365075426754],[-76.947212149101745,38.983364799603656],[-76.947211545433873,38.98334676147217],[-76.947206079185364,38.983184770019179],[-76.94719008378344,38.983184913866488],[-76.947187740078846,38.9831100154585],[-76.947203560309319,38.983110111124063],[-76.947203422867076,38.983106049876767],[-76.947196181547582,38.982891352992418],[-76.9471960360205,38.98288704872737],[-76.94719412440557,38.982830392173042],[-76.947207709627605,38.982830112856455],[-76.947218266628838,38.982829896386079],[-76.947222556084299,38.982829807703062],[-76.947285965465269,38.982828503992856],[-76.94728747104169,38.982828475362936],[-76.947296531449638,38.982828288220773],[-76.947374793575506,38.982826678658874],[-76.947381392599581,38.982826544586921],[-76.9474424007838,38.982825290455359],[-76.947450655402946,38.982825120770507],[-76.947504967545029,38.982824004202328],[-76.947527520648535,38.982823540536756],[-76.947539324511382,38.982823298229604],[-76.947543357048687,38.982823215132903],[-76.947547101226789,38.982823138320832],[-76.947546105893451,38.982834485557525],[-76.947545845382024,38.982844073796535],[-76.947546695188279,38.982853637594097],[-76.947548649024014,38.982863105026127],[-76.947551257731618,38.98287108300206],[-76.947551687126321,38.982872396487572],[-76.947552677968062,38.982874577250541],[-76.947555789732206,38.982881434468155],[-76.94756091911249,38.982890144949195],[-76.94756168896869,38.982891192385551],[-76.947564591425376,38.982895134237403],[-76.947567038436191,38.982898462291431],[-76.947570737698541,38.98290257801731],[-76.947571267704575,38.982903168072994],[-76.947573409288196,38.982905552037579],[-76.947574093804448,38.982906309683045],[-76.947582028623358,38.982913629864321],[-76.947583845016851,38.982915028540489],[-76.94758651570821,38.982917085006399],[-76.947590774620963,38.982920364877366],[-76.947596917300885,38.982924303934432],[-76.947599068765982,38.982925684454841],[-76.947599349040331,38.982925863915533],[-76.947600266220263,38.982926450479567],[-76.947604579031932,38.98292874157071],[-76.94761041987789,38.982931845471931],[-76.947612211118567,38.982932621272667],[-76.94761713388634,38.982934754550008],[-76.947621161033766,38.982936500276089],[-76.94762611254761,38.982938212484207],[-76.947632393568071,38.982940386262236],[-76.947644034835832,38.982943450360388],[-76.947655538661365,38.98294561296558],[-76.947655977937544,38.982945695363824],[-76.947656442366551,38.982945747735606],[-76.94766813124501,38.982947087056445],[-76.947671525978478,38.982947319587154],[-76.947683901169839,38.982947717612618],[-76.947690704111466,38.982947620550277],[-76.947695342113292,38.982947554910972],[-76.947702966115102,38.982946867793324],[-76.947706709394893,38.982946531217351],[-76.94771789342019,38.982944649324878],[-76.947728794476149,38.982941930182236],[-76.947730462647641,38.982941369455091],[-76.947734379302275,38.98294005457425],[-76.947736384341994,38.982939381422305],[-76.947739305663291,38.982938401022587],[-76.947742665362441,38.982936955561456],[-76.947747008716846,38.982935088332816],[-76.947749326370285,38.982934091872394],[-76.947757669024341,38.982929691944094],[-76.947755299268621,38.98292667044106],[-76.947753566418427,38.982924460351505],[-76.947736674497833,38.982902918084889],[-76.94774101246233,38.982900168215842],[-76.947741263990608,38.982900007608954],[-76.947741965574849,38.982899564892591],[-76.94774470813141,38.982897827545116],[-76.947747147955738,38.982895907943629],[-76.947749554542369,38.982894014877175],[-76.947751992570048,38.982892095275631],[-76.947758451456934,38.982885784820795],[-76.947764004842028,38.982878970199302],[-76.947765533774643,38.982876560397024],[-76.947767065402218,38.982874144310053],[-76.947768595233143,38.982871732412775],[-76.947772160646494,38.982864153859438],[-76.947774666946131,38.982856317635843],[-76.947775137663342,38.982853659939387],[-76.94777561197381,38.982850975707819],[-76.947775679347458,38.982850595837341],[-76.947776082691036,38.982848319407765],[-76.947776394406432,38.982840247858199],[-76.947775594905835,38.982832196558192],[-76.947775065798126,38.982829982974231],[-76.947774151313169,38.982826164018057],[-76.94777369407069,38.982824257682182],[-76.947771421333016,38.982818350833853],[-76.947770718850478,38.982816524801308],[-76.947769340834824,38.98281397813173],[-76.94776669619462,38.98280908450382],[-76.947765266076701,38.982807074122029],[-76.947762880151302,38.982803716037118],[-76.947761676408831,38.982802023377936],[-76.947755715188578,38.982795422425703],[-76.947755447490636,38.982795183609866],[-76.947754847416022,38.982794652908098],[-76.947748879907593,38.982789361252451],[-76.94774473418255,38.982786389322158],[-76.947744304787861,38.98278608207373],[-76.947741256804093,38.982783899911468],[-76.947739658701195,38.982782898560842],[-76.947735459077251,38.982780266000141],[-76.947727491020672,38.982776294115304],[-76.947725928850389,38.982775705455161],[-76.947718976788423,38.982773081273734],[-76.947710038551335,38.982770670071261],[-76.947703096370816,38.982769482276474],[-76.94770080207357,38.982769089138039],[-76.94769139401761,38.982768365707422],[-76.947688662240836,38.982768318223592],[-76.947685289066939,38.982768591255791],[-76.947683777202315,38.982735799451952],[-76.947681780247436,38.98269255698321],[-76.94768152422759,38.98268702790034],[-76.947680848694503,38.98267236584303],[-76.947678471752255,38.982620852049024],[-76.947677593199913,38.982601832625299],[-76.947677060498947,38.982590271673423],[-76.947677051515782,38.982590062883574],[-76.947676446949615,38.982577001994272],[-76.947676384965845,38.982575649398839],[-76.947676375982695,38.982575444798726],[-76.947638337720306,38.982576048124685],[-76.947637901139075,38.98257605580595],[-76.94756619851141,38.982577189835368],[-76.947565565199142,38.982577199611491],[-76.947543086655784,38.982577555741408],[-76.947502506161143,38.982578198171851],[-76.947502772960775,38.982562219807647],[-76.947516711220729,38.982562217014475],[-76.947516683372953,38.982560161934828],[-76.947516640253824,38.982557147398964],[-76.947516689661171,38.982550688875889],[-76.947516641152134,38.982547680624279],[-76.947515391595587,38.982468729336119],[-76.947540415066129,38.982447983685738],[-76.947543057011387,38.982445795228394],[-76.947543305844718,38.982445587834732],[-76.947541988016184,38.982444548771362],[-76.947530711464424,38.982436385699074],[-76.947528883392835,38.982435242589567],[-76.947525121248418,38.982432888635785],[-76.947518710870554,38.982428879721844],[-76.947513417098577,38.982426032771286],[-76.947508969539598,38.982423640410978],[-76.947506049116612,38.982422068547848],[-76.947492786389773,38.982415987790347],[-76.947478999945091,38.982410670269445],[-76.947473491475776,38.982408917547474],[-76.947468999899357,38.982407490231161],[-76.947464755359647,38.982406141822274],[-76.947450132583441,38.982402428285852],[-76.947449090537717,38.982402225780113],[-76.947446595916162,38.982401744654403],[-76.947435200786799,38.982399548514358],[-76.947427857059353,38.982398562520807],[-76.947423316973897,38.982397954305213],[-76.947420043513006,38.982397515077203],[-76.947404734423941,38.982396345431795],[-76.947402598230184,38.982396300042581],[-76.947398628574959,38.982396221135176],[-76.947389361554485,38.982396034690176],[-76.947380100822215,38.98239637266532],[-76.94737612937034,38.98239651791085],[-76.947373998566476,38.982396596818248],[-76.947358727206662,38.982398017850116],[-76.947355462728908,38.982398510148613],[-76.947350949592916,38.982399190986925],[-76.94734362562842,38.982400297785659],[-76.947337738070047,38.98240153656225],[-76.947332323025506,38.982402676879119],[-76.947329796064622,38.982403208282129],[-76.947328779171698,38.982403423357198],[-76.947314257006838,38.982407373615793],[-76.947310072654233,38.982408784172989],[-76.947305559518242,38.98241030645746],[-76.947300138185511,38.982412134595357],[-76.947286493674653,38.982417677665623],[-76.947273399831076,38.98242397279963],[-76.947271609488709,38.982424981138308],[-76.947267159234798,38.982427483130948],[-76.947260924028399,38.982430990668902],[-76.947257392751027,38.982433294345405],[-76.947256963356324,38.982433570870384],[-76.947252664917684,38.982436382207588],[-76.947249125555473,38.982438692168579],[-76.947243609001319,38.982442858896725],[-76.947239642041026,38.982445853885196],[-76.947238072684229,38.982447040288854],[-76.947227821110204,38.982455986148778],[-76.947257635296168,38.982476814893936],[-76.947259360061508,38.982533407488134],[-76.947259389705906,38.982534395574731],[-76.947259420248628,38.982535371091956],[-76.947260086798565,38.982557275186835],[-76.947260277241412,38.982563513048326],[-76.947275990572351,38.982563381769054],[-76.947276007640355,38.982579969045332],[-76.947276010335287,38.982583947225784],[-76.947128475524607,38.982587347917033],[-76.947127879941561,38.982571364666811],[-76.947126510909072,38.982534579924447],[-76.947130686278527,38.982534630899913],[-76.947127084932546,38.982450542239484],[-76.947123382076953,38.982450562490023],[-76.947121653718327,38.982404165645534],[-76.947121056338673,38.982388116015869],[-76.947116854019768,38.982388195621589],[-76.947109854347076,38.982388328297809],[-76.947109348595575,38.982370824812278],[-76.947109052151532,38.982360446736237],[-76.947108956031798,38.982357085837009],[-76.947108773673804,38.982350905217587],[-76.947108571552846,38.982344004654166],[-76.947108390093177,38.982337870819478],[-76.947048967435435,38.982338922453749],[-76.94704891353652,38.982337091520733],[-76.947031140368622,38.982337407150716],[-76.947024494632146,38.982337523766205],[-76.946989322893842,38.982338146646512],[-76.946936370801112,38.982339084458488],[-76.946936424700013,38.982340913994825],[-76.946877002940596,38.982341965629011],[-76.946877187993536,38.982348325711357],[-76.946877697338323,38.982365880178094],[-76.946878477075984,38.982392705215958],[-76.94686588449234,38.982392944033101],[-76.946866019239621,38.982397786015959],[-76.946867779039266,38.982460951027257],[-76.946861910345518,38.982460938457933],[-76.946864817293772,38.982551692324719],[-76.946870302406893,38.982551696514506],[-76.946871445063934,38.982592772263608],[-76.946873296491731,38.98259272408135],[-76.94687684214216,38.982592630509963],[-76.946925715883509,38.982591339364674],[-76.946924831941274,38.982615855060281],[-76.946924734024904,38.982618628682339],[-76.946924716956914,38.982619117487836],[-76.946926104854029,38.982619089556088],[-76.946929334297465,38.982619025313085],[-76.946993170378192,38.982617764194949],[-76.946995227520205,38.982668141170087],[-76.946992786797566,38.982668176084708],[-76.946989987647143,38.982676765787332],[-76.946989233062297,38.982679075042164],[-76.946988704852927,38.982681458316044],[-76.946961996142889,38.982681958992075],[-76.946951286428074,38.98268216010041],[-76.946953039939501,38.982743246041778],[-76.946990068495509,38.98274259593164],[-76.946990999150159,38.982745958209179],[-76.946994737938354,38.982755844630944],[-76.946998798323463,38.982755687515187],[-76.947000674005764,38.982801646998709],[-76.947000844685661,38.982805838843994],[-76.946946610697012,38.982807090881003],[-76.946937783851027,38.982807294782198],[-76.946934238200598,38.982807375784056],[-76.946932693996629,38.982807411396905],[-76.946932771251753,38.982809505573705],[-76.946932874558016,38.982812271506994],[-76.946933404564049,38.98282654249202],[-76.946933754906993,38.982835983392654],[-76.946894565004399,38.982835992470442],[-76.946885602512822,38.982835995263606],[-76.946882054167432,38.982835994565299],[-76.946881614891268,38.982835994565299],[-76.946883495065165,38.982891730069518],[-76.946883500455044,38.982891926289248],[-76.946884308040495,38.982915836462745],[-76.94688518299958,38.982941763290818],[-76.946885583648196,38.982953667744141],[-76.946891075049521,38.983116568199506],[-76.946909821991184,38.983116182744148],[-76.946910214554975,38.983127797378394],[-76.946910718509841,38.983142754717385],[-76.946912240255926,38.983187901142387],[-76.946912356138611,38.983191320658413],[-76.946904199435835,38.983191488247485],[-76.946891552953261,38.983191748010618],[-76.946893761910545,38.983257284395421],[-76.946896774860008,38.983346619021788],[-76.946897316544124,38.983362654468415],[-76.946898452014636,38.983396307666716],[-76.94690110204472,38.983474937407593],[-76.946901105637977,38.983474973718415],[-76.94695536567778,38.983473892773056],[-76.946955692664531,38.983483605220222],[-76.946955769919654,38.98348585579285],[-76.946936279172931,38.983486256608415],[-76.946927402919613,38.983486439559115],[-76.946927626600115,38.983492990868683],[-76.946927720024902,38.983495796577508],[-76.946927139713253,38.983495808448339],[-76.946919129435841,38.983495970450484],[-76.946919705255951,38.983512963211687],[-76.946920433789643,38.98353457162969],[-76.946928883343205,38.983534396360277],[-76.946929170804097,38.983542847697422],[-76.946957266512925,38.983542270216191],[-76.946957647398605,38.983553524465798],[-76.946957818078502,38.983558596104793],[-76.946913688340175,38.983559503176089],[-76.946905608892507,38.983559668669457],[-76.946902244701761,38.983559738497867],[-76.946902763029698,38.983575082594989],[-76.946902855556161,38.983577826153265],[-76.946903780820904,38.983605274997686],[-76.946903874245706,38.983608018554847],[-76.946904185062778,38.983617263831754],[-76.946899317990571,38.983617257547245],[-76.9469020758185,38.983721840818141],[-76.946902364177689,38.983732777320675],[-76.94690808195449,38.983732791984586],[-76.946908452958695,38.983743804598205],[-76.946908825759536,38.983754817210098],[-76.9469100169256,38.983790158667865],[-76.946921220713833,38.983789928933099],[-76.946956007074888,38.983789214590573],[-76.946959656031581,38.983789139176089],[-76.946961072674782,38.983789109848274],[-76.946961783242173,38.983789095882649],[-76.946963185512331,38.983789066554777],[-76.946967620494888,38.98378897577814],[-76.947025938224812,38.983787778922725],[-76.947026570638783,38.983806511732283]]]},"properties":{"BUILDINGID":"039","NAME":"Van Munching Hall"}},{"type":"Feature","geometry":{"type":"Polygon","coordinates":[[[-76.938296952015165,38.999614329215611],[-76.938293118005546,38.999629195106969],[-76.938357097816706,38.999639342364091],[-76.938363764214429,38.999615141834177],[-76.938360387447275,38.999614610560371],[-76.938375541127783,38.999553840071123],[-76.938230380564406,38.999527297296702],[-76.938231797207607,38.999519519466034],[-76.938214438163058,38.999516929415435],[-76.938212477140794,38.999525209199561],[-76.938182585699707,38.99952015127085],[-76.938176822108858,38.999519175289507],[-76.938159146857316,38.999584038224434],[-76.938155973109417,38.999583284946254],[-76.938152580172599,38.999595056749371],[-76.938150090042626,38.999603703040471],[-76.938163928589574,38.999605932854926],[-76.938174128061306,38.999607576941607],[-76.938174483794157,38.999607634886054],[-76.938237489831565,38.999617788429347],[-76.938241442418814,38.999604393487118],[-76.938296952015165,38.999614329215611]]]},"properties":{"BUILDINGID":"430","NAME":"Metzerott House (4103)"}},{"type":"Feature","geometry":{"type":"Polygon","coordinates":[[[-76.94064914477255,38.978985598972756],[-76.940651076150402,38.978986469091176],[-76.940666252288821,38.978965963344166],[-76.94066765815225,38.978964065284295],[-76.940670732187144,38.978959912317997],[-76.940677705808696,38.978950493247112],[-76.940678684972355,38.978949168515584],[-76.94069103321425,38.978932486114118],[-76.940701947744955,38.978917741574691],[-76.940705108018122,38.978913471984605],[-76.940692327686563,38.9789077093643],[-76.940691953089086,38.978907538971768],[-76.94068894552953,38.978906184211247],[-76.940606435270681,38.97886897577294],[-76.940594520915084,38.978863604214219],[-76.940502503785567,38.978822107302996],[-76.940448415323999,38.97889508145888],[-76.940454203169381,38.978897691817458],[-76.940469612869762,38.978904640901533],[-76.940515353287381,38.978925266779072],[-76.940530380305475,38.97893204337295],[-76.940571172802521,38.978950438079075],[-76.94064914477255,38.978985598972756]]]},"properties":{"BUILDINGID":"272","NAME":"Graduate Gardens Apartment 4318"}},{"type":"Feature","geometry":{"type":"Polygon","coordinates":[[[-76.943407076001051,38.983321030312709],[-76.943480020100438,38.98331981878539],[-76.94348024378094,38.983327982454107],[-76.94348119240189,38.983327964996903],[-76.94348164245784,38.983327958014023],[-76.943641094319091,38.983325308016497],[-76.943650478120546,38.983325152298548],[-76.943745668997948,38.983323569981117],[-76.94374994408038,38.98332350015248],[-76.943910091237669,38.98332083549073],[-76.943914623238271,38.983320760774042],[-76.943914579220817,38.983319151921634],[-76.943914407642595,38.983312852677436],[-76.94391706216426,38.983312808685405],[-76.943988063207698,38.983311630675686],[-76.943988038953165,38.983310744549811],[-76.943988005715525,38.98330952534117],[-76.943987486489277,38.983290492136739],[-76.943985504805752,38.983217830455771],[-76.943988210531401,38.98321778576539],[-76.944106940862483,38.983215812404453],[-76.944107188797531,38.983215808214709],[-76.944109019564053,38.983215777490045],[-76.944108990817995,38.983214700032185],[-76.944107052253599,38.983143619896659],[-76.944106810606769,38.98313480959159],[-76.944106099141081,38.983108745271295],[-76.944105445167565,38.983084786980974],[-76.944104510021347,38.983050514252056],[-76.944104300713875,38.98304278488731],[-76.944104133627235,38.983036704183156],[-76.944102632542396,38.982981687333513],[-76.944041483322692,38.982982544135304],[-76.943978388352079,38.982983426075535],[-76.943977799955576,38.982955826159312],[-76.94397622341225,38.982881920478675],[-76.943975723050642,38.982858437647941],[-76.943974598359901,38.982805618882075],[-76.943974470799134,38.982799742058731],[-76.943910287070395,38.982799614271364],[-76.943910015779181,38.982773364082014],[-76.943830931694819,38.982774678267589],[-76.943743196834291,38.98277613699964],[-76.943725051763863,38.982776438661752],[-76.943683149847431,38.982777134858893],[-76.943675534828785,38.982777261249765],[-76.943495070474711,38.982780262508676],[-76.943481627186472,38.982780485962138],[-76.943480853737029,38.982780497134797],[-76.943467424821847,38.982780722683124],[-76.943460555404855,38.982780835806402],[-76.943455644315208,38.982780917506545],[-76.943455643416897,38.982781671661883],[-76.94345558592471,38.982802896940932],[-76.943455569755045,38.982809245809172],[-76.943436397011936,38.982809241619456],[-76.943393583305493,38.982809236731384],[-76.943398615667718,38.982993647643269],[-76.943353743022627,38.982994392020274],[-76.943275489879923,38.982995691537674],[-76.94327512067234,38.98299569852059],[-76.943278596254174,38.983123090215209],[-76.943278686984016,38.983126434319175],[-76.943278805561633,38.983130799320747],[-76.943279066971385,38.983140340036044],[-76.943279256515908,38.98314729079862],[-76.943279352635656,38.983150815758108],[-76.94327936611036,38.98315131503422],[-76.943279634706656,38.983161119001387],[-76.943279652672942,38.983161818686213],[-76.943279812573081,38.983167697574352],[-76.943281499609185,38.983229508617534],[-76.943404525683974,38.983227466126436],[-76.943406495689388,38.98329972418771],[-76.943407044560018,38.983319880234603],[-76.943407076001051,38.983321030312709]]]},"properties":{"BUILDINGID":"026","NAME":"South Campus Dining Hall"}},{"type":"Feature","geometry":{"type":"Polygon","coordinates":[[[-76.946794110897756,38.991904598460557],[-76.946818581006099,38.991904708078295],[-76.946840319337653,38.991904805826557],[-76.946841170940544,38.991885124208686],[-76.946918710820924,38.991885730946386],[-76.947147687793588,38.991887519042059],[-76.947163194512029,38.991887638434612],[-76.947170900260531,38.991887698480028],[-76.94717717050122,38.991887748750543],[-76.947177352859214,38.991849296654188],[-76.947177366333932,38.991846378167658],[-76.947177381605314,38.99184310918325],[-76.947177396876654,38.991839827631104],[-76.947177396876654,38.991839799702994],[-76.94717747053852,38.991824384784231],[-76.947177540607115,38.991809509572988],[-76.947177622353792,38.991792550222478],[-76.947177645710013,38.991787563655947],[-76.947177661879664,38.991783974193616],[-76.947177674456086,38.991781562599897],[-76.947177682540925,38.991779630671694],[-76.947177682540925,38.991779583892061],[-76.947177682540925,38.991779535716063],[-76.947177688829129,38.99177822728322],[-76.947177703202186,38.991775245955488],[-76.94717772745669,38.991769735037082],[-76.946969676738576,38.991769174379812],[-76.946866092003162,38.991768893003901],[-76.946862309197499,38.991768882530835],[-76.9468588354123,38.991768873454198],[-76.946856014702306,38.991768865773984],[-76.946855860192073,38.991768865773984],[-76.946845470277495,38.991768838544068],[-76.946845785586149,38.991755964372167],[-76.946845834095186,38.991753975190548],[-76.946845899672212,38.991751293391061],[-76.946845976927321,38.991748120056208],[-76.946838773337049,38.991748122849025],[-76.94683491866617,38.991748124245397],[-76.946830335461598,38.991748126339992],[-76.946748436057135,38.991748170326829],[-76.946746847835726,38.991748170326829],[-76.946740481475288,38.991748173817847],[-76.946720019649746,38.991748184290927],[-76.946714963931342,38.991748186385514],[-76.946713375709905,38.991748187781894],[-76.9466234444685,38.991748234561541],[-76.946621611905314,38.991748235957971],[-76.946611751098445,38.991748240845382],[-76.946597396918534,38.991748249922018],[-76.946589851070144,38.991748252714828],[-76.946588017608647,38.991748254809472],[-76.946506198154253,38.991748296701665],[-76.946500798381081,38.99174830019269],[-76.946490391398513,38.991748305778309],[-76.946490471348568,38.991768316287995],[-76.946337069640762,38.991768486649569],[-76.946313121453599,38.9917685145777],[-76.946159381080932,38.991768683542908],[-76.946159356826428,38.991775182418962],[-76.946159351436535,38.991776432202784],[-76.946159344250006,38.991778161652149],[-76.946159337063492,38.991779946957735],[-76.946159334368531,38.991780596984889],[-76.946159328978652,38.991781957782869],[-76.946159248130286,38.991802697206957],[-76.946159177163352,38.991820589353999],[-76.946159107094772,38.991837897100872],[-76.946159105298136,38.991838854336685],[-76.946159091823418,38.991842213389376],[-76.946159079246996,38.991845071830689],[-76.946158916651939,38.991886273449424],[-76.946166026817409,38.991886283922476],[-76.946238642133395,38.991886392842034],[-76.946244188331974,38.991886399824018],[-76.946325995209946,38.99188652340581],[-76.94649564923786,38.991886776853214],[-76.946495572881062,38.991893904798474],[-76.946495470473124,38.991903258610975],[-76.946497346155439,38.991903266989432],[-76.946550170687402,38.9919035036799],[-76.946627280274768,38.99190384859164],[-76.946714318940948,38.991904239584755],[-76.946794110897756,38.991904598460557]]]},"properties":{"BUILDINGID":"256","NAME":"Ellicott Hall"}},{"type":"Feature","geometry":{"type":"Polygon","coordinates":[[[-76.935700612434914,38.984692845805014],[-76.935743487226787,38.984693593655464],[-76.935743582448211,38.984690292918472],[-76.935744908361585,38.984644023929313],[-76.93574517336458,38.984634786467474],[-76.935746465141975,38.98458970799939],[-76.935692512325986,38.98458876742415],[-76.935693172587719,38.984565687365581],[-76.935668413221876,38.984565254435431],[-76.935590624508151,38.984563898386654],[-76.935565665716297,38.984563461266873],[-76.935564927301144,38.984589312776265],[-76.935541633087496,38.984588905682422],[-76.935540718602553,38.98458888962211],[-76.935516060746309,38.984588458786959],[-76.935514839037523,38.984631090504784],[-76.935513171764356,38.984689286008631],[-76.935513162781191,38.984689574395425],[-76.935523089165102,38.984689746868895],[-76.935569244604395,38.984690553374335],[-76.935603729131529,38.984691155984045],[-76.935661062307901,38.984692155911162],[-76.935700612434914,38.984692845805014]]]},"properties":{"BUILDINGID":"128","NAME":"House 3"}},{"type":"Feature","geometry":{"type":"Polygon","coordinates":[[[-76.933557802597207,38.993306164282096],[-76.933628241295253,38.993121004545877],[-76.933194371182722,38.993017951632112],[-76.933167502572559,38.993085783646173],[-76.93320254854676,38.993093634097576],[-76.93314242340648,38.993255711792941],[-76.933163300253653,38.993260798096969],[-76.933164398893268,38.993258785219247],[-76.933279385944587,38.993285517459505],[-76.93329516934412,38.993244778158072],[-76.933557802597207,38.993306164282096]]]},"properties":{"BUILDINGID":"814","NAME":"Cypress Building"}},{"type":"Feature","geometry":{"type":"Polygon","coordinates":[[[-76.954977308588553,38.990707341628578],[-76.954893237956071,38.990774282842601],[-76.954953729608974,38.990820553410629],[-76.954983234774488,38.990843120338319],[-76.954990105089763,38.990848375783131],[-76.955045524854597,38.990890765640721],[-76.955063178546567,38.990876708537819],[-76.955129590995512,38.990823829424336],[-76.955132586876985,38.990821445028189],[-76.954980299978459,38.990704961417805],[-76.954977308588553,38.990707341628578]]]},"properties":{"BUILDINGID":"165","NAME":"Golf Course Driving Range Control Building"}},{"type":"Feature","geometry":{"type":"Polygon","coordinates":[[[-76.936684547047079,38.983045950931277],[-76.936682228495329,38.983058599743423],[-76.936676827823845,38.983088062654474],[-76.936677394660776,38.983088130388502],[-76.936790585081525,38.983100755451247],[-76.936799167585761,38.983053956818189],[-76.93679924484087,38.983053539241212],[-76.936802477877578,38.983035902546895],[-76.93701769715166,38.983059945346724],[-76.93701826488693,38.98306000609788],[-76.937021481753959,38.983041686478138],[-76.937025617597527,38.983018140155998],[-76.937042575095134,38.983019926380834],[-76.937046061456755,38.98302029507775],[-76.937068198640318,38.983022630856418],[-76.937143958958103,38.983030621383598],[-76.93721425123077,38.983038025346758],[-76.937238349436583,38.983040563628776],[-76.93725166426573,38.98304196509558],[-76.937251904115897,38.983041989535707],[-76.937254792199539,38.983024768320753],[-76.937268134876462,38.98302619492631],[-76.93731267424657,38.983030957959159],[-76.937312914096736,38.983030983097535],[-76.937313671376529,38.983031064099137],[-76.937390654301424,38.983039301121529],[-76.937434645699213,38.983044008988593],[-76.937464795855078,38.983047235085422],[-76.937472320143897,38.983048040213021],[-76.937553540422002,38.983056731819737],[-76.937574009434073,38.983058921654731],[-76.937576402545986,38.983045302918782],[-76.937576850805314,38.983042772318143],[-76.937579340036962,38.983028580981653],[-76.937579704752977,38.983026501475457],[-76.937595033604978,38.982939236177941],[-76.937597562362498,38.982924811591666],[-76.937597974689211,38.98292247162],[-76.937600309410641,38.982909206192886],[-76.937593694216886,38.982908499522701],[-76.937556239859433,38.98290449063569],[-76.937551604552581,38.982903995547552],[-76.93747513007412,38.982895811579525],[-76.937332234163549,38.98288052040531],[-76.937273874212792,38.982874275588813],[-76.937273263358406,38.982874209949436],[-76.93727295164301,38.98287598849668],[-76.937272284194762,38.982879785104885],[-76.937124863470103,38.98286400582171],[-76.93712342526733,38.98287220166435],[-76.937081561978459,38.982867720032225],[-76.93708302353744,38.982859423635084],[-76.937047901206469,38.982855666130142],[-76.937044795730529,38.982855333045201],[-76.93702839069681,38.982853577541022],[-76.937015773858633,38.982852227744026],[-76.936988254868211,38.982849283748024],[-76.936982174172073,38.982883899435244],[-76.936765356795092,38.982860698016481],[-76.936762644781254,38.982860406829076],[-76.936761926129023,38.982864498116975],[-76.936754942625996,38.982904240647592],[-76.936708993799215,38.982899326775453],[-76.936708628184903,38.982901402793928],[-76.936708510505596,38.982902068963362],[-76.936700772417737,38.982946117131199],[-76.936696869237835,38.982968336027817],[-76.936687261755878,38.983023033769506],[-76.936688721518209,38.983023196470974],[-76.936685592686061,38.983040252889978],[-76.936684547047079,38.983045950931277]]]},"properties":{"BUILDINGID":"007","NAME":"Pocomoke Building"}},{"type":"Feature","geometry":{"type":"Polygon","coordinates":[[[-76.941782214094928,38.983356963435483],[-76.941782227569661,38.983357498322768],[-76.941796612292293,38.983357207835709],[-76.941875864361606,38.983355617139523],[-76.941886886690142,38.983355394386209],[-76.941894124416393,38.983355249840955],[-76.94189383605719,38.98334424065834],[-76.941893371628169,38.983329191188105],[-76.941893405764162,38.983329191188105],[-76.941893441696777,38.983329191188105],[-76.941963660307579,38.983328798751067],[-76.941963546221544,38.983322098691232],[-76.942080451175983,38.983320827111292],[-76.942080066697045,38.983311217988216],[-76.942077013323399,38.983234654996473],[-76.942076516555048,38.983222260392516],[-76.941995907131343,38.983223111605106],[-76.941961712760062,38.983223471223219],[-76.941961649877982,38.983221662658352],[-76.941961492672789,38.98321716009967],[-76.941890138591475,38.983217801127715],[-76.941890101760535,38.983216146185939],[-76.941890057743095,38.983214186092432],[-76.941889640026503,38.983195133310289],[-76.941882135500606,38.983195310675448],[-76.941784902752559,38.983195898633795],[-76.941784715004673,38.983195899332109],[-76.941777239224876,38.983196075300661],[-76.941778380085296,38.983219720022177],[-76.941686583941362,38.9832202933163],[-76.941686519262646,38.983226211303716],[-76.941645494101948,38.98322661980194],[-76.941636223488217,38.983226722450183],[-76.941592183581406,38.983227170052551],[-76.941591057094044,38.983227204966887],[-76.941593450205943,38.983327844193369],[-76.941593496918344,38.983327844193369],[-76.941593559800438,38.983327843495061],[-76.941689404651342,38.983326454603073],[-76.941689400159774,38.983330005390215],[-76.941689399261449,38.983332818786664],[-76.941712487760881,38.983332471738272],[-76.941781516103944,38.983331434084462],[-76.941782129653291,38.983353839302616],[-76.941782214094928,38.983356963435483]]]},"properties":{"BUILDINGID":"022","NAME":"Kent Hall"}},{"type":"Feature","geometry":{"type":"Polygon","coordinates":[[[-76.949856467701323,38.987446536272543],[-76.949857525916713,38.987487073627271],[-76.949903110925817,38.987486348848407],[-76.94990294922907,38.987480199399592],[-76.949902037439045,38.987445267559607],[-76.949856455124916,38.987445992338955],[-76.949856467701323,38.987446536272543]]]},"properties":{"BUILDINGID":"389","NAME":"Track & Soccer Field Ticket Booth"}},{"type":"Feature","geometry":{"type":"Polygon","coordinates":[[[-76.948413161602303,38.990978971401567],[-76.948359979540868,38.991034831060013],[-76.94829104821585,38.991086358979445],[-76.948186303755406,38.991151472621063],[-76.9481352866338,38.991080780979246],[-76.947952227046883,38.991161890602662],[-76.948000620189546,38.99123152577382],[-76.947861019299452,38.991271709762202],[-76.947722534116949,38.991293677483661],[-76.947718106320892,38.991213398879744],[-76.947696897995357,38.991214118732948],[-76.947518965093778,38.991220151954742],[-76.947529496043856,38.991386722015747],[-76.947530505750223,38.991386682916165],[-76.947727800939447,38.991379180680745],[-76.947728685779992,38.991372438792212],[-76.947891517103344,38.991346256715076],[-76.947970567051726,38.991323470710562],[-76.948006907498225,38.991312996197891],[-76.948050420093963,38.991300454290048],[-76.948054056474234,38.99130677446793],[-76.948240481150179,38.991226521712562],[-76.948236208762708,38.991220128215659],[-76.948330949584147,38.991162243198346],[-76.94836415041874,38.991141958121013],[-76.948440111060833,38.991083152100664],[-76.948445270085514,38.991079156942533],[-76.948422912814721,38.991062623325305],[-76.948428440148675,38.991056753471319],[-76.948470394167387,38.991012205543726],[-76.948413161602303,38.990978971401567]]]},"properties":{"BUILDINGID":"367","NAME":"Maryland Stadium Concessions"}},{"type":"Feature","geometry":{"type":"Polygon","coordinates":[[[-76.940659150208191,38.982133415643105],[-76.94065927148074,38.982137790482085],[-76.94067867598919,38.982137456695519],[-76.940681236187757,38.982228549651211],[-76.940799273019465,38.982226531571641],[-76.940803990971347,38.982226451267479],[-76.940811649109122,38.982226319987525],[-76.94081142632696,38.982218408975484],[-76.940811223307676,38.982211181595915],[-76.940811173002032,38.982209379289813],[-76.940811138866039,38.982208169838387],[-76.940809212878094,38.982139654240257],[-76.940809129334752,38.982136663428633],[-76.940809088910569,38.982135214459639],[-76.940809053876279,38.982133995929019],[-76.940809053876279,38.982133961014078],[-76.940809036808275,38.982133384917979],[-76.940820931400964,38.982133884201268],[-76.940820768805892,38.982128430491024],[-76.94081989833839,38.982099307252057],[-76.940808081899135,38.982099403617291],[-76.940808057644645,38.982098525157546],[-76.940808045068209,38.982098041236533],[-76.940805158781203,38.981995264163153],[-76.940805153391324,38.98199506514775],[-76.940805108475544,38.981993434617877],[-76.940805100390705,38.981993211161978],[-76.940816132600716,38.981993087562913],[-76.940815161521897,38.981959275881813],[-76.940804151769768,38.981959482578652],[-76.940804100565799,38.981957650937566],[-76.940804046666869,38.981955720137798],[-76.940803084571215,38.981921476889219],[-76.940803030672299,38.981919555864685],[-76.940801751471326,38.981874077636213],[-76.940786994846164,38.981874328326214],[-76.940784677192724,38.981874368129361],[-76.940784446325708,38.98187437231919],[-76.940780544044102,38.981874438657755],[-76.94076889289488,38.981874637673492],[-76.940750240276316,38.98187495679705],[-76.940669827583662,38.981876331751472],[-76.940672129067408,38.981958144635698],[-76.940655513827906,38.981958430240425],[-76.940655598269544,38.981961420361323],[-76.940656475923589,38.981992710481073],[-76.940656578331527,38.981996378649512],[-76.940673833171516,38.98199608326874],[-76.940676750899542,38.982099941307268],[-76.940658218655244,38.98210025693826],[-76.940658318368236,38.982103838512089],[-76.940659150208191,38.982133415643105]]]},"properties":{"BUILDINGID":"029","NAME":"Frederick Hall"}},{"type":"Feature","geometry":{"type":"Polygon","coordinates":[[[-76.940565941014313,38.991965960611815],[-76.940889996574938,38.992086037877854],[-76.940928540588857,38.992022687354854],[-76.940929689534101,38.992020802212693],[-76.940648231185904,38.991916507690476],[-76.940605633075137,38.991900722741384],[-76.940586190837436,38.991932678043391],[-76.940581509716495,38.991940372923771],[-76.940565941014313,38.991965960611815]]]},"properties":{"BUILDINGID":"102","NAME":"Agriculture Shed"}},{"type":"Feature","geometry":{"type":"Polygon","coordinates":[[[-76.956194683902027,38.985277886619386],[-76.95619811277146,38.985295043045632],[-76.956299143596524,38.985282740973688],[-76.956330710395619,38.985278897710472],[-76.956326772181399,38.985259194698692],[-76.956315186609189,38.985201239169285],[-76.956312964177172,38.98519011924909],[-76.956365543469062,38.985183716827677],[-76.956382172183282,38.985181691849697],[-76.956394580612297,38.985180180098858],[-76.956471609351283,38.985170800958485],[-76.956546222520473,38.985161715787889],[-76.956557355341801,38.985160359750488],[-76.956632136495941,38.985151253630498],[-76.956628863035036,38.985134872247656],[-76.956622412232974,38.985102598258969],[-76.956621645071721,38.985098759175614],[-76.956620614704107,38.985093605251151],[-76.95661789550374,38.985079998777216],[-76.956612356491675,38.985080671908804],[-76.956611630652944,38.985080761985508],[-76.956598120889382,38.985082405013124],[-76.95659762322272,38.985082467159103],[-76.95659358080394,38.985082958740655],[-76.956574611978382,38.985085267218729],[-76.956572870145067,38.985076555611272],[-76.956562338296663,38.985023858602695],[-76.95656231494047,38.985023746181277],[-76.95656001435502,38.985012243581288],[-76.956556956489806,38.984996939597046],[-76.956546837866441,38.984998172043767],[-76.956541226989174,38.984998855650211],[-76.956439891635242,38.985011194779808],[-76.956435914793474,38.985011679379134],[-76.956419699304277,38.9850136533883],[-76.956392702235036,38.98501694154136],[-76.956407611573823,38.985091520219463],[-76.956407740032901,38.985092166816735],[-76.956410576912575,38.985106353549881],[-76.956397167760329,38.985107986102861],[-76.956389653352986,38.985108900835279],[-76.9563838592194,38.985109606785223],[-76.956359274126697,38.985112600962609],[-76.956341903404038,38.985114716019275],[-76.956315798361899,38.985117895237671],[-76.956299053764994,38.985119934182883],[-76.95624747429801,38.985126213016464],[-76.956218335645133,38.985129761618559],[-76.956196504787115,38.985132419927794],[-76.956193640957977,38.985132768363933],[-76.956144557909184,38.985138743449504],[-76.956082388203299,38.985146314078357],[-76.95605526267498,38.985149616190661],[-76.95605480363588,38.985147320283474],[-76.956051678397017,38.985131682555981],[-76.956051291223105,38.98512974346356],[-76.956048042915043,38.985113489160732],[-76.956047582079307,38.985111188364449],[-76.956043658238144,38.985091557926012],[-76.956042379037171,38.985085161780113],[-76.956037626051014,38.985061382217346],[-76.955988756801233,38.985067332171234],[-76.955975623431783,38.985068930509904],[-76.955950166973267,38.985072029429418],[-76.955937519592382,38.985073569811632],[-76.955873931446675,38.985081312221695],[-76.955873388864248,38.985081377160746],[-76.955874036549574,38.985084617130099],[-76.955876518594707,38.985097030959551],[-76.955879222523706,38.985110565508542],[-76.95587969773247,38.985112943812645],[-76.955886453063428,38.985146735832629],[-76.955886780050179,38.985148364893313],[-76.955891282406398,38.985170899414335],[-76.95586118614942,38.985174563926698],[-76.955859446112711,38.98517477550206],[-76.955848010559151,38.985176169245641],[-76.955849852105473,38.985185387085359],[-76.95585026353389,38.985187444881831],[-76.955852994412353,38.985201111386253],[-76.955861915581437,38.985245745366754],[-76.955877985543552,38.985243788122517],[-76.95589676033299,38.985241502692368],[-76.95607379402098,38.985219947165454],[-76.956088459018005,38.985218161694405],[-76.956135448992185,38.98521244078507],[-76.956144513891715,38.985211336125147],[-76.956180506690217,38.985206952398556],[-76.956182544069264,38.985217147809379],[-76.95618312168601,38.985220033052407],[-76.956186274772648,38.985235804827774],[-76.956194683902027,38.985277886619386]]]},"properties":{"BUILDINGID":"288","NAME":"Graduate Hills Apartment"}},{"type":"Feature","geometry":{"type":"Polygon","coordinates":[[[-76.941186456788387,38.991069491619406],[-76.941187894092849,38.991208989691103],[-76.941209145537513,38.991208898923972],[-76.94121183778843,38.991208886356212],[-76.941213058598905,38.991208880770557],[-76.941219106057403,38.991208854238586],[-76.941225472417798,38.99120882700845],[-76.94122916359531,38.991208809553243],[-76.941246426520124,38.991208734844889],[-76.94126602775961,38.99120864966342],[-76.941304101954628,38.991208484187936],[-76.941334595266952,38.991208352226472],[-76.94133491147393,38.991208350830028],[-76.941355265501628,38.991208262157507],[-76.941355234060609,38.991204093850683],[-76.941355075957119,38.991183299790897],[-76.941354630392738,38.991124611104176],[-76.941354604341598,38.991121200349859],[-76.941364213620176,38.991121161948357],[-76.941496520190171,38.991120647367786],[-76.941512556016306,38.991120585925337],[-76.941527090757603,38.991120527973941],[-76.941547372920084,38.991120449774485],[-76.941691078212713,38.991119889112063],[-76.941708961873402,38.991119819989329],[-76.941716412500355,38.991119791362721],[-76.941726879670057,38.991119751564774],[-76.941786322989032,38.991119519759124],[-76.941808704514344,38.991119431784718],[-76.941812302267053,38.991119416424112],[-76.941812652610025,38.991119415725883],[-76.941826972653956,38.991119360567318],[-76.941827747900049,38.991119357774487],[-76.941851525407301,38.991119264912577],[-76.941851246031248,38.991048594184953],[-76.941830920749624,38.991048681461216],[-76.941811816278488,38.99104876454826],[-76.941808451189431,38.991048780607109],[-76.941805054659326,38.991048794571299],[-76.941801453313374,38.99104880923376],[-76.9417790331605,38.991048907681424],[-76.941774608059418,38.991048926533118],[-76.941774296343993,38.991005069131091],[-76.94177420291922,38.990991797538214],[-76.941774117579271,38.990979881868839],[-76.941774095121389,38.990976727351068],[-76.941773821135229,38.990938072278418],[-76.94177373310032,38.990925778867478],[-76.941773419588287,38.990881616270528],[-76.941773303705631,38.990865267633346],[-76.941773278552787,38.990861847091615],[-76.94177322016229,38.990853300274928],[-76.941773194111164,38.990849666079598],[-76.94177301804136,38.990824977285861],[-76.94177834145772,38.990824943073434],[-76.941778738513079,38.990824939582424],[-76.941782993832589,38.990824910955688],[-76.941790489375308,38.990824860684356],[-76.941791367029367,38.990824855098666],[-76.941850355800796,38.990824460608522],[-76.941850076424743,38.990753786793675],[-76.941849306568557,38.990753788888298],[-76.941842792884415,38.990753817515063],[-76.941831378890427,38.990753867786395],[-76.941815080756228,38.990753937607757],[-76.941720049778937,38.990754353044686],[-76.941702707802392,38.990754427753473],[-76.941666939582717,38.990754582756857],[-76.941666749139884,38.990754583455079],[-76.941654002944318,38.990754639312101],[-76.941632420021307,38.990754732174487],[-76.94156941488221,38.99075500727055],[-76.94155417676005,38.990755072902566],[-76.94155397194416,38.990755073600795],[-76.941543656589758,38.990755118984652],[-76.941461862288193,38.990755474375256],[-76.941426003338691,38.990755630076798],[-76.941352036058191,38.990755952651341],[-76.941351417118952,38.990669299440817],[-76.941226447089889,38.990669843349636],[-76.941185093145791,38.990670022092466],[-76.941182340707755,38.990670491990578],[-76.941182655118098,38.990701019302549],[-76.941182834781159,38.990718416694598],[-76.941182930002583,38.990727568878746],[-76.941182979409916,38.990732355830843],[-76.941183120445416,38.990745883018498],[-76.94118352738225,38.990785487765784],[-76.941183593857559,38.990791894568005],[-76.941175914160212,38.990791914816214],[-76.941176146823864,38.990824669374085],[-76.941183929827488,38.990824636558116],[-76.941183967556739,38.990828233051225],[-76.941183978336511,38.990829271991551],[-76.941184381680074,38.990868211295997],[-76.941184386171656,38.990868797095999],[-76.941184849702339,38.990913633475301],[-76.941184868566964,38.990915525629127],[-76.941184943127126,38.990922764687852],[-76.941185184773943,38.990946177815232],[-76.94118603008863,38.991028156166884],[-76.941186205260109,38.991045115700608],[-76.941186456788387,38.991069491619406]],[[-76.941559726551887,38.990845748409889],[-76.94156115487317,38.990845799379414],[-76.941562591279308,38.990845880372035],[-76.941564033973663,38.990845992784251],[-76.941565482057896,38.990846136616],[-76.941566934633713,38.990846308376248],[-76.941568393497747,38.990846512254286],[-76.941569856853334,38.990846745457219],[-76.941571324700519,38.990847008683275],[-76.94157279614096,38.990847302630733],[-76.941574271174645,38.990847625903029],[-76.941575748004965,38.990847979896721],[-76.941577227530246,38.990848363215306],[-76.941578709750459,38.990848773764213],[-76.941580193767308,38.990849217129082],[-76.941581677784157,38.990849689818859],[-76.941583162699331,38.990850190437115],[-76.941584647614491,38.990850719682101],[-76.941586134326286,38.990851278251981],[-76.94158761744481,38.990851866146798],[-76.941589099665038,38.990852481970052],[-76.941590582783562,38.99085312711825],[-76.941592060512207,38.990853799496719],[-76.941593536444216,38.990854501200126],[-76.941595010579618,38.990855228737345],[-76.941596481121721,38.990855985599509],[-76.941597946273959,38.990856768993709],[-76.941599409629546,38.990857580316401],[-76.941600864900309,38.990858417472957],[-76.941602317476125,38.990859281161548],[-76.941603764662062,38.990860172778625],[-76.941605202864835,38.99086108743667],[-76.941606637474322,38.990862030023202],[-76.941608063100688,38.990862997047195],[-76.941609482438835,38.990863990603167],[-76.941610893692143,38.990865009294829],[-76.941612295962301,38.990866051027453],[-76.941613689249309,38.990867118593883],[-76.941615075349787,38.990868209201324],[-76.94161644977217,38.990869322151546],[-76.941617815211416,38.990870458840952],[-76.941619170769187,38.990871620665999],[-76.941620514648832,38.990872802739204],[-76.941621846850396,38.990874007155128],[-76.941623168272187,38.990875233215618],[-76.941624478015868,38.990876483015278],[-76.94162577428483,38.990877752364881],[-76.941627057977357,38.990879042660815],[-76.941628328195179,38.990880352506679],[-76.941629585836566,38.990881683298873],[-76.941630829104923,38.990883032942769],[-76.941632057101927,38.990884401438329],[-76.941633271624184,38.990885789483862],[-76.941634469976776,38.990887195682816],[-76.941635653956311,38.990888619337092],[-76.941636821766195,38.99089006044661],[-76.941637971609737,38.990891517614997],[-76.941639107080277,38.990892993635072],[-76.941640224584475,38.990894483619343],[-76.941641325919036,38.990895989662455],[-76.941642408388944,38.990897510367979],[-76.941643474689172,38.990899045735908],[-76.941644520328168,38.99090059646452],[-76.941645549797485,38.990902159760857],[-76.941646558605555,38.990903737719599],[-76.941647550345635,38.990905327547964],[-76.941648519627819,38.990906929245874],[-76.941649470943702,38.990908543511559],[-76.941650403394959,38.990910168948595],[-76.941651313388363,38.990911805556948],[-76.941652201822166,38.990913451242065],[-76.941653071391357,38.990915108796692],[-76.941653919400991,38.990916774031632],[-76.941654747647675,38.990918449739731],[-76.941655550741544,38.990920131033469],[-76.941656334970801,38.990921821403916],[-76.941657094945526,38.990923519454626],[-76.941657833360694,38.990925223789255],[-76.941658550216289,38.990926934407703],[-76.941659242817366,38.990928651310007],[-76.94165991296056,38.990930373099786],[-76.941660559747575,38.990932099776984],[-76.941661183178383,38.990933829945199],[-76.941661783252982,38.990935564302674],[-76.941662359073092,38.990937301452938],[-76.94166291153698,38.990939042094169],[-76.941663438848053,38.990940782735407],[-76.941663942802933,38.990942526169455],[-76.941664422503294,38.990944270301618],[-76.941664877050826,38.990946015131968],[-76.941665306445529,38.990947758565881],[-76.941665711585728,38.990949503396152],[-76.941666090674772,38.99095124613175],[-76.941666447305934,38.990952988169084],[-76.941666776089349,38.990954727413545],[-76.941667079719906,38.990956462468716],[-76.941667358197634,38.990958195429187],[-76.941667613319197,38.990959923502096],[-76.94166783879632,38.990961648782175],[-76.941668043612196,38.990963368476486],[-76.941668218783676,38.990965083981521],[-76.941668369700636,38.990966791806159],[-76.941668494566471,38.990968494045127],[-76.941668592482841,38.990970187905432],[-76.941668665246368,38.990971876878291],[-76.94166871285708,38.990973556076099],[-76.941668734416652,38.990975228291788],[-76.941668730823395,38.990976890034247],[-76.941668700280673,38.99097854339815],[-76.9416686427885,38.990980185590658],[-76.941668560143498,38.990981816611715],[-76.941668451447342,38.990983439254215],[-76.941668317598356,38.990985049328884],[-76.941668157698246,38.990986646835758],[-76.94166797174698,38.990988231076521],[-76.941667761541211,38.990989804145883],[-76.941667524385977,38.990991363949249],[-76.941667262976225,38.990992908391881],[-76.941666972820386,38.990994440266732],[-76.941666660206678,38.990995953988019],[-76.941666321541803,38.990997453745074],[-76.941665959520748,38.990998938839688],[-76.941665569651917,38.991000407875404],[-76.941665154630257,38.991001860154],[-76.941664716252404,38.991003294977325],[-76.941664253620019,38.991004712345358],[-76.941663765834818,38.99100611016344],[-76.941663252896788,38.991007491224465],[-76.94166271570424,38.99100885273554],[-76.941662156053837,38.9910101953949],[-76.941661571250577,38.991011518504301],[-76.941660963091138,38.991012822762031],[-76.941660331575477,38.991014103280541],[-76.941659675805326,38.991015367042003],[-76.941658997577292,38.991016607064232],[-76.941658296891376,38.991017825441958],[-76.941657571950941,38.991019022873303],[-76.94165682545092,38.991020196565479],[-76.941656056493045,38.991021349311325],[-76.941655265077287,38.991022477619772],[-76.941654453898593,38.991023584283681],[-76.941653618465381,38.991024665113748],[-76.941652762370907,38.991025722902869],[-76.941651885615201,38.991026755556405],[-76.94165098909653,38.991027763772543],[-76.941650070120005,38.991028748249519],[-76.941649133177151,38.991029706892668],[-76.941648174674754,38.991030639003768],[-76.941647196409406,38.991031545979325],[-76.941646199279447,38.991032426422883],[-76.941645183284848,38.991033279636163],[-76.941644149323977,38.991034107713915],[-76.941643094701803,38.991034907863167],[-76.941642023909992,38.991035682178648],[-76.941640933355245,38.991036427867542],[-76.941639825732508,38.991037147722551],[-76.941638703736714,38.991037837554565],[-76.941637561079673,38.991038498759927],[-76.941636405846211,38.991039133433254],[-76.941635230849826,38.991039740178202],[-76.941634044175345,38.991040316900047],[-76.94163283863621,38.991040864995298],[-76.94163161872406,38.991041383765676],[-76.941630384438866,38.991041873909403],[-76.941629136678927,38.991042335426542],[-76.941627874545958,38.99104276761885],[-76.941626599836567,38.991043168391627],[-76.941625311652444,38.991043541236031],[-76.941624009993618,38.991043882660954],[-76.94162269665668,38.991044195459224],[-76.941621372539927,38.991044477536235],[-76.94162003405016,38.991044730288422],[-76.941618685678904,38.991044951621141],[-76.941617327426201,38.991045145025431],[-76.941615957495401,38.991045306312067],[-76.941614579479733,38.991045436877393],[-76.941613193379283,38.99104553741968],[-76.941611793804057,38.991045607938929],[-76.941610387940642,38.991045648435147],[-76.941608973992373,38.991045656813718],[-76.941607554654226,38.991045637263802],[-76.941606124536293,38.991045586294405],[-76.941604688130155,38.991045504603804],[-76.941603245435815,38.99104539219195],[-76.941601798249891,38.991045249757001],[-76.94160034387744,38.991045075902619],[-76.941598885911731,38.991044874119773],[-76.941597421657846,38.991044640219272],[-76.941595954708973,38.991044377692162],[-76.941594483268531,38.991044083745528],[-76.941593008234847,38.991043759775906],[-76.941591531404526,38.991043405084973],[-76.941590051879231,38.991043023163897],[-76.941588568760707,38.991042609823268],[-76.941587085642155,38.991042167856051],[-76.941585600726995,38.991041696563968],[-76.94158411671016,38.991041195947048],[-76.941582631794986,38.991040666005325],[-76.941581145981502,38.991040106738723],[-76.941579662862978,38.991039518147254],[-76.941578178846129,38.99103890232557],[-76.941576698422537,38.991038257877278],[-76.941575218897256,38.991037584802342],[-76.94157374206695,38.991036885195427],[-76.941572269728184,38.991036155565396],[-76.941570798287756,38.99103539940338],[-76.941569333135519,38.991034614614769],[-76.941567870678227,38.991033806086946],[-76.941566414509168,38.991032967536071],[-76.941564961933352,38.991032103849598],[-76.941563516544065,38.991031213631082],[-76.941562076544656,38.991030296880609],[-76.941560641935169,38.991029354994502],[-76.941559216308804,38.991028387274604],[-76.941557796970656,38.991027394419113],[-76.941556386615659,38.991026377126232],[-76.941554983447176,38.991025334697753],[-76.941553589261872,38.991024267831925],[-76.941552204958001,38.991023177226836],[-76.941550828738983,38.991022064279079],[-76.941549464198076,38.991020924799223],[-76.941548108640305,38.991019765769522],[-76.941546764760645,38.991018582302388],[-76.941545431660757,38.991017377190687],[-76.94154411113729,38.991016151132662],[-76.94154280229192,38.991014901335411],[-76.941541505124661,38.991013633384711],[-76.941540220533781,38.991012341694791],[-76.941538951214284,38.991011031851421],[-76.941537693572897,38.99100970315628],[-76.941536452101175,38.991008352118399],[-76.941535221409254,38.991006982926969],[-76.941534007785293,38.99100559628026],[-76.94153280853439,38.99100419008365],[-76.941531625453152,38.991002766431706],[-76.941530458541607,38.991001326022698],[-76.941529307799712,38.990999867460182],[-76.9415281723292,38.990998392838733],[-76.941527054824988,38.990996902158422],[-76.941525953490455,38.990995396117512],[-76.941524871020533,38.990993874715869],[-76.941523805618615,38.99099233795355],[-76.941522759081309,38.990990787925163],[-76.941521730510303,38.990989224630788],[-76.941520720803936,38.990987647372116],[-76.941519730860477,38.990986057545612],[-76.941518759781673,38.99098445515132],[-76.941517808465775,38.990982841585584],[-76.941516877811125,38.990981215452003],[-76.94151596691944,38.990979579543421],[-76.941515077587312,38.990977933161673],[-76.941514207119795,38.990976277004911],[-76.941513360008486,38.990974611073149],[-76.941512532660113,38.99097293676283],[-76.941511728667933,38.990971253375726],[-76.941510946235312,38.990969563006459],[-76.941510184463951,38.990967865655023],[-76.941509445150487,38.990966161321467],[-76.941508729193188,38.990964450005698],[-76.941508035693801,38.990962733802476],[-76.941507367347228,38.990961012013486],[-76.941506719661902,38.99095928463877],[-76.941506096231095,38.99095755447118],[-76.941505496156481,38.990955822208925],[-76.941504920336399,38.990954083662714],[-76.941504367872483,38.990952344418247],[-76.941503839663113,38.99095060168267],[-76.941503337504869,38.99094885894705],[-76.941502856906183,38.990947114116771],[-76.941502402358651,38.990945371381059],[-76.941501973862245,38.990943625154252],[-76.941501567823749,38.990941881720239],[-76.94150118783638,38.990940138286227],[-76.941500833001854,38.990938398343204],[-76.941500503320128,38.990936659098338],[-76.94150019879126,38.990934922646289],[-76.941499922110154,38.990933188987029],[-76.94149966788693,38.990931460913409],[-76.941499440613157,38.990929735632648],[-76.941499237593902,38.990928015239248],[-76.941499062422423,38.99092630182799],[-76.941498910607137,38.990924592605921],[-76.941498785741317,38.990922891064173],[-76.941498686926636,38.990921195806287],[-76.94149861326477,38.990919508228664],[-76.941498567450708,38.990917828331305],[-76.941498544992825,38.990916157510703],[-76.941498550382718,38.990914494370372],[-76.941498580027115,38.990912842401414],[-76.941498637519302,38.990911199509121],[-76.941498719265979,38.99090956709005],[-76.941498827063825,38.990907945842245],[-76.94149896091281,38.990906335067606],[-76.941499121711232,38.990904738257186],[-76.941499306764186,38.990903152618117],[-76.94149951786828,38.990901580943216],[-76.941499755921811,38.990900022534319],[-76.941500018229888,38.990898478089655],[-76.941500305690781,38.990896946212736],[-76.941500619202813,38.990895430394716],[-76.941500958765985,38.990893929937265],[-76.941501321685365,38.990892445538677],[-76.94150171155421,38.990890977198944],[-76.941502123880923,38.990889525616232],[-76.941502562258762,38.990888090790612],[-76.941503026687769,38.990886674118471],[-76.941503513574659,38.990885274203357],[-76.941504025614364,38.990883893838223],[-76.941504563705223,38.990882531626518],[-76.941505125152275,38.990881188964742],[-76.941505709057225,38.990879865852847],[-76.94150631721665,38.990878563687339],[-76.941506947833986,38.990877280373532],[-76.941507604502462,38.99087601940245],[-76.941508282730496,38.990874778679526],[-76.941508982518101,38.99087355890294],[-76.941509708356861,38.990872363563767],[-76.941510453958529,38.990871187774466],[-76.941511222916418,38.990870036422621],[-76.941512014332204,38.990868907413521],[-76.941512826409209,38.99086780214364],[-76.941513660944111,38.990866719914727],[-76.941514516140259,38.990865663519671],[-76.94151539379429,38.990864628070959],[-76.941516290312933,38.990863620550712],[-76.941517209289472,38.990862638166064],[-76.941518147130637,38.990861679520648],[-76.941519104734738,38.990860747407325],[-76.941520084796707,38.990859839033128],[-76.94152108013003,38.990858958587474],[-76.941522097022926,38.990858104673862],[-76.941523131882136,38.990857276594063],[-76.941524184707646,38.990856476442744],[-76.941525256397796,38.990855703521746],[-76.941526346054232,38.990854957132782],[-76.941527453676969,38.99085423867232],[-76.941528577469384,38.990853548140286],[-76.941529717431493,38.990852885536803],[-76.941530874461563,38.990852251559978],[-76.941532047661354,38.990851646908098],[-76.941533237030782,38.99085106878826],[-76.941534440773268,38.990850519993373],[-76.941535660685417,38.990850000523366],[-76.9415368940723,38.990849510378261],[-76.941538141832226,38.990849050954537],[-76.941539404863533,38.990848618761049],[-76.941540680471221,38.990848217288942],[-76.941541967757018,38.990847845839959],[-76.941543269415874,38.990847502319475],[-76.941544582752812,38.990847190218503],[-76.941545908666171,38.990846907442481],[-76.941547245359331,38.990846655387813],[-76.941548592832234,38.990846432658074],[-76.941549951084951,38.990846241347867],[-76.941551320117441,38.99084608006077],[-76.941552699929716,38.990845948098638],[-76.94155408782683,38.990845847556059],[-76.941555486503731,38.990845777036604],[-76.941556890570524,38.990845737238509],[-76.941558304518779,38.99084572746353],[-76.941559726551887,38.990845748409889]]]},"properties":{"BUILDINGID":"415","NAME":"Physical Sciences Complex"}},{"type":"Feature","geometry":{"type":"Polygon","coordinates":[[[-76.925519884047432,38.974808109120431],[-76.925668576786492,38.974846177989534],[-76.925688339722768,38.974799147628403],[-76.92569517859701,38.974782871399448],[-76.92570387339066,38.974762181461898],[-76.925765758330584,38.974778026102427],[-76.925785652420856,38.974783119321138],[-76.925826543732597,38.974793587200828],[-76.92583777087701,38.97479646169473],[-76.925873064786217,38.974712463711413],[-76.926005020114928,38.974746243934497],[-76.926026143100515,38.974695971665675],[-76.926031700078866,38.974682746599619],[-76.9260878789201,38.974549038996621],[-76.926119098071183,38.974474739038563],[-76.926180961451522,38.974327497927021],[-76.926186008186789,38.974315488663805],[-76.926351352097981,38.973921959988168],[-76.926356054778509,38.973910767061732],[-76.926392124832105,38.973824918716886],[-76.926326860430095,38.973808210664934],[-76.92630597909131,38.973802864562359],[-76.926175825783048,38.973769542027121],[-76.926158985066408,38.973765230922083],[-76.925777768805915,38.973667632127423],[-76.925743315719828,38.973658811564228],[-76.925682567148741,38.97364325859705],[-76.925656983129443,38.97363670777284],[-76.925497524081692,38.973595883832871],[-76.925464636759131,38.973587463433994],[-76.925384546561673,38.973566958218662],[-76.925382273823999,38.973566376465747],[-76.925351266675335,38.973640173843314],[-76.925350933400352,38.973640966507048],[-76.925347087712638,38.973650116708747],[-76.9252817469538,38.973633384870524],[-76.925281371458013,38.973634278799693],[-76.925280781264874,38.973635679754295],[-76.925280389599408,38.973636609300961],[-76.925237733098157,38.973738137929189],[-76.925226299341219,38.973765348948469],[-76.925205187135404,38.973815595339474],[-76.925204733486197,38.973816675035501],[-76.92517592271841,38.973885243383677],[-76.925175321745471,38.973885088343415],[-76.925174515058345,38.9738848823214],[-76.925173759575188,38.973886679950709],[-76.925173304129345,38.973887764534339],[-76.925118465574499,38.974018281796695],[-76.925106480251998,38.974046807754249],[-76.925034800980512,38.974217409446041],[-76.925032454580986,38.974222983188021],[-76.925031970389057,38.974224133413898],[-76.925031831150193,38.97422446584104],[-76.925037488739846,38.974225914273582],[-76.924977013256608,38.974369840410716],[-76.924976044872736,38.974372144349488],[-76.924945586594703,38.974444635626121],[-76.924935223629589,38.97446929591235],[-76.924911223340146,38.974526416591672],[-76.924902036269742,38.974548283356874],[-76.924869069895436,38.974626744838943],[-76.924867045991093,38.974631556624459],[-76.924863476086159,38.974640053021758],[-76.924999626547248,38.97467491156565],[-76.925011637022607,38.974677986497049],[-76.925027866884832,38.974682141809581],[-76.925354395507469,38.974765741757409],[-76.925375752055032,38.974771210002203],[-76.925501384142464,38.974803373469257],[-76.925519884047432,38.974808109120431]]]},"properties":{"BUILDINGID":"807","NAME":"Research Park Building 1"}},{"type":"Feature","geometry":{"type":"Polygon","coordinates":[[[-76.940110266094877,39.004144989827964],[-76.94009134218507,39.004208881680547],[-76.940094842919748,39.004209512047304],[-76.940181155747183,39.004225074355482],[-76.940200452457816,39.004159915500466],[-76.940196259122061,39.004159160176727],[-76.940114772044325,39.004144464870912],[-76.94011064248896,39.004143720018291],[-76.940110266094877,39.004144989827964]]]},"properties":{"BUILDINGID":"888","NAME":"Crane Aquaculture Support Building"}},{"type":"Feature","geometry":{"type":"Polygon","coordinates":[[[-76.931886233686186,38.982872002651412],[-76.931929758858345,38.982881752190572],[-76.931967178181509,38.982890134474857],[-76.931990749076235,38.982826034135819],[-76.932005380835577,38.982829312614399],[-76.932054972330846,38.982807941400331],[-76.932055249910277,38.982807183753806],[-76.932058879104019,38.982797314796493],[-76.932141852893551,38.982815901925157],[-76.932179291081326,38.982714102805247],[-76.932188056841881,38.98269026867753],[-76.932104661742471,38.982671588642894],[-76.932108823637179,38.982660272803287],[-76.932107352196752,38.982658275684855],[-76.93208241586278,38.982624404966472],[-76.93208131991814,38.982622917601297],[-76.932067686187068,38.982619862567077],[-76.932091802359182,38.982554285091098],[-76.932010237128011,38.98253600933306],[-76.931971033750699,38.982642612268982],[-76.932019710760997,38.982653518213276],[-76.932051587478853,38.982660659657682],[-76.932006017741131,38.982784568875118],[-76.931951850227819,38.982772433258731],[-76.931946529506376,38.9827712412742],[-76.931925057076143,38.98276643074005],[-76.931886233686186,38.982872002651412]]]},"properties":{"BUILDINGID":"242","NAME":"Leonardtown 242"}},{"type":"Feature","geometry":{"type":"Polygon","coordinates":[[[-76.92937823532931,38.98227716440185],[-76.929396052514633,38.982281183798904],[-76.929585714718897,38.981768844309762],[-76.929049778023753,38.981647981407896],[-76.929049058473211,38.981649928277029],[-76.928848294888681,38.981604653081703],[-76.928847684034295,38.981606303871317],[-76.928846352731028,38.98160990222938],[-76.928823179789958,38.981672497430168],[-76.928823164518619,38.981672540026636],[-76.928822345255071,38.9816747571383],[-76.928832730678067,38.981677099246099],[-76.928842503450042,38.981679305184748],[-76.928853542846568,38.981681793935962],[-76.928865950377286,38.981684592035258],[-76.928877354489799,38.981687163884317],[-76.928888549294882,38.981689688946993],[-76.928898173844829,38.981691859970155],[-76.928909088375534,38.981694320788819],[-76.92891998673656,38.981696779512504],[-76.928930431448379,38.981699134189022],[-76.928941360352127,38.981701600593901],[-76.928952170678244,38.98170403766995],[-76.928962479744456,38.981706363017487],[-76.928972939727615,38.981708722581836],[-76.92898885158624,38.981712310460146],[-76.929001371406358,38.981715132998815],[-76.92901497100145,38.981718202038095],[-76.929026230485221,38.981720740367486],[-76.929024873130828,38.981724402963543],[-76.929020108466545,38.981737276865076],[-76.929016876328149,38.981746007039348],[-76.929011929305901,38.981759367653488],[-76.929006737043565,38.981773397238307],[-76.929002872491196,38.981783834057708],[-76.928998821089266,38.981794781334109],[-76.928994994266162,38.981805116896673],[-76.928990602402749,38.981816977548107],[-76.928986323727031,38.981828537927953],[-76.928981858201752,38.981840596893051],[-76.928978013412348,38.981850982028263],[-76.928974094062767,38.981861570367563],[-76.928969827963471,38.981873095825108],[-76.92896574871375,38.981884117107597],[-76.928961737736017,38.981894949847209],[-76.928957828267897,38.981905508152963],[-76.928954742554893,38.981913843766691],[-76.92895089057896,38.981924249141905],[-76.92894683109219,38.981935218742215],[-76.92894304648992,38.981945440461296],[-76.928940043421917,38.981953548424471],[-76.928929357961607,38.981982416145605],[-76.928928557562699,38.981984576685264],[-76.928834927957254,38.981963460794013],[-76.928830378888648,38.981975745286974],[-76.928815890859752,38.982014884287381],[-76.928814705981893,38.982018082499131],[-76.92877947315813,38.982113255068604],[-76.928775246584735,38.982124672248958],[-76.928759102960754,38.982168282369351],[-76.928872686843604,38.982193898728667],[-76.929035221722899,38.982230552368137],[-76.929055616174793,38.982235152052915],[-76.929058324595374,38.982235764459652],[-76.929105513097255,38.982246405811999],[-76.929106344937196,38.982246594352283],[-76.929116849836134,38.982218220435186],[-76.92922745221054,38.982243163617888],[-76.929229614455437,38.98224365102935],[-76.929250447285185,38.982248347776583],[-76.929278905913392,38.982254765825999],[-76.92930804456627,38.982261336801884],[-76.929335563556677,38.982267543964433],[-76.929349867430957,38.982270768699983],[-76.92937823532931,38.98227716440185]]]},"properties":{"BUILDINGID":"383","NAME":"Paint Branch Building"}},{"type":"Feature","geometry":{"type":"Polygon","coordinates":[[[-76.940842073251176,38.988926077426214],[-76.940842247524344,38.988931727514071],[-76.941023015508961,38.988928316654139],[-76.941023554498145,38.988945736825279],[-76.941026938451799,38.988945581119751],[-76.941041901689488,38.988944893362074],[-76.94108197194106,38.988943050031786],[-76.941165814401472,38.988939193700844],[-76.941722335093019,38.988931601832441],[-76.94172356758159,38.98893158437663],[-76.941755544910777,38.988931147283878],[-76.941763495899352,38.988933478678113],[-76.941777131427045,38.988937478146759],[-76.941795847825972,38.988942131159554],[-76.941810199310964,38.988945236193551],[-76.941821804646139,38.988945718671275],[-76.941829549022188,38.988945460325752],[-76.941835853398857,38.988945250158203],[-76.941844404462046,38.988944537962382],[-76.941855282161811,38.988942457931714],[-76.941855454638343,38.988942425114864],[-76.941865791552317,38.988939970133984],[-76.941881368339352,38.988935079722417],[-76.941891982832743,38.988931279249584],[-76.941905179982584,38.988923695060855],[-76.941910083885716,38.98892073665445],[-76.941921390980198,38.988912639264456],[-76.941932393545812,38.988902634304907],[-76.941939119232345,38.988894296022899],[-76.941943599130667,38.988886439519796],[-76.94194737924137,38.988876901673642],[-76.941949523519952,38.988869274188694],[-76.941951668696859,38.988860695012711],[-76.941952592164981,38.988851400147851],[-76.941952600249806,38.988841152194787],[-76.941951692951363,38.988831855232689],[-76.9419491498208,38.988822147708653],[-76.941944987027782,38.988813500798443],[-76.941941329087939,38.988805156221844],[-76.941936448541,38.988798481816694],[-76.941931261668543,38.988792995802889],[-76.94192683566915,38.988789418756888],[-76.941926503292493,38.98877382302971],[-76.941926090965779,38.988754386319215],[-76.94192536512702,38.988720299272217],[-76.941931015530159,38.988719958534332],[-76.941930853833412,38.988711491057622],[-76.94193835117278,38.988711559484514],[-76.941938323325004,38.988701282185424],[-76.941933016078295,38.988701236102003],[-76.941933040332813,38.988671622613865],[-76.941939911546413,38.988671445960726],[-76.941940010361094,38.988663032940437],[-76.941866866835738,38.988664415443623],[-76.941867483978314,38.988684358398274],[-76.941818031721937,38.98868529054031],[-76.941815346657549,38.988685341511363],[-76.941799187762228,38.98868564873419],[-76.94179773069483,38.988638661080536],[-76.94179505820685,38.988638713448111],[-76.94179365324176,38.988638739980985],[-76.941793348712878,38.988638744170416],[-76.941764463384914,38.988639302059497],[-76.94176126268755,38.988639363504106],[-76.9417580619902,38.988639424948708],[-76.941754861292836,38.988639486393318],[-76.941751661493797,38.988639547837927],[-76.941748460796447,38.988639609282536],[-76.941745260997394,38.988639670727139],[-76.941742058503422,38.988639732171748],[-76.941738857806058,38.988639793616343],[-76.941735657108708,38.988639855060953],[-76.941732457309655,38.988639916505562],[-76.941729256612291,38.988639977950172],[-76.94172605501663,38.988640039394781],[-76.941711989195909,38.988640310309641],[-76.941708786701923,38.988640371754244],[-76.941705586004559,38.988640434595354],[-76.94170238620552,38.988640496039949],[-76.94169918550817,38.988640557484551],[-76.941695984810806,38.988640618929168],[-76.941692784113442,38.98864068037377],[-76.941689584314403,38.988640741818379],[-76.941686383617039,38.988640803262982],[-76.941683183817986,38.988640864707584],[-76.941679982222325,38.988640926152193],[-76.941676781524961,38.988640987596803],[-76.941673580827626,38.988641049041412],[-76.941372859904774,38.988646682394375],[-76.941368467143036,38.988646765484233],[-76.941367617336795,38.988646781543579],[-76.941305644361961,38.988648143798308],[-76.941305028117682,38.988648137514204],[-76.941300532049681,38.988648047441984],[-76.941237330179547,38.988649241422301],[-76.941232455920826,38.988649332192708],[-76.941092846945892,38.988651969422769],[-76.941092253159482,38.988632781948489],[-76.941092168717859,38.988630038586066],[-76.941092084276221,38.988627292430664],[-76.941091998037948,38.988624547671598],[-76.94109191359631,38.988621802912419],[-76.941091828256361,38.988619056756697],[-76.941089392923629,38.988540452280006],[-76.941088746136614,38.988540464149992],[-76.941085876917597,38.988540517215874],[-76.941082359114958,38.988540583548193],[-76.941078842210615,38.988540650578763],[-76.941075324407947,38.988540717609375],[-76.941071807503619,38.988540783941694],[-76.941068291497587,38.988540850274006],[-76.941064773694947,38.988540917304626],[-76.941061256790604,38.988540983636945],[-76.94105773808964,38.988541051365758],[-76.941054221185311,38.988541116999876],[-76.941050704280968,38.988541182633952],[-76.941047187376626,38.988541249664557],[-76.941043671370608,38.988541315298633],[-76.941040152669643,38.988541382329196],[-76.941036635765315,38.988541447963314],[-76.941033118860958,38.98854151429564],[-76.941031595318236,38.988541543621537],[-76.940997739611817,38.988542183204935],[-76.940997579711706,38.988536976465333],[-76.940991340912035,38.988537094467098],[-76.940990559377752,38.988537109828279],[-76.940987121525154,38.988537174065911],[-76.940962176208032,38.988537644676434],[-76.940961707287457,38.988537653753482],[-76.940957620851236,38.988537730559351],[-76.940830114878111,38.988540139470672],[-76.940840954848653,38.98888993766073],[-76.940842073251176,38.988926077426214]]]},"properties":{"BUILDINGID":"036","NAME":"Plant Sciences Building"}},{"type":"Feature","geometry":{"type":"Polygon","coordinates":[[[-76.94409551968198,38.984330090601787],[-76.944095927517111,38.98434005850072],[-76.944108840799316,38.984339736595231],[-76.944115969829426,38.984339559232993],[-76.944119304375761,38.984421180037998],[-76.944290357080575,38.984416920555596],[-76.944286696445801,38.984327342882985],[-76.944286013726185,38.984310611472793],[-76.944282246191889,38.984218424201678],[-76.94411205856467,38.984222659256304],[-76.94411313654301,38.984249034598221],[-76.944114276505104,38.984277011079961],[-76.944115265550238,38.984301221044802],[-76.944107102559258,38.984301424243412],[-76.944094359956935,38.984301741261156],[-76.944094466856455,38.984304358403136],[-76.94409551968198,38.984330090601787]]]},"properties":{"BUILDINGID":"040","NAME":"Morrill Hall"}},{"type":"Feature","geometry":{"type":"Polygon","coordinates":[[[-76.943292730346855,38.985004716929069],[-76.943352965081587,38.985003423034698],[-76.943353315424559,38.985003414655417],[-76.94347986559022,38.985000695591843],[-76.943480792651599,38.985000676040265],[-76.943480724379626,38.984998776745662],[-76.943479886251467,38.984975006929666],[-76.94347631095664,38.984873678057888],[-76.943479966201522,38.984873598454968],[-76.943480114423551,38.984873594963602],[-76.94349247703849,38.984873331017049],[-76.943492447394092,38.984872471445058],[-76.943487749205147,38.984739346588754],[-76.943480073101043,38.984739511381129],[-76.943248784763171,38.984744482383874],[-76.943249464787826,38.984763678593147],[-76.943223313033286,38.984764238607632],[-76.943222025747474,38.984727792968663],[-76.943221859559145,38.984723101972101],[-76.943221619708964,38.984716254010358],[-76.943219110714367,38.984716307777397],[-76.943211130979719,38.984716479552525],[-76.943198010186677,38.984716760956459],[-76.943197028328058,38.984688894975655],[-76.943179617181215,38.984689281120687],[-76.943175169622251,38.9846893642152],[-76.943046224548056,38.984692134962977],[-76.943026874836818,38.984692559513036],[-76.943027822559458,38.984719419979506],[-76.943002138827168,38.984719970218507],[-76.943003845626194,38.984768360509491],[-76.942977295019674,38.984768933092838],[-76.942977007558795,38.98476076540063],[-76.94297659972365,38.984749183154847],[-76.942884513423863,38.984751162059212],[-76.942880542870299,38.984751247946726],[-76.942877159814955,38.98475132056705],[-76.942877037644081,38.9847513226619],[-76.94287269249304,38.984751416230395],[-76.942865905721064,38.984751562867658],[-76.942752134988652,38.984754005424897],[-76.942747505071679,38.984754105277844],[-76.942745306894182,38.984754152760395],[-76.942741868143287,38.984754227475563],[-76.942738318899586,38.984754302190687],[-76.942739464251588,38.984786775345718],[-76.942740418262403,38.984813830594319],[-76.942740967133048,38.984829395771783],[-76.942742788916433,38.984881051802653],[-76.942742991037392,38.984886761566401],[-76.942747514054844,38.984886664506732],[-76.942758263295531,38.984886435473747],[-76.942758883133067,38.984886422206635],[-76.942810352107259,38.984885324524306],[-76.942810396124727,38.984885328713951],[-76.943014703563051,38.984881696306999],[-76.94301470266474,38.98488166558306],[-76.943067049292978,38.984880537875],[-76.94306733495722,38.984880533685413],[-76.9432211516867,38.984877216198591],[-76.943221714930388,38.984893168204316],[-76.943221723913524,38.98489342377156],[-76.943223038148801,38.984930668147001],[-76.943253022116352,38.98493002503961],[-76.943257883798665,38.984929920997274],[-76.943255118784236,38.984851519810647],[-76.943287298234338,38.984850829918386],[-76.943292730346855,38.985004716929069]]]},"properties":{"BUILDINGID":"043","NAME":"Taliaferro Hall"}},{"type":"Feature","geometry":{"type":"Polygon","coordinates":[[[-76.941381412764613,38.988515335360717],[-76.941383040511909,38.988566868605517],[-76.941792587839814,38.988558989722591],[-76.941794331469808,38.988558957603757],[-76.941795259429483,38.98855893875146],[-76.941795132767027,38.988554829638545],[-76.941795030359074,38.988551515116853],[-76.941794551557038,38.98853606038076],[-76.941793319966777,38.988496346846524],[-76.941795999641272,38.98849629517705],[-76.941874045273153,38.988494793970546],[-76.941869959735257,38.988365375185353],[-76.941869904938017,38.988363663806695],[-76.941869278812248,38.988343818514927],[-76.941869206947032,38.988341525504275],[-76.941868198138977,38.988309583243883],[-76.941889613975349,38.988309169189037],[-76.941887647563192,38.988246925484049],[-76.941904423601116,38.988246602199823],[-76.941906014517485,38.988246571477347],[-76.941920348934474,38.988246295673328],[-76.941914173016883,38.9880507231141],[-76.94189900047175,38.988051014280202],[-76.94189601087848,38.988051070837614],[-76.941880479007239,38.988051371080793],[-76.941878586256919,38.987991425058823],[-76.941878438034891,38.987986724503202],[-76.941857942073355,38.987987119707363],[-76.941857124606457,38.987961241509211],[-76.941857074300813,38.987959647425264],[-76.941856355648582,38.987936856141033],[-76.94185469017205,38.98788413263383],[-76.941852306043273,38.987808600305748],[-76.941852189262278,38.987804874484397],[-76.941852112007197,38.987802436221848],[-76.941801714723113,38.987803405382358],[-76.941796688649092,38.987803501041576],[-76.941693702191657,38.98780548195527],[-76.941693516240392,38.987799593676861],[-76.941691035991909,38.987799639760865],[-76.941663876327596,38.98780016274447],[-76.941631954693975,38.987800778594284],[-76.941631293533916,38.987779796405675],[-76.941503063518709,38.98778226539163],[-76.941501811267187,38.987782288433657],[-76.941486502178122,38.987782582393777],[-76.941487242389911,38.987805968630248],[-76.94147867785199,38.987806134113683],[-76.941452626708752,38.987806635451733],[-76.941446369942796,38.987806755549428],[-76.941438913925936,38.987806898689087],[-76.941439031605242,38.987810570047444],[-76.941313489349355,38.987812984569487],[-76.941281384459401,38.987813602513953],[-76.941281456324631,38.98781589065397],[-76.941285637083965,38.987948340809794],[-76.941287204644127,38.987997958495505],[-76.941242774868499,38.987998812443621],[-76.941249711659125,38.98821850160396],[-76.941249781727706,38.988220735966571],[-76.941249796999074,38.988221246378778],[-76.941249876050819,38.988223725822927],[-76.941252946492455,38.988320991744303],[-76.941296386324638,38.988320155954185],[-76.941298040123087,38.988372497899363],[-76.941298067970862,38.98837341258956],[-76.941298147022607,38.988375910182583],[-76.941298226074352,38.988378408473707],[-76.941298304227786,38.988380905368246],[-76.941298383279531,38.988383403659206],[-76.941298462331275,38.988385902648311],[-76.941298540484695,38.988388399542643],[-76.94129861953644,38.988390897833334],[-76.941298697689874,38.988393394727439],[-76.941299044439575,38.988404375195373],[-76.941299123491319,38.988406872089044],[-76.941299201644739,38.988409370379088],[-76.941299280696484,38.988411868669033],[-76.941299359748228,38.988414366260649],[-76.941299437901662,38.988416863852223],[-76.941299516953407,38.988419361443661],[-76.941299596005152,38.988421859035],[-76.9412996633788,38.988423994241622],[-76.941300202367984,38.988441073797716],[-76.941300224825866,38.988441790187991],[-76.941302169678465,38.988503376682026],[-76.941302222679042,38.988505066411939],[-76.94135353534638,38.988504079805175],[-76.94135642073509,38.98850402464457],[-76.94135993853773,38.988503956915721],[-76.941363455442087,38.98850388918688],[-76.941381040862083,38.988503550542696],[-76.941381412764613,38.988515335360717]]]},"properties":{"BUILDINGID":"147","NAME":"Hornbake Library"}},{"type":"Feature","geometry":{"type":"Polygon","coordinates":[[[-76.949730558034474,38.993050626264321],[-76.949734757658419,38.993052412235954],[-76.949757538035712,38.993062104517769],[-76.949758050973742,38.993061370021309],[-76.949762261377487,38.993055341843842],[-76.949793326916634,38.993010865691502],[-76.949794553116988,38.993009109741017],[-76.949845064487107,38.992936789676826],[-76.949846268229578,38.99293506793591],[-76.949878489900513,38.992888934897785],[-76.949882552082215,38.992890659432639],[-76.95000315809564,38.992717985110822],[-76.94999816975087,38.992715864695789],[-76.949961840084157,38.992700411567185],[-76.950020463241273,38.992616478810241],[-76.950016534010217,38.992614806633327],[-76.950005749735226,38.992610219492327],[-76.949976444894034,38.99259775531403],[-76.9499732980956,38.992596416873987],[-76.949970205196067,38.992595108456243],[-76.949911784159895,38.992570251308081],[-76.949881346543123,38.99255730327323],[-76.949869835531061,38.99255240962065],[-76.94987524877898,38.992544660347569],[-76.949874584923975,38.992544377578334],[-76.949870465250072,38.992542625107212],[-76.949724216826866,38.99248041305286],[-76.949719919286565,38.992478586571401],[-76.949714533886436,38.9924863023383],[-76.949700954952604,38.992480526858863],[-76.949669805870116,38.992467279281357],[-76.949613751894702,38.992443435869838],[-76.949610662588455,38.992442121165553],[-76.949606660593858,38.992440419660284],[-76.949576410724973,38.992427552592524],[-76.949567414097402,38.992423725077515],[-76.949563294423513,38.992421972603395],[-76.94956310218403,38.992421890914393],[-76.949548641104585,38.992442595241101],[-76.949547800281493,38.992443801026674],[-76.94954267179952,38.992451140469441],[-76.94954183187474,38.992452345556721],[-76.949504045140642,38.992506442503746],[-76.949485307182115,38.992498471199262],[-76.949484023489589,38.992497925209925],[-76.949464125806045,38.992489461676158],[-76.949433391745217,38.992533462684811],[-76.94942524312728,38.992545128836824],[-76.949408540751207,38.99256904063725],[-76.94940038045516,38.992580723540058],[-76.949382329707845,38.992606568630556],[-76.949374180191583,38.992618235468719],[-76.949343163161444,38.992662644142889],[-76.94934640248637,38.992664020982403],[-76.949310308178255,38.992715696431056],[-76.949263850905012,38.992782210545805],[-76.949248310050606,38.992804459868417],[-76.949226211494604,38.992836097782899],[-76.949236994871285,38.992840682814702],[-76.949288954325638,38.992862785498467],[-76.949296409444173,38.992865955990574],[-76.94936993834682,38.992897232214034],[-76.949375690259586,38.99289967937758],[-76.949389818962359,38.992905689415309],[-76.949456518872211,38.992934060445094],[-76.949472076794621,38.992940677906766],[-76.949487822464917,38.992947377056225],[-76.949522380653903,38.992962076084083],[-76.949660019623423,38.993020621514361],[-76.94967418964869,38.99302664899664],[-76.949677792791306,38.99302818082748],[-76.949680940488079,38.993029519957553],[-76.949719633622294,38.993045978408922],[-76.949730558034474,38.993050626264321]]]},"properties":{"BUILDINGID":"251","NAME":"Denton Area Dining Hall"}},{"type":"Feature","geometry":{"type":"Polygon","coordinates":[[[-76.943033832288705,38.985222615247075],[-76.943034904877166,38.985253049245976],[-76.943043399346479,38.985252866998124],[-76.943055841911473,38.985252598863404],[-76.943194913693873,38.985249611674632],[-76.943207357157206,38.985249343539856],[-76.943214509543495,38.985249189920978],[-76.943213546549515,38.985221894634599],[-76.943222117375626,38.985221710291881],[-76.943265184406982,38.985220783690416],[-76.943264104632021,38.985190129024858],[-76.943272621559231,38.985189947475114],[-76.94333525749073,38.985188599817505],[-76.9433830164228,38.98518757336317],[-76.943479719164827,38.985185494618676],[-76.943484657203939,38.985185389180153],[-76.943494802776755,38.985185172717024],[-76.943490412709949,38.985060800558863],[-76.943489886297215,38.98504591694347],[-76.943489033795984,38.985021743543371],[-76.943489000558344,38.985020816939233],[-76.943479849420541,38.985021013153059],[-76.943254348928022,38.985025860542315],[-76.94325563621382,38.985062326277671],[-76.943224327231235,38.985062998711143],[-76.943223596900893,38.985042317363472],[-76.943184714222141,38.985043152494022],[-76.943185449942362,38.985064046813591],[-76.943061088971049,38.985066720487225],[-76.943059890618471,38.985032660293463],[-76.943020058420458,38.985033516372198],[-76.943019308327194,38.985012247770875],[-76.943018680404819,38.984994427919425],[-76.943016577448731,38.984934773978935],[-76.943014703563051,38.984881696306999],[-76.942810441938803,38.984885344075913],[-76.942810355700544,38.984885434851144],[-76.942811581002573,38.984920143111104],[-76.942812071482734,38.984934056854932],[-76.942812302349751,38.984940522841541],[-76.942812499979112,38.984946150204571],[-76.94281269940511,38.984951791532531],[-76.942813458481524,38.984973311529323],[-76.942814226541103,38.984995079405458],[-76.942814307389469,38.984997397662241],[-76.942815642285979,38.985035202693588],[-76.942745282639663,38.985036715145803],[-76.942745474879146,38.985042146287419],[-76.94274632109213,38.985066110199782],[-76.942746373194424,38.985067574470712],[-76.942747077473612,38.985087536593724],[-76.942747646107165,38.985103659627953],[-76.942748808527142,38.985136568342412],[-76.942749069936909,38.98514403073991],[-76.942749201090933,38.985147746227312],[-76.942751044433891,38.985200022088002],[-76.94275216822632,38.985199997648614],[-76.942757785391805,38.985199878244771],[-76.942758327075907,38.985199867770739],[-76.942772444998909,38.985199563325843],[-76.942980238798867,38.985195098599455],[-76.942981169453489,38.985221451932759],[-76.94298125120018,38.985223745044479],[-76.943033832288705,38.985222615247075]]]},"properties":{"BUILDINGID":"048","NAME":"Francis Scott Key Hall"}},{"type":"Feature","geometry":{"type":"Polygon","coordinates":[[[-76.940857050861922,38.981881240108208],[-76.940857376950362,38.98189403018516],[-76.940858483674774,38.981894009934415],[-76.940942261456485,38.981892711095107],[-76.940942615392714,38.981906656857475],[-76.94094415690175,38.981906633115216],[-76.940946524860834,38.981906595407018],[-76.941030248743616,38.981905300059402],[-76.941034949627522,38.981905228832737],[-76.941035407768311,38.981905220453143],[-76.941038197935583,38.98190517785681],[-76.941040563199721,38.981905141545184],[-76.941040229026427,38.981892088210884],[-76.941118943004895,38.981890871072693],[-76.941118911563862,38.981885170145183],[-76.941129337411041,38.9818850074411],[-76.941159994216733,38.981884531898274],[-76.941161173704714,38.981884514440772],[-76.941162365769088,38.981884496983263],[-76.941164351944195,38.981884464861402],[-76.941181874482126,38.981884193920685],[-76.941182373047099,38.981884185541084],[-76.941184717649989,38.981884149927716],[-76.941215910749918,38.981883639469871],[-76.941225949423213,38.981883475369159],[-76.941225900914205,38.981888533161744],[-76.941307146345125,38.981887274125476],[-76.941307318821657,38.981893945690757],[-76.941307480518418,38.981900330253865],[-76.941308227916736,38.981900317684456],[-76.941310571621301,38.981900282071145],[-76.941311759194107,38.981900264613593],[-76.941402944483656,38.981898851253071],[-76.941405284594964,38.981898814243145],[-76.941405121999907,38.981892430378203],[-76.941404950421685,38.981885722501147],[-76.941485544574022,38.981884471844424],[-76.941485379284018,38.981877846366061],[-76.941493029336968,38.981877727654933],[-76.941526085542804,38.981877216498674],[-76.941528430145695,38.981877178790462],[-76.941548826394225,38.981876863856748],[-76.941551316524198,38.981876825450222],[-76.941551572544043,38.981876821260407],[-76.941553662025385,38.981876788440267],[-76.941582340740837,38.981876345717517],[-76.941591495471897,38.981876203962422],[-76.941591614049514,38.981880832300533],[-76.941671763535794,38.981879590721633],[-76.941671982724714,38.981888230797551],[-76.941672096810777,38.981892715983193],[-76.941674236597777,38.981892681068189],[-76.941674436922071,38.981892678274988],[-76.941677316920888,38.981892633583719],[-76.941766365118355,38.981891255138102],[-76.941769466102727,38.981891206955318],[-76.941771740637037,38.981891172040314],[-76.941771654398764,38.981887786678243],[-76.941771400175526,38.981877805166334],[-76.941774281970964,38.981877761173365],[-76.941776624777233,38.981877724163418],[-76.941851166979504,38.981876568475464],[-76.941850937010784,38.981867440285761],[-76.941850833704535,38.98186338944172],[-76.941848543898871,38.98177332391662],[-76.941742945140604,38.981774959339653],[-76.941737782522651,38.981775038946061],[-76.941706983783149,38.981775517981148],[-76.941651938615777,38.98177636990944],[-76.941607224074218,38.981777062624857],[-76.941590010556723,38.981777329376207],[-76.941590124642786,38.981781684684776],[-76.941585265655391,38.981781758704777],[-76.941482362741283,38.981783354324364],[-76.941482212722633,38.981777550737903],[-76.941402074016139,38.981778790921965],[-76.941370015838615,38.981779287414604],[-76.941365711111757,38.981779353753254],[-76.941220958383511,38.981781595302145],[-76.941221117385311,38.981787954038204],[-76.941219933405776,38.981787971495734],[-76.941212053384106,38.981788093698533],[-76.941118708544593,38.981789541976362],[-76.941118723815961,38.981785746706315],[-76.94104114710467,38.981786947785352],[-76.941034950525847,38.981787043452698],[-76.941021092215948,38.981787257133057],[-76.940943259484783,38.98178846379848],[-76.940936442170099,38.981788569242056],[-76.940929088561163,38.981788682366933],[-76.940927280252509,38.981788711695579],[-76.940900639814444,38.981789122995302],[-76.940897431930551,38.98178917397135],[-76.940897397794572,38.98178917397135],[-76.940897349285564,38.981789174669672],[-76.940854727818575,38.981789833866486],[-76.940856980793313,38.981878481819884],[-76.940857050861922,38.981881240108208]]]},"properties":{"BUILDINGID":"023","NAME":"Washington Hall"}},{"type":"Feature","geometry":{"type":"Polygon","coordinates":[[[-76.947451082102702,38.989370804011948],[-76.947560577752668,38.98942485723137],[-76.947675508210125,38.989481286472213],[-76.947698161924961,38.989492289114622],[-76.947765247212075,38.989524881587457],[-76.947802913571934,38.989546662726674],[-76.947844816386677,38.989501037184624],[-76.947809972533449,38.989481149619962],[-76.947824143457041,38.989461990997683],[-76.947784204359522,38.989442156487208],[-76.947698229298609,38.989399543027751],[-76.947676687698106,38.989388862951692],[-76.947505602653919,38.989304746124915],[-76.947451082102702,38.989370804011948]]]},"properties":{"BUILDINGID":"363","NAME":"Maryland Stadium Concessions"}},{"type":"Feature","geometry":{"type":"Polygon","coordinates":[[[-76.944348845490396,38.982902075946228],[-76.944351934796671,38.98295391074916],[-76.944391746333451,38.982952461796891],[-76.944394061291931,38.982991306975634],[-76.944426763561523,38.982990118486207],[-76.944431357545881,38.982989951594952],[-76.944431848026042,38.982998185130675],[-76.94443187228056,38.982998584552448],[-76.944522118830619,38.982996051855245],[-76.94452644421871,38.982995931051093],[-76.944526762222324,38.982995922671627],[-76.94453152419166,38.982995787901693],[-76.944531605938337,38.98298944184328],[-76.944531655345685,38.982985548178675],[-76.944538922716333,38.98298550139328],[-76.944553686528025,38.982985402236096],[-76.944585156309046,38.982985192749105],[-76.944585453651413,38.982994275405879],[-76.944589430493167,38.982994163679479],[-76.944599287706779,38.982993887854995],[-76.944680566375382,38.982991607938573],[-76.944690495454211,38.982991329320875],[-76.944694437261688,38.982991218292831],[-76.944694447143149,38.982988990748012],[-76.944694477685871,38.982982481289184],[-76.944694498347118,38.98297760792331],[-76.944718928031264,38.9829770471964],[-76.94474662309149,38.982956238848857],[-76.944752661566824,38.982951702755372],[-76.944752678634813,38.982930157703876],[-76.944771686087918,38.98293017655768],[-76.944771692376108,38.982922276098662],[-76.944771700460961,38.982911730513727],[-76.944771750766606,38.982848161593914],[-76.944756848614347,38.982848158102449],[-76.944756883648651,38.982803348037379],[-76.944768697392959,38.982803402504125],[-76.944768059589094,38.982775400999834],[-76.944767797281045,38.982763807256539],[-76.944766821710658,38.98272094816749],[-76.944766751642064,38.982717872188736],[-76.944760891931466,38.982717869395572],[-76.944751728217227,38.982717865205807],[-76.944751759658288,38.982677251799196],[-76.94476514365769,38.982677126106459],[-76.944762740664302,38.982597737830751],[-76.944762618493428,38.982593700994386],[-76.944760809286436,38.982593766634025],[-76.944754933406173,38.982593981010211],[-76.944753657798458,38.982572616708012],[-76.944719884737069,38.982541590799798],[-76.944719850601075,38.98254156007485],[-76.944719828143192,38.982541540522583],[-76.944717371250874,38.982539282238719],[-76.94468791998429,38.982540352025659],[-76.944686921956006,38.982523680246437],[-76.944683524527605,38.982523803844579],[-76.944575505707959,38.982527729656148],[-76.944576282750688,38.982540742372187],[-76.944576546855359,38.982545166066593],[-76.944576403124927,38.982545170954687],[-76.944525504580923,38.982547021434527],[-76.944524241549644,38.982525802363412],[-76.944412883692081,38.98252984897978],[-76.94441379997366,38.982545219835274],[-76.944364439345435,38.982547017943048],[-76.94436320955181,38.982526431526722],[-76.944252446378968,38.982530459987395],[-76.944253173116024,38.982542647319086],[-76.94425358184948,38.982549507362066],[-76.944252824569688,38.982549534595535],[-76.944222725617777,38.982550629520915],[-76.944219444970358,38.982550748929221],[-76.944221985405989,38.982593381874125],[-76.944206798487798,38.982593936319383],[-76.944187169400521,38.982594647182488],[-76.94419027936803,38.982646771303919],[-76.944222344732111,38.982645603757547],[-76.94422359788193,38.982666591657726],[-76.944224629147882,38.98268388348739],[-76.944250379355495,38.982683896056677],[-76.944250348812773,38.982691833551812],[-76.94425456191145,38.982691680625692],[-76.944262511103403,38.982691517225149],[-76.944362018385746,38.98268946354586],[-76.944362025572246,38.982680766307723],[-76.944415466348516,38.982679898329557],[-76.944415459161988,38.982688240835053],[-76.944525805516548,38.982686504180656],[-76.944525620463594,38.982683408648178],[-76.944525251256024,38.982677233643585],[-76.944553648798788,38.982677283222387],[-76.944553557170607,38.982682392631986],[-76.944557261822851,38.982682257861462],[-76.944567978724194,38.982681868912273],[-76.944571058148981,38.982683667016566],[-76.944583716309651,38.982691057050182],[-76.944583768411945,38.982691927821328],[-76.944584331655633,38.982701389688692],[-76.944585521923386,38.982721357366934],[-76.94456094850878,38.982722251879686],[-76.94456130334332,38.982728201331859],[-76.944561932164021,38.98273874694415],[-76.944566248568961,38.982811034134137],[-76.944588105478132,38.982810240176548],[-76.944588717230843,38.982820500873608],[-76.9445900907549,38.982843512370316],[-76.944585309920967,38.982846137247428],[-76.944573495278348,38.982852622278607],[-76.944534778787926,38.982854028637156],[-76.944533579537023,38.98283397231333],[-76.944421493145768,38.982838046843739],[-76.944422410325657,38.982853406459689],[-76.944387867408039,38.982854661987311],[-76.94438974488699,38.982886121397001],[-76.944390535404438,38.982899362388267],[-76.944348772726883,38.982900880472428],[-76.944348845490396,38.982902075946228]]]},"properties":{"BUILDINGID":"974","NAME":"South Campus Commons 5"}},{"type":"Feature","geometry":{"type":"Polygon","coordinates":[[[-76.936304572258308,38.984693863887152],[-76.936310816447858,38.984693886930188],[-76.936310713141594,38.984650080055836],[-76.936310710446648,38.984649163921006],[-76.936310685293805,38.984638157732697],[-76.936310643971311,38.984620184166843],[-76.936310618818482,38.984609545266089],[-76.936310572106095,38.98459078403981],[-76.936284638642164,38.984590574557579],[-76.936283681936374,38.984590566876527],[-76.936258474311188,38.984590362980519],[-76.936259615171593,38.98456526490957],[-76.936228809245563,38.98456532077153],[-76.936160261501172,38.984565449253999],[-76.936151773320063,38.984565465314319],[-76.936150867818256,38.984565466710841],[-76.936131730109437,38.984565502322866],[-76.936132157707519,38.984572533247032],[-76.936133238380791,38.984590300135828],[-76.936104575835017,38.984590242877367],[-76.936100003410218,38.9845902344981],[-76.936081590641862,38.984590196791281],[-76.936082022731512,38.984681214668953],[-76.936082079325359,38.984693027356023],[-76.936105775085935,38.984693116734931],[-76.936139920049882,38.98469324521723],[-76.936187864933231,38.984693426069953],[-76.936199778390531,38.984693469362888],[-76.936222948636654,38.98469355804356],[-76.936234104814162,38.984693599939938],[-76.936240085797323,38.984693621586395],[-76.936291086749279,38.984693812913243],[-76.936304572258308,38.984693863887152]]]},"properties":{"BUILDINGID":"127","NAME":"House 2"}},{"type":"Feature","geometry":{"type":"Polygon","coordinates":[[[-76.941068461279187,39.007077006212128],[-76.941081023320109,39.007076087575342],[-76.941081894685951,39.00708334592251],[-76.941103839630017,39.007081742496595],[-76.941102947602957,39.007074320106959],[-76.941276066432934,39.007061673492551],[-76.941277050986457,39.007069886078725],[-76.94130078986619,39.007068150720556],[-76.941299835855347,39.007060206186331],[-76.941335958011237,39.007057566151985],[-76.941357253473356,39.007056009495024],[-76.941343527215807,39.006941666313956],[-76.941339928564787,39.006911665360093],[-76.941184886533279,39.006922992679712],[-76.941183965760104,39.006915312691604],[-76.941151489865945,39.006917687470789],[-76.941149944763666,39.006917799857433],[-76.94114464560181,39.006918187975373],[-76.94114547654344,39.006925123139844],[-76.941025832625698,39.006933865564577],[-76.94102884377854,39.006958961287793],[-76.941035083476493,39.007010973927571],[-76.941038999232816,39.007043598819052],[-76.941040721303196,39.007057950080835],[-76.941041185732217,39.007061819385477],[-76.941043229399483,39.007078851862275],[-76.941068461279187,39.007077006212128]]]},"properties":{"BUILDINGID":"395","NAME":"Turfgrass Research Facility"}},{"type":"Feature","geometry":{"type":"Polygon","coordinates":[[[-76.954120035533151,38.989668967940737],[-76.954017359892788,38.989765521085054],[-76.954023583421062,38.989769550530255],[-76.954026702371749,38.989771570489467],[-76.954098514593881,38.989818081203275],[-76.954118312564418,38.989830903360989],[-76.954140575512113,38.989845323048968],[-76.954172889709511,38.989866252956872],[-76.954192573594014,38.989879000396094],[-76.95420280001521,38.989885623729194],[-76.954204177132539,38.989886516056764],[-76.954238704778788,38.989908878703353],[-76.954260762910607,38.989923163618698],[-76.95428589417898,38.989939440556654],[-76.95434503835898,38.989977747064231],[-76.954385732939656,38.989939478260624],[-76.954738494165227,38.989607744839439],[-76.954410815699035,38.989395519845523],[-76.954120035533151,38.989668967940737]]]},"properties":{"BUILDINGID":"309","NAME":"Indoor Practice Facility"}},{"type":"Feature","geometry":{"type":"Polygon","coordinates":[[[-76.940832945469566,38.992349040318196],[-76.940831737235527,38.992351086037118],[-76.940893903348126,38.992373446508594],[-76.940899235747636,38.992375361663875],[-76.940962613687574,38.992268053541807],[-76.940970588930668,38.992254545496515],[-76.940906480660416,38.992231484694095],[-76.940903303319246,38.992230342440955],[-76.940903095808423,38.992230267733682],[-76.940832945469566,38.992349040318196]]]},"properties":{"BUILDINGID":"119","NAME":"Poultry Barn"}},{"type":"Feature","geometry":{"type":"Polygon","coordinates":[[[-76.945550420336346,38.983837172583222],[-76.94555046345549,38.983838444153889],[-76.945602317806944,38.983837367403737],[-76.945638011466443,38.983836465224009],[-76.945688537209591,38.983835416405093],[-76.945686182725225,38.983765810966652],[-76.945726176620013,38.983764987691885],[-76.945727279751182,38.98379750738733],[-76.945944501370036,38.983793026512011],[-76.945968525913983,38.983792532128383],[-76.945977052722654,38.983792355463017],[-76.945995910157109,38.983791966519966],[-76.946178897878809,38.983788190909131],[-76.946180204927529,38.983788164374431],[-76.946183759561123,38.98378809105477],[-76.946185083677847,38.983788063123541],[-76.946187730114673,38.983788007959255],[-76.946186652136333,38.983756169783014],[-76.946184965100215,38.983706375949936],[-76.946184066784937,38.983679844688723],[-76.946180930766289,38.983679910327311],[-76.946176870381208,38.983679993422996],[-76.946175733114046,38.983680016466366],[-76.946175255210321,38.983680026242332],[-76.946165972020168,38.983680218270166],[-76.946158636377547,38.983680369099311],[-76.946148698315582,38.983680573696233],[-76.946145212852286,38.983680645619408],[-76.946134685495466,38.983680863483727],[-76.946130515515918,38.983680950070841],[-76.946125633172343,38.983681049227052],[-76.946125376254173,38.983681055511603],[-76.946110163284828,38.983681369040703],[-76.946069247718583,38.983682213963228],[-76.946041111585572,38.983682792839858],[-76.945899820066117,38.98368570886992],[-76.945881572587751,38.98368608454615],[-76.945859201842239,38.983686546809544],[-76.94583497517732,38.983687046780176],[-76.945825152998012,38.983687249980541],[-76.945815850943248,38.983687442008389],[-76.945723189721676,38.983689352510687],[-76.945724677331782,38.983733370162568],[-76.945684609775185,38.983734198325713],[-76.945681872608517,38.983653502652302],[-76.945651443076585,38.98365412971075],[-76.945631628936354,38.983654540999687],[-76.94563158671555,38.983654540999687],[-76.945631546291352,38.983654540999687],[-76.945595814902603,38.983654610129712],[-76.945595672968807,38.98365454449106],[-76.945544538167866,38.983655599597199],[-76.945544619016246,38.983657984234746],[-76.945544636084236,38.983658477921068],[-76.945544644169075,38.983658707656261],[-76.945544720525888,38.983660947050772],[-76.945545621536112,38.983687534879998],[-76.945511799965658,38.983688230369893],[-76.945512586889834,38.98371148249214],[-76.945512599466255,38.98371184071118],[-76.945512878842322,38.983720099301138],[-76.945514723083591,38.983774539494206],[-76.94551504827372,38.983784196735847],[-76.945515276445789,38.983790918398689],[-76.945515830706341,38.983807330816859],[-76.945549385477136,38.983806638121308],[-76.945550309843583,38.98383394931556],[-76.945550410454871,38.983836897460264],[-76.945550420336346,38.983837172583222]]]},"properties":{"BUILDINGID":"069","NAME":"Wicomico Hall"}},{"type":"Feature","geometry":{"type":"Polygon","coordinates":[[[-76.942870828488836,38.983040532904042],[-76.942872975462365,38.983108294176795],[-76.942895956163952,38.983107851461739],[-76.942896574204866,38.983127261791068],[-76.943028406464393,38.983124717925868],[-76.943027836932501,38.983106760036421],[-76.943049911233985,38.983106334778554],[-76.943047357323636,38.983025720787744],[-76.943046823724359,38.983008876645265],[-76.943046580280907,38.983001176604162],[-76.943069457676259,38.983000735285032],[-76.94306762780802,38.982942944798147],[-76.943067215481292,38.982929902827799],[-76.943066163554107,38.982896701900316],[-76.94304433089944,38.982897121573075],[-76.943043666146124,38.982876022014644],[-76.943066007247239,38.982875588375968],[-76.943063721034832,38.982803411581912],[-76.943063191028813,38.98278662953458],[-76.943062710430155,38.982771459839569],[-76.943062236119673,38.982756480076837],[-76.943048420928932,38.982756503818806],[-76.943041106845868,38.98275651778463],[-76.943041118523993,38.982741858534936],[-76.943052118394618,38.982733642426687],[-76.943077769787578,38.982733654297654],[-76.943077759007792,38.982746881351567],[-76.943112495961515,38.982746898110598],[-76.943167996574715,38.982746925343996],[-76.943201435462839,38.982746941404727],[-76.943203268026039,38.982746942103034],[-76.943210840823866,38.982746946292757],[-76.943216549617503,38.982746949085914],[-76.943216555905721,38.982739462693822],[-76.943216562193911,38.982731575481047],[-76.94322169067587,38.982731490289389],[-76.943241103269159,38.982731164186802],[-76.943275335369691,38.982730590190414],[-76.943280488106168,38.982730503602141],[-76.943280162916025,38.982720210072259],[-76.943278473184989,38.982666813016635],[-76.943310709228939,38.982666192234085],[-76.943310296003915,38.98265316348035],[-76.943310142392008,38.982648281013951],[-76.943309738150134,38.982635519005036],[-76.94330861615434,38.982600112727852],[-76.943318022413692,38.982591907077591],[-76.943317403474452,38.982572275940534],[-76.943317301964839,38.982569061693098],[-76.943317059419684,38.982568857092907],[-76.943304095831834,38.982557891082251],[-76.943279789216874,38.982558360335908],[-76.943275373997253,38.982558444131222],[-76.943270850081475,38.982558532116322],[-76.943262405019482,38.9825656337675],[-76.943197565520606,38.982566885110501],[-76.943198681228182,38.982602080519563],[-76.943172475574713,38.982602586084241],[-76.943171892568103,38.982584218163815],[-76.943043280768862,38.982586699900324],[-76.943039928256241,38.982586766238221],[-76.943040515754419,38.982605278006474],[-76.943013346208659,38.982605801028463],[-76.943012729066055,38.982586377288555],[-76.943010505735728,38.982586420582777],[-76.942883265663937,38.982588874387396],[-76.942881384591729,38.982588911396981],[-76.942882001734318,38.982608364464546],[-76.942853830567017,38.98260890843531],[-76.942853226000835,38.982589841524423],[-76.942850440325145,38.982589893896467],[-76.942827747084422,38.982590331726676],[-76.942797794557919,38.982590909913981],[-76.94272037145852,38.982592404262782],[-76.942720964346606,38.982611081525135],[-76.942696268761125,38.982611557063088],[-76.94269514586702,38.982576126333633],[-76.942630567777897,38.982577371391798],[-76.94261890584886,38.982569035157887],[-76.942588204127404,38.982569628009536],[-76.942574937807279,38.982580327968407],[-76.942575765155652,38.982606384103669],[-76.94258598618697,38.982607985291061],[-76.942588237365072,38.982679021971883],[-76.942620900108807,38.98267839211163],[-76.942623168354885,38.98275002995149],[-76.942657320505361,38.982749371461864],[-76.942678628543902,38.982748959469419],[-76.942684675104076,38.982748842156305],[-76.942692032306255,38.982748701101272],[-76.942692176036715,38.982753264441214],[-76.942729339340005,38.982752938338727],[-76.942730560150494,38.982752927864325],[-76.942825165326312,38.982752098293147],[-76.942824961408746,38.982745663529833],[-76.942824003804631,38.982736032681615],[-76.942850571479184,38.982736045250881],[-76.942862639446702,38.982744751560027],[-76.942863231436476,38.982756854361497],[-76.942864144124812,38.982775523899235],[-76.942841130185528,38.98277596801298],[-76.942841411358231,38.982784838415782],[-76.942841504783004,38.982787760069165],[-76.942842191095892,38.982809470659113],[-76.94284277230588,38.982827821762065],[-76.942844414426204,38.982879646843273],[-76.94286712832816,38.982879210411411],[-76.942867770623607,38.98289948389089],[-76.942844163796252,38.982899937779884],[-76.942847478579665,38.983004568197615],[-76.942869677746941,38.983004138749429],[-76.942870828488836,38.983040532904042]]]},"properties":{"BUILDINGID":"997","NAME":"South Campus Commons 2"}},{"type":"Feature","geometry":{"type":"Polygon","coordinates":[[[-76.929832773879909,38.983599747382691],[-76.929942654907151,38.983623000232242],[-76.929972457415005,38.983537217429713],[-76.929862577286087,38.983513964551996],[-76.929832773879909,38.983599747382691]]]},"properties":{"BUILDINGID":"195","NAME":"MFRI Drill Tower"}},{"type":"Feature","geometry":{"type":"Polygon","coordinates":[[[-76.937762034009552,38.99303082138529],[-76.93799712042447,38.993030068037349],[-76.937996897642279,38.99299867597292],[-76.937996881472614,38.992996316086725],[-76.937996870692814,38.992994967181325],[-76.937996334398591,38.992918716980256],[-76.93802512360682,38.992918026468416],[-76.938025410169388,38.992918032053943],[-76.938024908909469,38.992866977446184],[-76.938023852490687,38.992866957896773],[-76.938011374891403,38.992867405438176],[-76.938008216414843,38.992867519243553],[-76.93799626433001,38.992867947933703],[-76.937995540287872,38.992826307024941],[-76.93799460873494,38.992772767480709],[-76.937994252103763,38.992752155412148],[-76.937994200001469,38.992749283741837],[-76.937990996609173,38.992749297007528],[-76.937990258194006,38.992749301196653],[-76.937657402736846,38.992750754835789],[-76.937655889973911,38.992750761119531],[-76.937652372171257,38.992750776479788],[-76.937634720275923,38.99275085258288],[-76.937445376075289,38.992751678545964],[-76.937425748784634,38.992751764423772],[-76.937425757767784,38.992849223107662],[-76.93742576225938,38.9928645442454],[-76.937394532328511,38.992865665542524],[-76.937392439253898,38.992919436117973],[-76.937424324056607,38.99291973075502],[-76.937423695235893,38.992955006196247],[-76.937660658231437,38.992954479061609],[-76.9376609205395,38.992974128963482],[-76.937661160389666,38.992991994981281],[-76.937679125797047,38.992991848361136],[-76.937736574856089,38.992991380572995],[-76.937738527793528,38.992991364514587],[-76.937761504901843,38.99299117809754],[-76.937762034009552,38.99303082138529]]]},"properties":{"BUILDINGID":"296","NAME":"Biomolecular Sciences Building"}},{"type":"Feature","geometry":{"type":"Polygon","coordinates":[[[-76.937309467260988,38.995370409790709],[-76.937309095358472,38.995366761165819],[-76.937299742099725,38.995367339248773],[-76.937300113103944,38.995370988571757],[-76.937111878322682,38.995382643085357],[-76.937115820130131,38.995421419306091],[-76.937115913554933,38.995422331112529],[-76.937118046155405,38.995443315922749],[-76.937067188035599,38.995446464656069],[-76.9370455584002,38.995447803740447],[-76.937045707520525,38.995449271985642],[-76.93699660291216,38.995452312502799],[-76.936996453791821,38.995450844257675],[-76.936981256093844,38.995451784688591],[-76.936981404315873,38.9954532529337],[-76.936932298809182,38.995456294148923],[-76.936932149688829,38.995454825205698],[-76.936916951092542,38.995455765636564],[-76.936917099314556,38.995457234579767],[-76.936867994706191,38.995460274398411],[-76.936867846484176,38.995458806851623],[-76.936852646989564,38.995459747282439],[-76.936852796109903,38.995461215527385],[-76.936803692399835,38.995464255345908],[-76.93680354327951,38.995462787799205],[-76.936791291157348,38.995463546008402],[-76.936783666257213,38.995464019365535],[-76.936783816275863,38.995465487610382],[-76.936793116533991,38.995556991390998],[-76.936793120127263,38.995557020713996],[-76.936793121923898,38.995557048640642],[-76.936798993312593,38.995614916100138],[-76.936799156805975,38.995616383643736],[-76.936806768231364,38.995615911683934],[-76.936819032929932,38.9956151527782],[-76.936818883809607,38.995613684536444],[-76.936867987519662,38.995610644724337],[-76.936868137538326,38.995612112966207],[-76.936883337032938,38.995611172537416],[-76.936883187014288,38.995609704295532],[-76.936932291622654,38.995606663086953],[-76.936932441641304,38.995608131328851],[-76.936947642034227,38.995607190201888],[-76.936947491117252,38.995605721959919],[-76.936996596623942,38.995602682147521],[-76.936996745744281,38.995604150389504],[-76.937011944340568,38.995603209262427],[-76.937011795220243,38.99560174102043],[-76.937060899828623,38.99559870190599],[-76.937061049847273,38.995600170148052],[-76.937083264285931,38.99559879476201],[-76.937083115165592,38.995597326519871],[-76.937125203931615,38.995594719569745],[-76.937125354848561,38.995596187811898],[-76.937133537602492,38.995595680943708],[-76.937139705435229,38.995656353598491],[-76.937327942013141,38.995644699828155],[-76.937328312119035,38.995648349835015],[-76.937337666276079,38.995647768961703],[-76.937337294373549,38.995644121049288],[-76.937336924267655,38.995640470344028],[-76.937335774424099,38.995640541556881],[-76.937330932504707,38.995593099127461],[-76.937332100314592,38.995593027914559],[-76.937331358306153,38.995585728593113],[-76.937330188699661,38.995585800504138],[-76.93732536474657,38.995538358038011],[-76.937326534353076,38.995538284730586],[-76.937325793242962,38.99553098610162],[-76.937324623636471,38.995531058710938],[-76.937319799683394,38.995483616906235],[-76.9373209692899,38.995483543598745],[-76.93732022638315,38.995476244964138],[-76.937319059471605,38.995476316875333],[-76.937314235518528,38.995428873637614],[-76.937315403328398,38.995428801726376],[-76.937314660421649,38.995421502388005],[-76.937313491713482,38.995421574997373],[-76.937308685726705,38.995374131024839],[-76.937309836468572,38.995374059113544],[-76.937309467260988,38.995370409790709]]]},"properties":{"BUILDINGID":"424","NAME":"Shuttle Bus Facility"}},{"type":"Feature","geometry":{"type":"Polygon","coordinates":[[[-76.932598368636093,38.983462588234232],[-76.932799584971534,38.983509019997648],[-76.932823795466746,38.983445102471407],[-76.932622579131319,38.98339867345927],[-76.932598368636093,38.983462588234232]]]},"properties":{"BUILDINGID":"116","NAME":"Temporary Building (South of 201)"}},{"type":"Feature","geometry":{"type":"Polygon","coordinates":[[[-76.942162991079243,38.983154070479863],[-76.942165006000423,38.983235875602993],[-76.942200284638247,38.98323535887026],[-76.942204099783282,38.983235303705548],[-76.942269358795414,38.983234347749985],[-76.942302959380285,38.983233856853886],[-76.942306796983189,38.983233800292581],[-76.942359163374348,38.983233034271237],[-76.942359083424293,38.983230338183127],[-76.942357637136681,38.983181152887354],[-76.94235586026906,38.98312061827356],[-76.942406814508615,38.98311999051208],[-76.942412894306443,38.983119917191786],[-76.942411485748082,38.983073621339564],[-76.942410481431594,38.983040639044056],[-76.942409756491173,38.983016802931353],[-76.942408854582609,38.982987199634387],[-76.942408257202942,38.982967577684704],[-76.942407463092252,38.982941461629416],[-76.942406799237247,38.982919734320951],[-76.942401318615694,38.982739678466174],[-76.94237579478353,38.982740292265149],[-76.942340963506695,38.982741126026241],[-76.942340454161936,38.982719698223832],[-76.942343664740761,38.982719603256044],[-76.942339909782874,38.982638880589342],[-76.942339776832213,38.982636020379701],[-76.94233966274615,38.982633528868803],[-76.942339492066267,38.982629908217348],[-76.942250609158791,38.98263155060355],[-76.942246950320637,38.982631618338019],[-76.94214778170317,38.982633449961668],[-76.942149299855998,38.982720663962454],[-76.942149361839739,38.982724226650944],[-76.942149775963088,38.98272416939097],[-76.942269077622711,38.982721858042687],[-76.942270029836919,38.982740165175976],[-76.94225272199634,38.982741123233076],[-76.94225552474002,38.982791278063615],[-76.942255916405486,38.982798279137448],[-76.942256935095031,38.982816524801308],[-76.942257321370604,38.982823393895551],[-76.942262466022228,38.982915459385822],[-76.94226271575387,38.982919934032061],[-76.942263542203932,38.982934715445751],[-76.942263835054717,38.982939947735829],[-76.942269344422357,38.983038515545964],[-76.9422696588327,38.983044164008852],[-76.942270740404311,38.983063480784928],[-76.942271087153998,38.983069673213045],[-76.942274020153405,38.98312218174172],[-76.942282502944636,38.983121891253688],[-76.94228255504693,38.983121888460545],[-76.942282950305653,38.983129027762807],[-76.942283814484938,38.983142177232828],[-76.942256111339901,38.983143272847336],[-76.942222176581737,38.983144614259345],[-76.942177699195383,38.983146372549399],[-76.94216281590775,38.983146961904808],[-76.942162991079243,38.983154070479863]]]},"properties":{"BUILDINGID":"015","NAME":"Calvert Hall"}},{"type":"Feature","geometry":{"type":"Polygon","coordinates":[[[-76.955781451684814,38.984748065220501],[-76.955817386092789,38.984743624206892],[-76.955824273476097,38.984777585385046],[-76.955848410309457,38.984774603762389],[-76.955914355634462,38.984766457717285],[-76.955912019116411,38.984754942506576],[-76.955908657620625,38.984738366213953],[-76.95589714032036,38.984681570090004],[-76.955895040957543,38.984671222378481],[-76.955891115319758,38.984651859256793],[-76.955888895582675,38.984640922896261],[-76.95587812478243,38.984587810788568],[-76.95587565711034,38.984575643360635],[-76.955868421180739,38.984539963631804],[-76.955863917027884,38.984517751512968],[-76.955893250615162,38.984514127466497],[-76.955919280198856,38.98451091260894],[-76.955977782083409,38.984503684765116],[-76.955956808218161,38.98440027854592],[-76.955934000891403,38.984403096089466],[-76.955925045586341,38.984404203555144],[-76.955917429669356,38.984405142736328],[-76.955880993103122,38.984409643822865],[-76.955843852257701,38.984414232193636],[-76.955838852234848,38.984389583750058],[-76.955832997914129,38.984360705838],[-76.955829660672848,38.984344253746315],[-76.95581905246766,38.984291957003677],[-76.955817136361148,38.984282508616168],[-76.955812280068727,38.984258563990345],[-76.955810916426145,38.984251829802893],[-76.955810841865954,38.984251463207272],[-76.955793497194449,38.98416594930508],[-76.955788406441727,38.984166578453859],[-76.955766767823178,38.984169250764815],[-76.955701587862777,38.984177304007638],[-76.955703617157013,38.98418731172994],[-76.955708307261105,38.984210444980988],[-76.955704125603475,38.984210961706616],[-76.955700120015607,38.984211455389037],[-76.955687304649771,38.984213038384915],[-76.955680744253257,38.984213849783757],[-76.955674892627499,38.984214572501315],[-76.955670031843482,38.984215173020203],[-76.955631954953532,38.98421987731772],[-76.955620385550986,38.984221307390534],[-76.955615139389735,38.98422195469405],[-76.955610177096105,38.984222569178463],[-76.955604124247714,38.984223316335644],[-76.955594872498608,38.984224459416282],[-76.955620829318747,38.984352436150367],[-76.955709095981931,38.984341531166024],[-76.955734842596286,38.984338349119611],[-76.955738165464524,38.984354736971248],[-76.95573909611916,38.984359328138673],[-76.955740727459713,38.984367366696084],[-76.955760611668524,38.984465422777816],[-76.955765326027134,38.984488664868927],[-76.955767067860478,38.984497257143708],[-76.955774138500075,38.984532122705801],[-76.955777051736533,38.984546489007755],[-76.955781510075298,38.984568469988808],[-76.955788006691435,38.984600504014736],[-76.955791124743783,38.98461587721377],[-76.955764312727496,38.984619189824883],[-76.955758497932663,38.984619908348691],[-76.955677379164186,38.984629932068685],[-76.955693180530048,38.984707863563031],[-76.955696354277947,38.984723512556485],[-76.955700443409114,38.984743671689394],[-76.955703291966884,38.984757720234484],[-76.955716186384464,38.98475612677673],[-76.955781451684814,38.984748065220501]]]},"properties":{"BUILDINGID":"289","NAME":"Graduate Hills  Apartment"}},{"type":"Feature","geometry":{"type":"Polygon","coordinates":[[[-76.941787309339219,38.985268111574285],[-76.941787820480613,38.98527473324404],[-76.941788816712261,38.985274704615058],[-76.941801596145496,38.985274353386565],[-76.941802031828402,38.985274342214296],[-76.941925182769026,38.985270957712274],[-76.941925922980815,38.985270937462545],[-76.941938706007321,38.98527058623403],[-76.941944659142692,38.985270422141163],[-76.941944640278066,38.985265942755639],[-76.941944623210091,38.985261674246587],[-76.941944587277476,38.985253319475525],[-76.941948906377348,38.985253207054463],[-76.941948737494087,38.985249139645695],[-76.941991117314245,38.985248174639842],[-76.941998640704753,38.985248002167729],[-76.942006597981546,38.985247819919913],[-76.942022575417184,38.985247456122465],[-76.942027885358826,38.985247333925635],[-76.942027801815499,38.98524543324109],[-76.942026740905149,38.985220789276546],[-76.942197608557038,38.985216306396474],[-76.942197212399975,38.985207102526182],[-76.942197083042586,38.985204127206025],[-76.942189376395774,38.98502516366905],[-76.942085550911855,38.985027889016109],[-76.942087853293927,38.985081351324808],[-76.94208802577046,38.985085316097631],[-76.942088924085752,38.985106208309965],[-76.942048078588101,38.985107280152896],[-76.942006700389484,38.985108365262946],[-76.941995956538676,38.985108648760168],[-76.941995778672251,38.985108652949755],[-76.941967763811817,38.98510938752873],[-76.941967762015182,38.985109310719153],[-76.94196774045561,38.985109351917046],[-76.941757771834361,38.985111124821984],[-76.941703108450994,38.985112610738391],[-76.941634353195781,38.985114483495686],[-76.941632212510484,38.985033864110534],[-76.941526572429694,38.985036760533326],[-76.941530353438722,38.985168699868836],[-76.941530993937519,38.98519110799684],[-76.94153171887794,38.985216412533234],[-76.941531849133654,38.985220966636582],[-76.941532037779879,38.985227535242366],[-76.941700604846304,38.985224284107282],[-76.94170156155208,38.985245730703099],[-76.941701741215127,38.985249766690011],[-76.941701890335494,38.985253124658904],[-76.941705584207924,38.985253050642534],[-76.941781725411417,38.98525153051397],[-76.941781908667721,38.985255782963513],[-76.9417863562267,38.985255671240687],[-76.941787001217079,38.985264079079762],[-76.941787309339219,38.985268111574285]]]},"properties":{"BUILDINGID":"047","NAME":"Woods Hall"}},{"type":"Feature","geometry":{"type":"Polygon","coordinates":[[[-76.941354692376478,39.001780879511351],[-76.941382971341625,39.001785873052839],[-76.941398205870541,39.001733341369807],[-76.941392306634057,39.001732299797148],[-76.94140970969606,39.001672268326281],[-76.941458800829693,39.001680936702932],[-76.941463582561965,39.001664446052665],[-76.941491933392328,39.001669447979623],[-76.941492586467533,39.00166720007951],[-76.941586876334696,39.001683847104744],[-76.94162053620839,39.001567763237787],[-76.941540305873744,39.001553598652883],[-76.941537440247998,39.001563479655395],[-76.941521637983826,39.001560690719167],[-76.941528389721498,39.001537392800607],[-76.941521479880336,39.001536173207803],[-76.94152564357168,39.001521815939036],[-76.941504675994636,39.001518112480866],[-76.941475089980756,39.00151288924323],[-76.941453495379633,39.001509076879898],[-76.94144884659805,39.001525111004391],[-76.941443280636548,39.001524130862087],[-76.941436507339304,39.001547500690037],[-76.941419769928928,39.00154454699998],[-76.941427949089586,39.001516323930453],[-76.941351675833772,39.001502860234957],[-76.941346771930625,39.001519769089036],[-76.941307858709138,39.001512899016745],[-76.941295048733195,39.001557068243436],[-76.941280677485281,39.001554530625427],[-76.941245630612798,39.001548341908752],[-76.941228029921433,39.001545233937158],[-76.94122268853873,39.001544290794797],[-76.941221019468941,39.001550046685566],[-76.941198989184912,39.001626020909811],[-76.941272313271654,39.001638968681604],[-76.941245697088107,39.001730761871777],[-76.941242220607961,39.001742753220682],[-76.941237647284851,39.001758522012395],[-76.941237181059222,39.001760131841912],[-76.941281523698294,39.001767961086003],[-76.941283233192252,39.001768264063401],[-76.941354692376478,39.001780879511351]]]},"properties":{"BUILDINGID":"994","NAME":"Courtyard Clubhouse"}},{"type":"Feature","geometry":{"type":"Polygon","coordinates":[[[-76.946228105793438,38.988617862775875],[-76.946228103098491,38.988621355344215],[-76.946228017758528,38.988696109670983],[-76.946283266843437,38.988696061492881],[-76.946286732543825,38.988696058699951],[-76.946335387994552,38.988696016107703],[-76.946340557799019,38.988696011220036],[-76.947303628140389,38.988695167753853],[-76.947303697310673,38.98860137327069],[-76.947303729650017,38.988557847410185],[-76.947303779955661,38.988489240204352],[-76.947181026968735,38.988489185043733],[-76.947181227293029,38.988196023912188],[-76.947213644796705,38.988196041368134],[-76.947213589999464,38.988150116109232],[-76.947213086044599,38.987739896714459],[-76.947212856974204,38.98755108386186],[-76.947299893843748,38.987551122963559],[-76.947299918098253,38.98752807599012],[-76.947299918996578,38.98752729674851],[-76.947300017811258,38.987428618581163],[-76.947300033980937,38.98741331651582],[-76.947272335327469,38.987413273224554],[-76.947257671228769,38.987413250880657],[-76.947204261893546,38.987413165694626],[-76.947199531365271,38.987413157315686],[-76.947198617778625,38.987413156617428],[-76.947199707435061,38.987426713067485],[-76.946897012913553,38.98742690508513],[-76.946897199763143,38.98741020792334],[-76.946897232102486,38.987407146811499],[-76.946897291391295,38.987401859690117],[-76.946622744680894,38.987402691999797],[-76.946622764443831,38.987405663038039],[-76.946622782410145,38.987408724848208],[-76.946622889309666,38.987426127238933],[-76.946320106753262,38.987425764849185],[-76.946320118431359,38.987412491188699],[-76.946319866903067,38.987412489093984],[-76.946315138171414,38.987412486999254],[-76.94628637681096,38.987412475827284],[-76.946279047456557,38.98741247233604],[-76.946220636301845,38.987412447199219],[-76.946218021306038,38.987412446500969],[-76.946218010526266,38.987426419105816],[-76.94621299343541,38.987426416312843],[-76.946213080571994,38.987519770363697],[-76.946213099436619,38.987540390240277],[-76.946213167708578,38.987611460375234],[-76.946213253946837,38.987705102556568],[-76.946067831973707,38.987705044602372],[-76.945953073094458,38.987704999216568],[-76.945805569724826,38.987704937771142],[-76.945771670899248,38.987704923806241],[-76.945703873248121,38.987704897273019],[-76.945581643978997,38.987704846999478],[-76.945581742793678,38.987739148896132],[-76.94558173830211,38.987744579830412],[-76.945581732013892,38.987752228383819],[-76.945581705962766,38.987788344989944],[-76.945581702369495,38.987795018093898],[-76.945581696979602,38.987801411201978],[-76.945581694284641,38.987804917077185],[-76.945581687098127,38.98781671318342],[-76.945581624216061,38.987903980149248],[-76.945581619724493,38.987909006789096],[-76.94566340863615,38.987909599596016],[-76.945768404624886,38.987910364170368],[-76.945867615463172,38.987911083358966],[-76.94588471758955,38.987911207645894],[-76.945884510078713,38.987929890487443],[-76.945884325025773,38.988189545654642],[-76.94605728485395,38.988189618271441],[-76.946185194170624,38.988189675527032],[-76.946185171712742,38.988225116713537],[-76.946185167221159,38.988229218863239],[-76.946185127695287,38.988288369391171],[-76.946185099847526,38.988328307176246],[-76.946185191475678,38.988333474829922],[-76.946188301443186,38.988507483703231],[-76.946202016022639,38.98850733288436],[-76.946228231557569,38.988507045909564],[-76.946228105793438,38.988617862775875]]]},"properties":{"BUILDINGID":"162","NAME":"Cole Student Activities Building"}},{"type":"Feature","geometry":{"type":"Polygon","coordinates":[[[-76.931373975683641,38.994471702280748],[-76.931379272150551,38.994472090466978],[-76.93139735613552,38.994321385388965],[-76.931402910418925,38.994321388879861],[-76.931418606681888,38.99432273775998],[-76.931453487366056,38.994325737831261],[-76.931454098220442,38.994321418901507],[-76.931457727414212,38.994295707091162],[-76.931421994228828,38.994292633011689],[-76.931401019465255,38.994290828220521],[-76.931402763993546,38.994276286558829],[-76.931428735186728,38.994059822944976],[-76.931395134601829,38.99405736814159],[-76.931379924327445,38.994056256637833],[-76.931200065437892,38.99404311547881],[-76.93114964749256,38.994039431876466],[-76.931110880696494,38.994036599356441],[-76.931076736630843,38.994321196880854],[-76.931061419456938,38.994448865617358],[-76.93125296093676,38.994462861269419],[-76.931253002259268,38.994462864062122],[-76.931373975683641,38.994471702280748]]]},"properties":{"BUILDINGID":"812","NAME":"Seneca Building"}},{"type":"Feature","geometry":{"type":"Polygon","coordinates":[[[-76.940592959643098,38.978407422472209],[-76.940666703243096,38.978440866430383],[-76.940718569272661,38.978366879918248],[-76.94055063372187,38.978290718011444],[-76.940510684742861,38.978344385830056],[-76.940496370088809,38.978363616596418],[-76.940523734568998,38.978376026715978],[-76.940524399322314,38.978376327698527],[-76.940543236993804,38.978384871831715],[-76.940574665452345,38.978399125552428],[-76.940577136717692,38.978400246380417],[-76.940590561141306,38.978406335862772],[-76.940592959643098,38.978407422472209]]]},"properties":{"BUILDINGID":"277","NAME":"Graduate Gardens Apartment 4323"}},{"type":"Feature","geometry":{"type":"Polygon","coordinates":[[[-76.945112175428363,38.990265891101487],[-76.94511898016664,38.990269862566109],[-76.945146270086667,38.990241388528453],[-76.945162782019906,38.990224162082662],[-76.945221123106023,38.990258219778511],[-76.945222642157162,38.990256627840985],[-76.945274085978539,38.99020295648414],[-76.945315650128421,38.990159592198921],[-76.945336729994878,38.990171938807606],[-76.945384786269329,38.990121950494796],[-76.945363467451003,38.990109701628135],[-76.945401930616512,38.990069573535855],[-76.945406895605089,38.990064146271074],[-76.945459203605779,38.990006970398781],[-76.945392256659218,38.989968445363836],[-76.945335175909435,38.989935600339152],[-76.945265924784181,38.98989575073864],[-76.945250585152394,38.98991175537649],[-76.945248190243845,38.989914252216948],[-76.945227780520597,38.989935550067187],[-76.945206173343067,38.989958092839373],[-76.945167226883925,38.989935521440096],[-76.945093211094402,38.989892152103494],[-76.94508721753482,38.989888640047674],[-76.945086255439151,38.989889653167552],[-76.945082558871746,38.98989354854708],[-76.94506787680676,38.989909012063698],[-76.945061704482441,38.989915513205162],[-76.945042765301295,38.989935462789546],[-76.945021749215243,38.989957599895206],[-76.945017475929419,38.989962101326938],[-76.944982291614693,38.989999162196455],[-76.944977549408321,38.990004155871155],[-76.944934072745184,38.9900499500582],[-76.944908444708446,38.990076946041157],[-76.945025567055183,38.990146198957362],[-76.945035668610558,38.990151882462342],[-76.945046724176748,38.990158104293826],[-76.945127152140799,38.990203362149238],[-76.945083348490897,38.99024906404258],[-76.945093459029408,38.990254966081551],[-76.945112175428363,38.990265891101487]]]},"properties":{"BUILDINGID":"158","NAME":"Varsity Sports Teamhouse"}},{"type":"Feature","geometry":{"type":"Polygon","coordinates":[[[-76.925295770553717,38.976274074384861],[-76.925407141886012,38.976302080555435],[-76.925409428098405,38.976296542593225],[-76.925414863804193,38.97628337090115],[-76.925460878207986,38.976171880366074],[-76.925461102786798,38.976171335647543],[-76.925469060063605,38.97615205819416],[-76.925535792312786,38.97599037012845],[-76.92556255492174,38.975925524678367],[-76.92553513564431,38.975918629774021],[-76.925475324914387,38.975903589899211],[-76.92545423606478,38.97595468467636],[-76.925453810263335,38.975955718946423],[-76.925431726978701,38.976009220230239],[-76.925412536269278,38.976004393872813],[-76.925402220016565,38.97600179877147],[-76.925393246745188,38.975999543072454],[-76.925385934458774,38.975997704991961],[-76.925375491543591,38.975995078464202],[-76.925374055137453,38.975998566766748],[-76.925368583499051,38.975997190301449],[-76.925367563012912,38.975996934003774],[-76.925224968037966,38.975961076060209],[-76.925222086242528,38.975960351861715],[-76.925208812735903,38.975992514090315],[-76.92520351716729,38.97600534503745],[-76.925111706650313,38.976227787325108],[-76.925171741959062,38.976242885094649],[-76.925187998770767,38.976246972574778],[-76.925247610074706,38.976261963491723],[-76.925295770553717,38.976274074384861]]]},"properties":{"BUILDINGID":"809","NAME":"Police Services & Training Facility"}},{"type":"Feature","geometry":{"type":"Polygon","coordinates":[[[-76.922560988910078,38.997199440497816],[-76.922833704853929,38.997268682255694],[-76.922854873653606,38.997217911442739],[-76.922856022598822,38.997215156544549],[-76.922857110458651,38.997212546861441],[-76.922865016531475,38.997193583021357],[-76.922908557873285,38.997089159284705],[-76.922909653817925,38.997086534237582],[-76.922950796657943,38.996987855434455],[-76.922965547893227,38.99695247937504],[-76.922971227042453,38.996938855632386],[-76.922974256161595,38.996931591357352],[-76.922997260219375,38.99687641984486],[-76.923007815423972,38.996851104815654],[-76.923030594902954,38.996796468724256],[-76.923036781600317,38.996781632956527],[-76.923040878816323,38.996771806440421],[-76.923048245001652,38.996754138256314],[-76.923052946783841,38.996742863066352],[-76.923055828579265,38.99673595203727],[-76.923056851760393,38.996733498723003],[-76.923073086114186,38.996694562645644],[-76.923085069640095,38.99666582310126],[-76.923120126394053,38.996581741453049],[-76.923122324571551,38.996576470376382],[-76.923131976070962,38.996553325807241],[-76.923148863500003,38.996512820873072],[-76.92317554076898,38.996448836895318],[-76.923158794375468,38.996444585816384],[-76.923142065948241,38.996440338227991],[-76.923072420462574,38.996422655998003],[-76.923067362947521,38.996421371388386],[-76.923064449711063,38.996420631341493],[-76.923052743764586,38.99641765928537],[-76.92304788837049,38.996416426339309],[-76.922961281793945,38.996394437168782],[-76.922943186130865,38.996389842592997],[-76.92266920625741,38.996320278822282],[-76.922508033224062,38.996279356953927],[-76.922537366811355,38.99620900415438],[-76.922537913885364,38.996207695105312],[-76.922564644154974,38.996143585182786],[-76.922569436667004,38.996132094164018],[-76.92257103027832,38.99612827103838],[-76.922573573408883,38.996122174702371],[-76.92259476915801,38.996071342326843],[-76.922598655269937,38.996062020482441],[-76.922748699973539,38.995702159487919],[-76.922766933078861,38.995658429242845],[-76.92277217474853,38.995645858083982],[-76.922775642245526,38.995637540843212],[-76.922793616636056,38.995594431925511],[-76.922803164829205,38.995571531393232],[-76.922812870227531,38.995548253145685],[-76.922822916087355,38.995524159432328],[-76.922832225328634,38.995501835562749],[-76.922842348443581,38.995477551932261],[-76.922851446580779,38.995455730728196],[-76.922855636323263,38.995445682709025],[-76.922859041836517,38.995437516946957],[-76.922866201409335,38.995420346921158],[-76.922824057846071,38.995409647506797],[-76.922823704808167,38.99540955674501],[-76.922774208534321,38.995396989032791],[-76.922738181599868,38.995387842339667],[-76.922737480913952,38.995387664306882],[-76.92273503659807,38.99538704363588],[-76.922669513481239,38.995370406299863],[-76.922669160443334,38.995370316934384],[-76.922626580298868,38.995359505107402],[-76.92261865715804,38.995357493685731],[-76.922409204169782,38.995304310725992],[-76.922386640286476,38.995298581555652],[-76.92236321761375,38.995292634556264],[-76.922360689754555,38.995291993637565],[-76.922358198726272,38.995291360398689],[-76.922353180737076,38.995290086241084],[-76.922181974420354,38.995246615460189],[-76.922178350616491,38.995255309758157],[-76.922176987872206,38.995258574395862],[-76.922175735620698,38.995261573031115],[-76.922175626026231,38.995261836938973],[-76.922174265976892,38.995265100180085],[-76.922169967538252,38.995275407943623],[-76.922168190670618,38.995279668168976],[-76.922163466430547,38.99529100154006],[-76.922159102414895,38.995301464991435],[-76.922147877965415,38.995328384965468],[-76.922141921236758,38.995342672277836],[-76.922130805483448,38.995369331121495],[-76.922117423280653,38.995365932440649],[-76.922097083625985,38.995360768791265],[-76.92209290017172,38.995359705481597],[-76.92208871671744,38.99535864356826],[-76.922082221897952,38.995356995193845],[-76.922081187937053,38.995356732682687],[-76.922077843509243,38.995355883710552],[-76.922021944942372,38.995341690653525],[-76.92199484905845,38.995334810905177],[-76.921994390917675,38.995334693612932],[-76.921926992118514,38.995317580811957],[-76.921796019546719,38.995284324255678],[-76.921776147016018,38.995279277892692],[-76.92176975640109,38.995277656744989],[-76.921752425204318,38.995273254791307],[-76.921725960836042,38.995266534916965],[-76.921718009847467,38.995285603300552],[-76.921206835213127,38.996511530679854],[-76.921197942790144,38.996532853772898],[-76.921248130766742,38.996545595124317],[-76.921258562902139,38.996548244626979],[-76.921346266321635,38.996570513012081],[-76.921429912949321,38.996591752308653],[-76.921747775524395,38.99667245976228],[-76.921774541726606,38.996679256300204],[-76.922188330000978,38.996784320848775],[-76.922176988770516,38.996811521614624],[-76.922089259299867,38.997021919649626],[-76.922172907724175,38.99704315811254],[-76.92215113435833,38.997095377713727],[-76.92235718542662,38.997147692922965],[-76.922358667646833,38.997148069924073],[-76.922377251095128,38.99715278872138],[-76.922502367549569,38.997184555944074],[-76.922507036094103,38.997185741402539],[-76.922509987059826,38.997186490517329],[-76.922516959783053,38.997188261723508],[-76.922527324544802,38.997190893748318],[-76.922534343980445,38.997192674728502],[-76.922560988910078,38.997199440497816]]]},"properties":{"BUILDINGID":"810","NAME":"Severn Building"}},{"type":"Feature","geometry":{"type":"Polygon","coordinates":[[[-76.940725390180603,38.985277147154243],[-76.940725683031403,38.98528643899715],[-76.940725707285893,38.98528722175471],[-76.940726783467611,38.985287200108431],[-76.940739261066909,38.985286945240894],[-76.940740244722136,38.985286924991158],[-76.940834506741538,38.985284997075247],[-76.940835523634433,38.985284976127247],[-76.940848720784274,38.985284707294326],[-76.940849280434705,38.985284695423793],[-76.940848635444326,38.98526260084752],[-76.940856682552635,38.985262492616094],[-76.940859249039406,38.985262457702703],[-76.940888634728978,38.98526206248328],[-76.94090180942095,38.985261884425071],[-76.940902324155601,38.985261878838934],[-76.941039501391074,38.985260033317964],[-76.941038788128722,38.985250265253086],[-76.941148243354519,38.985249673820405],[-76.941146205077146,38.985183438916941],[-76.941146129618659,38.985180997072753],[-76.941142668409853,38.985068586961376],[-76.94114257588339,38.985065595575186],[-76.941142363880985,38.985058727396783],[-76.941142195896035,38.985053287178943],[-76.941142090793136,38.985049851692686],[-76.941028824015604,38.985052315885994],[-76.941028448519788,38.985049645703164],[-76.94104107523944,38.985039427923574],[-76.941082746288842,38.985005692412258],[-76.941083516145042,38.985005067460627],[-76.941083923980187,38.985004737877162],[-76.941087556767172,38.985001798160255],[-76.941119035531372,38.984976314789989],[-76.941115658764218,38.98486882437382],[-76.941115540186587,38.984865032760155],[-76.941115504254,38.984863901560466],[-76.941026569244229,38.984800363022714],[-76.941023809619679,38.984712413509477],[-76.940915597662226,38.984714480397237],[-76.940897797544864,38.984700956944877],[-76.940858305808348,38.984701711778044],[-76.940840628760185,38.984715650702583],[-76.940704657063847,38.984718251769031],[-76.940686192193169,38.984704689214105],[-76.94068301125877,38.984704750662132],[-76.940678800855025,38.984704831661816],[-76.94064776406195,38.984705423797287],[-76.940635562245447,38.984715358824523],[-76.940629786078176,38.984720063088801],[-76.94062815743257,38.984720093812804],[-76.940611734432537,38.984720408035585],[-76.940594475999305,38.984720737620322],[-76.940570763170754,38.984721190799419],[-76.940522721269346,38.984722109028169],[-76.940488760460042,38.984722758421888],[-76.94043874226503,38.984723715055644],[-76.940439672021341,38.984753319023007],[-76.940445243372736,38.984753212187329],[-76.940522824575623,38.984751731151327],[-76.940524485560573,38.984804617594158],[-76.940444927165743,38.984869065975694],[-76.940438079308336,38.984874612344903],[-76.940438567991862,38.984896650482348],[-76.940440606269235,38.984988598760168],[-76.940559398584085,38.985076264432983],[-76.94056195429107,38.985078151854935],[-76.940620610685855,38.985121437555804],[-76.940621024809204,38.985134708852769],[-76.94053203410391,38.985136655626029],[-76.940533220778391,38.98518200956179],[-76.940534187365628,38.985218882306874],[-76.940535495312687,38.985268809143442],[-76.940551090066023,38.985268586396167],[-76.940725042532591,38.985266090090072],[-76.940725381197453,38.98527685667505],[-76.940725390180603,38.985277147154243]]]},"properties":{"BUILDINGID":"046","NAME":"Marie Mount Hall"}},{"type":"Feature","geometry":{"type":"Polygon","coordinates":[[[-76.943313654804768,38.988778299400337],[-76.943313790450375,38.988783758184212],[-76.943346512482904,38.98878326593011],[-76.943409382874705,38.988782322617652],[-76.943447713089554,38.988781747972084],[-76.943476866115475,38.988781310878352],[-76.943559971957356,38.988780062438181],[-76.943563477183588,38.988780009372476],[-76.943563399030168,38.988776747927041],[-76.943562664208272,38.988746885899509],[-76.943561806317177,38.988712159267067],[-76.943560015076486,38.988639439611617],[-76.94364811465303,38.988638116457864],[-76.943651149162065,38.988638071072657],[-76.943652340328143,38.988638053616768],[-76.943651462674097,38.988602412243701],[-76.943648917746899,38.988499204026468],[-76.943646250648825,38.988499243127649],[-76.943477087999369,38.988501781213841],[-76.943427256653919,38.98850252902411],[-76.943427302467981,38.988504441491202],[-76.94342904519965,38.98857511126792],[-76.943429656054036,38.988599893013401],[-76.943429942616604,38.988611504653271],[-76.943309591724741,38.988613310985762],[-76.943313654804768,38.988778299400337]]]},"properties":{"BUILDINGID":"010","NAME":"Patuxent Building"}},{"type":"Feature","geometry":{"type":"Polygon","coordinates":[[[-76.935963772100749,38.980752566075502],[-76.935980266966013,38.980756308329219],[-76.935980780802353,38.980754928464833],[-76.936003792046662,38.980693148780247],[-76.9360044873427,38.980691278699183],[-76.936012937794573,38.980668588425189],[-76.936013557632137,38.980666924345755],[-76.936016108847525,38.98066007389675],[-76.936020099164026,38.980649368759508],[-76.935987278316816,38.98064192404437],[-76.935995579648349,38.980619637379604],[-76.935959175421459,38.980611377729659],[-76.935927461298661,38.980604182308419],[-76.935888276785974,38.980595292777934],[-76.93585657973118,38.980588100148324],[-76.935822246121006,38.980580309063185],[-76.935818735504881,38.98058973071052],[-76.935817456303923,38.980593168508172],[-76.935813736380325,38.980603154391076],[-76.93578562809509,38.980596776694142],[-76.935780683767774,38.98059565450432],[-76.935778749694947,38.980600844370201],[-76.935765380966899,38.980636736276473],[-76.935764299395288,38.980639641258961],[-76.935748989407912,38.98068074535157],[-76.935746567549899,38.98068724803894],[-76.935741059978895,38.980702034108603],[-76.935812989880333,38.980718355065683],[-76.935817475168548,38.980719373204977],[-76.935832144657127,38.98072270136133],[-76.935836061311775,38.980723590312792],[-76.935837991791317,38.980724028852926],[-76.935885509076584,38.980734808698244],[-76.935888539094037,38.980735496535743],[-76.935904094321501,38.98073902580515],[-76.935906155056756,38.980739493674264],[-76.935955493227112,38.980750686917958],[-76.935963772100749,38.980752566075502]]]},"properties":{"BUILDINGID":"174","NAME":"House 174"}},{"type":"Feature","geometry":{"type":"Polygon","coordinates":[[[-76.943707025271053,38.988264194305302],[-76.943707422326412,38.98827609367418],[-76.943710145120036,38.988357782557102],[-76.943715885354706,38.98835766595154],[-76.943783666836154,38.988356292519441],[-76.943780548783806,38.988262702869164],[-76.943775349334928,38.988262808303105],[-76.943707025271053,38.988264194305302]]]},"properties":{"BUILDINGID":"056","NAME":"HVAC & PM Storage Building"}},{"type":"Feature","geometry":{"type":"Polygon","coordinates":[[[-76.945556799273177,38.98997447799357],[-76.94558622179369,38.98994409839117],[-76.945572003259372,38.989935710658123],[-76.94542927353713,38.989851527451862],[-76.945399640810862,38.989882127732166],[-76.945490423655144,38.989935672255918],[-76.945502140381407,38.989942584647338],[-76.945496308518585,38.989948605409523],[-76.945514412266505,38.989959284004655],[-76.945520454335096,38.989953045398366],[-76.945556799273177,38.98997447799357]]]},"properties":{"BUILDINGID":"420","NAME":"Maryland Baseball Annex"}},{"type":"Feature","geometry":{"type":"Polygon","coordinates":[[[-76.942255063904298,38.997592462097025],[-76.942360686018759,38.997592383206502],[-76.942442279097705,38.997592321071558],[-76.94265377216,38.997592162592419],[-76.942716737773196,38.997592115118536],[-76.942948229130337,38.997591939883925],[-76.942948822018423,38.997591941978349],[-76.942949314295205,38.997591940582026],[-76.942949164276556,38.99747166111942],[-76.943000156245333,38.997471622023191],[-76.94305552929778,38.99747157943623],[-76.943087812054131,38.99747155639735],[-76.943087857868221,38.99747155639735],[-76.943119334835757,38.997471531962212],[-76.943211453474902,38.997471463543839],[-76.943227562962875,38.997471450977187],[-76.943241883006834,38.99747144050496],[-76.943257676287828,38.997471428636466],[-76.943273213548991,38.997471416767972],[-76.943365624140583,38.997471347651398],[-76.943365651090048,38.99749153806107],[-76.943494147006604,38.997491441716782],[-76.943538801361058,38.99749140820574],[-76.943538787886339,38.997480432638326],[-76.943538660325558,38.997378721629836],[-76.943538660325558,38.997378149148496],[-76.943538645952501,38.997367690193094],[-76.94353863607104,38.99736041688616],[-76.943538624392943,38.997350707041178],[-76.943538610019914,38.997339716092682],[-76.943538610918225,38.997339035398021],[-76.943534474176346,38.99733903819061],[-76.943534499329161,38.997316705817688],[-76.943534506515689,38.997309902359547],[-76.943534832604129,38.997008442532149],[-76.94347033985494,38.997008401341233],[-76.943444376746598,38.997008383887461],[-76.943417488373512,38.99700836643364],[-76.943325518854721,38.997008305694457],[-76.943325156833666,38.997339197368419],[-76.943284632932887,38.997339227388835],[-76.94328582320064,38.996843506814379],[-76.943191749827449,38.99684336648555],[-76.943165642090364,38.996843329483426],[-76.943071814855557,38.996843191249084],[-76.943070624587804,38.99733938935924],[-76.942991459655076,38.997339448003707],[-76.942988479044956,38.996843202419569],[-76.942898574753016,38.99684353055158],[-76.942870134091123,38.996843633878235],[-76.942775227979652,38.996843981558555],[-76.942778204098204,38.997339609275947],[-76.942736492624618,38.99733964069263],[-76.942736059636644,38.996843268744108],[-76.942643615807398,38.996843319709271],[-76.942617117303143,38.996843334370531],[-76.942524831577359,38.996843381844918],[-76.942525262768712,38.997338273020006],[-76.942525283429958,38.997339800568604],[-76.942514790209131,38.99733980824827],[-76.942514783920899,38.997334135792762],[-76.942489433463606,38.997334154642715],[-76.942470670352265,38.997334169303876],[-76.942458084955135,38.997334178379802],[-76.942414840057353,38.997334211192758],[-76.942414805921359,38.997308154893496],[-76.94236257248086,38.997308193989809],[-76.942362603921893,38.997333661051819],[-76.94232177100065,38.997333691770358],[-76.942268953655201,38.997333732961124],[-76.942268960841716,38.997338710060895],[-76.942254750392252,38.997338719834985],[-76.942255063904298,38.997592462097025]]]},"properties":{"BUILDINGID":"398","NAME":"Research Greenhouse"}},{"type":"Feature","geometry":{"type":"Polygon","coordinates":[[[-76.934123107015623,38.983648968698375],[-76.934155639503629,38.98366534344219],[-76.93416788893083,38.983671507188042],[-76.93417686669379,38.983676024381815],[-76.934204383887575,38.983642714871927],[-76.934231286633704,38.983656255983554],[-76.934246328923138,38.983638054527987],[-76.934258246872005,38.983623627290967],[-76.934273561350977,38.983605092745648],[-76.934283820111517,38.983592678654581],[-76.934299998769788,38.983573093881773],[-76.934274218019439,38.983560117666251],[-76.934302423322748,38.983525975746645],[-76.934292634381094,38.983521047253639],[-76.934290465847994,38.983519957231294],[-76.934260137825689,38.983504692726733],[-76.934242245181849,38.983495686248496],[-76.93424115911867,38.98349513949141],[-76.934220758378572,38.983484873305805],[-76.934189661398392,38.983469220547107],[-76.934187277269629,38.98347210306823],[-76.93416911153794,38.983494092762335],[-76.93416437921303,38.983499820095055],[-76.934154910071626,38.983511281742011],[-76.934153963247311,38.983512426928975],[-76.934066178979421,38.983618673666584],[-76.934065218680388,38.983619834214068],[-76.934082972983646,38.983628768753277],[-76.934123107015623,38.983648968698375]]]},"properties":{"BUILDINGID":"133","NAME":"House 8"}},{"type":"Feature","geometry":{"type":"Polygon","coordinates":[[[-76.928581674014055,38.983504054494368],[-76.928632037162131,38.983544949533567],[-76.928740791701998,38.983633125344539],[-76.928743135406577,38.983635026770628],[-76.928955090202905,38.98347577534971],[-76.929080504898053,38.983577460252398],[-76.929235929611878,38.983460683312089],[-76.929268485456078,38.983436221677032],[-76.929267977907955,38.983435809688579],[-76.92926543118412,38.983433745556624],[-76.929215835197283,38.983393534773377],[-76.929195017638904,38.983376654407536],[-76.929217499775504,38.983359763563413],[-76.929237869074584,38.98334446061854],[-76.929238550895874,38.983343947378025],[-76.929230311548096,38.983337264776772],[-76.929210065318216,38.983320849456433],[-76.929256069840548,38.983286287750985],[-76.92928440270461,38.983309258595646],[-76.929317359197441,38.983284495946577],[-76.929319610375543,38.983282804695442],[-76.929194613397016,38.983181462228927],[-76.929116163523261,38.983240403298844],[-76.929039138377533,38.983177949141854],[-76.929082458733788,38.983145401928589],[-76.929104445898687,38.983128882518777],[-76.929078415416697,38.983107783029418],[-76.929069323567717,38.983114612991251],[-76.928965765781754,38.983030652108333],[-76.928947263181854,38.98304455435261],[-76.928906609025347,38.983075099617515],[-76.9288547672503,38.983114050170578],[-76.928853235622739,38.983115200950323],[-76.928783333218902,38.983167719919585],[-76.928741819374679,38.98313406102632],[-76.928735250893325,38.983128733783353],[-76.928731656733888,38.983125821221797],[-76.928700740315065,38.983100754752947],[-76.928634577597748,38.983150463122527],[-76.92861056113864,38.983168508985173],[-76.928604127404554,38.983173342535487],[-76.92860361536485,38.983172926355806],[-76.928494656009107,38.983253742682358],[-76.928495979227506,38.983254598782558],[-76.92848800937432,38.983260585897533],[-76.928472101108952,38.983272537082492],[-76.92841216730983,38.983317569604068],[-76.928398314389824,38.983327978264363],[-76.928409152563731,38.983336764803667],[-76.928463796184147,38.983381069670351],[-76.928481035752768,38.983395047260665],[-76.928533756978467,38.983437792819394],[-76.928599222603125,38.983490872272135],[-76.928581674014055,38.983504054494368]]]},"properties":{"BUILDINGID":"199","NAME":"MFRI Office/Classroom Building"}},{"type":"Feature","geometry":{"type":"Polygon","coordinates":[[[-76.94337953095949,38.990811524822163],[-76.943353210321675,38.990811704262811],[-76.943353315424559,38.990820031845786],[-76.943353407951037,38.990827294653499],[-76.943354763508808,38.990934424123239],[-76.943442411232752,38.990933846004083],[-76.943467914403669,38.990933677735114],[-76.943475159316435,38.990933630256706],[-76.943495825059543,38.99093349270904],[-76.943520314032511,38.990933332120377],[-76.943522881417593,38.990933315363321],[-76.943531464820126,38.990933257411776],[-76.943533858830349,38.990933242051128],[-76.943583944399023,38.99093291109881],[-76.943588376686634,38.990932881773951],[-76.94359109498869,38.990932863620451],[-76.943595400613845,38.990932835691986],[-76.943613647193899,38.990932715599598],[-76.943638181082619,38.990932553614527],[-76.943638675156038,38.99093255012346],[-76.94363871468191,38.99093255012346],[-76.943638752411147,38.99093255012346],[-76.943647528053148,38.990932492870087],[-76.943680523173541,38.990932274329921],[-76.943691596706032,38.99093219962127],[-76.9437136458547,38.990932054393248],[-76.943745265654385,38.99093184632622],[-76.943772569049131,38.990931666187599],[-76.943798430647831,38.990931494427564],[-76.943859312169579,38.990931092257711],[-76.943859091184038,38.99091452439346],[-76.943859034590176,38.99091016615575],[-76.943857787728575,38.990816520534167],[-76.943857683523973,38.990808634221295],[-76.943674261916001,38.990809867963286],[-76.943658129970146,38.990809977582678],[-76.943657896408169,38.990784265194812],[-76.9435606510837,38.990784956425692],[-76.943551538573473,38.990785021359507],[-76.943550987007882,38.990810358108611],[-76.94353714307104,38.990810452367377],[-76.943517611001823,38.990810585027809],[-76.943513354784017,38.990810615050947],[-76.943475255436184,38.990810872691448],[-76.94337953095949,38.990811524822163]]]},"properties":{"BUILDINGID":"227","NAME":"Jull Hall"}},{"type":"Feature","geometry":{"type":"Polygon","coordinates":[[[-76.936470725551573,38.988574165857997],[-76.936486300541972,38.988607284524122],[-76.93653918705769,38.988592138419946],[-76.936523613863926,38.988559019048488],[-76.936470725551573,38.988574165857997]]]},"properties":{"BUILDINGID":"295","NAME":"North Gate"}},{"type":"Feature","geometry":{"type":"Polygon","coordinates":[[[-76.94167554005324,38.978813651212327],[-76.941776217840413,38.97885909369672],[-76.941831225278506,38.978787873712136],[-76.94163027574271,38.978697171585736],[-76.941578931634325,38.978770043215683],[-76.941637800031543,38.978796615423363],[-76.941640656674139,38.978797904542823],[-76.94165492641244,38.978804345949918],[-76.94167554005324,38.978813651212327]]]},"properties":{"BUILDINGID":"267","NAME":"Graduate Gardens Apartment 4313"}},{"type":"Feature","geometry":{"type":"Polygon","coordinates":[[[-76.933439540288376,38.984739509286278],[-76.93345942988708,38.984718804102833],[-76.933502447511074,38.984743976834537],[-76.933535019524967,38.984710070105528],[-76.93359519497092,38.984647424521562],[-76.933551149674216,38.984621655429748],[-76.933570481419139,38.984601531874098],[-76.933527848274053,38.98457658533264],[-76.933520615039384,38.98457235239399],[-76.933518708814347,38.984571238646474],[-76.933513342278857,38.984568097808584],[-76.933502595733103,38.984579286955665],[-76.933481923701791,38.984567192146784],[-76.933466354999595,38.984558083855696],[-76.933462841688524,38.984556028135685],[-76.933480453159675,38.984537692842736],[-76.933453675279367,38.984522023558249],[-76.933435906603052,38.984540522949764],[-76.933427104909882,38.984535374570953],[-76.933412674373159,38.984526929636715],[-76.933393345323196,38.984515619679847],[-76.933398280667376,38.98451048177332],[-76.933404406279294,38.984504103730067],[-76.933380672789482,38.984490216436207],[-76.933345655561396,38.984469725550362],[-76.933339172419991,38.984476474380855],[-76.933334841642022,38.984480982445632],[-76.933326549293625,38.984489616617893],[-76.933284894413902,38.984465240527925],[-76.933191634914365,38.984562330062367],[-76.933232103119593,38.984586007146447],[-76.933212861206215,38.984606040629203],[-76.933272265897642,38.984640802094908],[-76.933282483335674,38.984630162499016],[-76.933300862866389,38.984640914516987],[-76.933318745628725,38.984651376749802],[-76.933323791465696,38.98465432905013],[-76.933305018472893,38.984673870929164],[-76.933333632509644,38.984690613425848],[-76.933351961734687,38.984671533110109],[-76.933356553024112,38.984674219367498],[-76.933376735473601,38.984686028564369],[-76.93339024703377,38.984693935809304],[-76.933379961323766,38.984704645921184],[-76.933393659733539,38.984712661396344],[-76.933394637100577,38.984713232583573],[-76.933407172192062,38.984720569336588],[-76.933439540288376,38.984739509286278]]]},"properties":{"BUILDINGID":"245","NAME":"Leonardtown 245"}},{"type":"Feature","geometry":{"type":"Polygon","coordinates":[[[-76.937958155100702,38.989090616848287],[-76.937985456698826,38.989090648268643],[-76.937986173554407,38.989127019045576],[-76.938368210875069,38.989127552492839],[-76.938367971024903,38.989106984049336],[-76.938394663565248,38.989106796225634],[-76.938419048333628,38.989106625159359],[-76.938422461931722,38.989106435939171],[-76.938427324512347,38.98910620482517],[-76.938431537611024,38.989105229398433],[-76.938431994853516,38.989105123267564],[-76.938432686556283,38.989104817442971],[-76.938435527029199,38.989103561327958],[-76.938436232206712,38.989103249917591],[-76.938436595126092,38.9891029908744],[-76.938439820077946,38.989100675544982],[-76.938442295834889,38.98909784980966],[-76.938442569821035,38.989097535606305],[-76.93844286267182,38.989096949791644],[-76.938444051142937,38.989094570923136],[-76.93844433860383,38.989093994883632],[-76.938444406875789,38.989093626916585],[-76.938445043781329,38.989090234218423],[-76.938444677268691,38.989086823366129],[-76.938444637742819,38.989086444925597],[-76.938444389807799,38.989085842353298],[-76.938443398966058,38.989083431365835],[-76.938443149234388,38.989082824604168],[-76.938442897706125,38.989082495039689],[-76.93844065101959,38.989079561078015],[-76.93843761561223,38.98907709632666],[-76.938437276049072,38.989076820525831],[-76.938436590634495,38.989076471410911],[-76.938433864247628,38.989075085424624],[-76.938433192307784,38.989074744688452],[-76.938432738658562,38.989074615515925],[-76.938428616289741,38.989073440394996],[-76.938423782455189,38.989072976770359],[-76.938421789093567,38.989073036119912],[-76.938369023850413,38.989074290140799],[-76.938368704050163,38.989046478940772],[-76.938368312384696,38.98901239063801],[-76.938474978341546,38.989011640738461],[-76.938485882990776,38.989011563933097],[-76.938485037676102,38.988938299266643],[-76.93865845744169,38.988937081551413],[-76.938728418236025,38.988936284171317],[-76.938754143290794,38.988935990215978],[-76.938886523522655,38.988934481338234],[-76.938885872244072,38.988889659764489],[-76.938883048839131,38.98878381893045],[-76.938876633071374,38.988783824516346],[-76.938513340895739,38.988787593576603],[-76.938507342844588,38.988787657814015],[-76.938489628965499,38.988787840751009],[-76.938479877753096,38.988787941296501],[-76.938479822057545,38.988782153645325],[-76.938479785226633,38.988778604528093],[-76.938477731677878,38.9887786156998],[-76.938459500369191,38.98877872183121],[-76.938459370113478,38.988764943602007],[-76.938457890588211,38.988764951980841],[-76.938452736055098,38.988764982703081],[-76.938414871167566,38.988765199155267],[-76.938368312384696,38.988765465880242],[-76.938329859100662,38.988765685125394],[-76.938326216432174,38.988765706770621],[-76.938324057780548,38.988765719338815],[-76.938324197019426,38.988780234203446],[-76.93830544468787,38.988780342429543],[-76.938303499835285,38.988780352902999],[-76.938303505225164,38.98878098829482],[-76.938303584276909,38.988789449479128],[-76.938279204000096,38.988789589823938],[-76.938101963699594,38.98879060575247],[-76.93807175155996,38.988790778914193],[-76.937960846453294,38.988791415004165],[-76.937935206738459,38.988791562331251],[-76.937816714460894,38.988792241013407],[-76.937804134453671,38.988792312931338],[-76.937786749357969,38.988792412080386],[-76.937618276614643,38.988793378434409],[-76.937599862947948,38.98879348316931],[-76.937599789286082,38.988785575684055],[-76.937579926636843,38.988785689495991],[-76.937579910467164,38.988783930647706],[-76.937579773024922,38.988769664354727],[-76.937564622937657,38.988769805397766],[-76.937442883250355,38.988770933742117],[-76.937444165146275,38.988783742823088],[-76.937444337622807,38.988785454889779],[-76.937436581568647,38.98878551354133],[-76.93742392879787,38.98878560780274],[-76.937423689846,38.988785611293906],[-76.93742341585984,38.988792867328094],[-76.937394588024063,38.988793032809227],[-76.937388607939226,38.988793066324391],[-76.937325539019753,38.988793427310689],[-76.937321690637063,38.988793449654153],[-76.937018014256964,38.98879518895167],[-76.937018309802696,38.988826648514397],[-76.937018335853821,38.988829495207561],[-76.937018370888126,38.988833294987593],[-76.93701839514263,38.988835769522701],[-76.937018429278623,38.988839269062574],[-76.937018457126385,38.988842318242554],[-76.937018634992825,38.98886118586983],[-76.937018689790051,38.988866928129433],[-76.937018755367063,38.988873994236229],[-76.937018848791851,38.988884079496486],[-76.937018876639627,38.988886945039603],[-76.937018895504252,38.988888881236164],[-76.937018918860446,38.988891480752784],[-76.937019002403758,38.988900509586159],[-76.937019058997635,38.988906413832332],[-76.937019097625196,38.988910614393141],[-76.937019441679951,38.988947059275091],[-76.937298612019106,38.988944874509819],[-76.937421463820726,38.988943896986186],[-76.937421987538528,38.98898061695396],[-76.937422051318933,38.988985055607039],[-76.937422442086074,38.989012422756588],[-76.937422522036144,38.989017942966683],[-76.937517400299811,38.989016959858219],[-76.937536675450858,38.989016758069589],[-76.937539299429801,38.989016730140406],[-76.937568123672335,38.989016429901277],[-76.93757005145693,38.98901641104905],[-76.937570018219262,38.98901436732848],[-76.937569740639844,38.98899704353002],[-76.937568880053789,38.988943322341932],[-76.937679476140005,38.988942480973371],[-76.937690835336767,38.988942393694451],[-76.937697567311503,38.988942342723604],[-76.937706523514876,38.988942274296932],[-76.937985077609767,38.988940155165267],[-76.937984764097735,38.988959873910026],[-76.937957826317316,38.988959859247188],[-76.937958155100702,38.989090616848287]]]},"properties":{"BUILDINGID":"088","NAME":"Martin Hall"}},{"type":"Feature","geometry":{"type":"Polygon","coordinates":[[[-76.927769077770947,38.984098376881732],[-76.927772392554374,38.984102491839558],[-76.927777331491782,38.984100068811628],[-76.927834329596578,38.984072111113512],[-76.927840317766254,38.984069174150989],[-76.927836792777072,38.984064794543364],[-76.927800799080288,38.984020092783446],[-76.927797580416609,38.98401609792495],[-76.927792784311308,38.984018450429453],[-76.9277342096632,38.984047183239042],[-76.927729654306404,38.984049416336738],[-76.927732333980899,38.984052743638216],[-76.927769077770947,38.984098376881732]]]},"properties":{"BUILDINGID":"197","NAME":"MFRI Fire Extinguisher Training Facility"}},{"type":"Feature","geometry":{"type":"Polygon","coordinates":[[[-76.943458161394631,38.993842871337414],[-76.94347285064616,38.993842896471946],[-76.943504619566184,38.993842949533864],[-76.943585472433313,38.993843085679529],[-76.943585398771475,38.993821406400841],[-76.943585391584961,38.993819418673617],[-76.943585222701685,38.993770534670652],[-76.94360901368367,38.993770604488994],[-76.943610220121101,38.993770608678112],[-76.943632161471911,38.993770674307385],[-76.943632158776964,38.993784523475007],[-76.943632629494161,38.993784523475007],[-76.943633429893083,38.993784523475007],[-76.943743188749451,38.993784535344119],[-76.943824912084111,38.993784543024162],[-76.94394541838453,38.993784556289619],[-76.943950380678146,38.993784555591418],[-76.943950379779835,38.993778267751317],[-76.943950380678146,38.993777487182186],[-76.943950380678146,38.993777289596252],[-76.943950377983214,38.993751021135751],[-76.943950377983214,38.993745589964192],[-76.943950377084903,38.993742355278535],[-76.943950377084903,38.993737275990959],[-76.943950365406778,38.993566138346701],[-76.943950364508467,38.993547822842196],[-76.943913333257527,38.993548160764099],[-76.94391300177918,38.993548163556838],[-76.943911852833921,38.993548174029641],[-76.943911833070985,38.993547320846616],[-76.94391177198554,38.993544701253633],[-76.943911744137779,38.993543512941379],[-76.943911730663061,38.993543012342165],[-76.943911724374843,38.993542746333404],[-76.943911711798435,38.993542249225122],[-76.943911733357993,38.993542124948029],[-76.943911733357993,38.993542098416981],[-76.943911766595662,38.993500320362159],[-76.944084476692197,38.993499393170858],[-76.94408452609953,38.993494681810006],[-76.944084529692788,38.993490007452721],[-76.944084292537553,38.993368755424569],[-76.944084229655488,38.993335770943887],[-76.944084196417819,38.993319121954592],[-76.944084128145846,38.993283908833519],[-76.944084097603138,38.993268730217046],[-76.944084026636233,38.993232117900469],[-76.944083971839007,38.99320361433417],[-76.944083952974381,38.993193982116047],[-76.944083931414795,38.993183345202098],[-76.944083379849218,38.993183347994851],[-76.944081554472561,38.993183352882198],[-76.944079249395557,38.993183359165904],[-76.944069679642837,38.993183438061287],[-76.943952683060232,38.99318440365716],[-76.943633333773349,38.993183367544169],[-76.943633093923182,38.993256532164573],[-76.943633084041707,38.993259392643317],[-76.943632875632559,38.993322957101221],[-76.943630976594051,38.99338859372196],[-76.943630887660845,38.993391626647622],[-76.943630021684896,38.993421539079606],[-76.943524287281008,38.993419672127516],[-76.943523510238293,38.993446525093326],[-76.943492348579397,38.99344597492216],[-76.943488675368201,38.993445909292582],[-76.943473165954813,38.993445635603372],[-76.943443191868724,38.993445107075985],[-76.943440459193653,38.993445059599317],[-76.943355457906506,38.993443561290469],[-76.943356284356568,38.993391511446752],[-76.94335634903527,38.993387346759398],[-76.943357258130348,38.993329845423389],[-76.943357299452842,38.993327378027296],[-76.943357780949839,38.993296885361175],[-76.943357823170658,38.993294187561808],[-76.943358842758499,38.993229871128648],[-76.943358946064762,38.993223306756398],[-76.943358991878839,38.993220401592076],[-76.943359031404711,38.993218023560367],[-76.943359049371026,38.993216890399609],[-76.943359070930583,38.993215416522595],[-76.94335907362553,38.993215298528639],[-76.943359201186297,38.993207277732552],[-76.943359245203752,38.993204380945883],[-76.943359267661634,38.993202948261739],[-76.943359314374035,38.993200002601647],[-76.943359318865603,38.993199700285707],[-76.943359793176072,38.99316977309806],[-76.943359855159827,38.993165901637234],[-76.943359865041302,38.993165317252647],[-76.943359900075578,38.993163106784543],[-76.943359934211571,38.993160866294247],[-76.943359972839133,38.99315844357637],[-76.943360055484135,38.993153246951032],[-76.943360182146606,38.993145332272782],[-76.94320165824503,38.993143802539088],[-76.942957727017841,38.993141448941444],[-76.942957550049726,38.993152678624654],[-76.942943003630347,38.993152538288548],[-76.94293952086197,38.993152504775459],[-76.94293776196065,38.993152488018879],[-76.94293600305933,38.993152471960563],[-76.942910726263861,38.993152226895951],[-76.942835180643399,38.993151499382343],[-76.942834275141593,38.993151489607669],[-76.942829299373244,38.993151440036208],[-76.942827914171076,38.993151428166982],[-76.942786995909884,38.993151034388006],[-76.942787920276302,38.993092499538427],[-76.942788009209522,38.993087015253856],[-76.942724286316533,38.993086402242803],[-76.942723467052986,38.993138121368972],[-76.94269331510047,38.993137828129228],[-76.942689809874253,38.993137794616125],[-76.942631909860907,38.993137235366092],[-76.942628400143107,38.993137201852988],[-76.942626947567305,38.993137187889168],[-76.942626271135879,38.993179963870979],[-76.942611277355482,38.993179819345777],[-76.942515640913697,38.993178898433982],[-76.942516313751852,38.993136516230592],[-76.942516348786143,38.993134396526301],[-76.942516538330651,38.993122368110846],[-76.942515673253055,38.99312235833618],[-76.942512946866159,38.993122333201335],[-76.942507115901648,38.993122278044325],[-76.94248490146299,38.99312206579458],[-76.942468695855254,38.993121916381945],[-76.942468529666925,38.993121916381945],[-76.942458243058624,38.993121821428119],[-76.942458189159709,38.993180051144677],[-76.94242992277097,38.99317977815263],[-76.94242657924147,38.993179746734093],[-76.942415823712594,38.993179642005686],[-76.942397132466468,38.993179461872849],[-76.942391456012189,38.993179406715882],[-76.942389193155989,38.993179385770212],[-76.942384891124092,38.993179343878822],[-76.942373444790746,38.993179234263096],[-76.942354192995893,38.993179048544697],[-76.942351029129455,38.993179017824367],[-76.942337649621621,38.993178888659322],[-76.942274275274954,38.993180558728355],[-76.942245787002349,38.993180283641713],[-76.942241308002338,38.99346293597101],[-76.942238870872984,38.993616795182767],[-76.942238148627482,38.993662394333398],[-76.942272392406124,38.993662724574705],[-76.942278458729234,38.99366278322222],[-76.942291900220823,38.993662911688176],[-76.942333651220281,38.993663315238898],[-76.942340065191402,38.993663376679145],[-76.942476561503895,38.993664693455337],[-76.942476297399196,38.993681266261206],[-76.942523144541255,38.993681718684734],[-76.942526034421519,38.993681745913918],[-76.942526345238619,38.993662092717642],[-76.942608967786882,38.993662892139042],[-76.94260805330191,38.993720643154347],[-76.942606813626824,38.993798767113496],[-76.942673748895288,38.993799412234836],[-76.942693248625147,38.993799601442475],[-76.942909571928709,38.993799374532927],[-76.942908703257828,38.993771521902204],[-76.942958080055746,38.993771498862124],[-76.942958257023861,38.993814334504322],[-76.942958372008221,38.993842025139784],[-76.942982960694167,38.993842067728934],[-76.94298846826517,38.993842076107107],[-76.943013509702041,38.993842118696307],[-76.943014123251388,38.993842120092651],[-76.943025117732134,38.993842138943585],[-76.943458161394631,38.993842871337414]]]},"properties":{"BUILDINGID":"255","NAME":"School of Public Health Building"}},{"type":"Feature","geometry":{"type":"MultiPolygon","coordinates":[[[[-76.944513747430491,38.988750491575239],[-76.944530971727744,38.988750952409063],[-76.944538417863129,38.988751496332625],[-76.944546114628494,38.988752058410242],[-76.944549627041255,38.988752313265309],[-76.944563578775927,38.988753782347651],[-76.944569082753674,38.988754600676792],[-76.944573358734431,38.988755236068833],[-76.944581512742261,38.988756448201386],[-76.944599202366831,38.988759956822221],[-76.944616586564209,38.988764300529446],[-76.944619983992624,38.988765331121279],[-76.944626053909005,38.988767172361513],[-76.944633599757381,38.988769463263687],[-76.944640951569667,38.988772103282209],[-76.944646859789287,38.988774226608314],[-76.944650181759215,38.988775420586443],[-76.944666263399426,38.988782153645325],[-76.944681795270697,38.988789641493149],[-76.944684782169006,38.988791284434626],[-76.944690075940983,38.988794196763045],[-76.944696710897674,38.988797849217953],[-76.944703066478311,38.988801817972032],[-76.944708092552304,38.988804959320262],[-76.944710963567971,38.988806750984942],[-76.944724491297819,38.988816313278733],[-76.944737251866442,38.988826500489139],[-76.944739001784598,38.988828079890645],[-76.944739632401934,38.988828647553497],[-76.944743894009648,38.988832491322285],[-76.944749194069828,38.988837272816703],[-76.944754113244329,38.988842297295591],[-76.944758064933254,38.988846335172127],[-76.944760275687173,38.98884859255655],[-76.944767870942897,38.988857417511696],[-76.944770452701022,38.988860417116399],[-76.944810924499521,38.988915311396298],[-76.944828076033247,38.988938577162692],[-76.944828563818433,38.988938387243806],[-76.94485666671379,38.988927437580898],[-76.944838403964056,38.988899683578182],[-76.944818443398461,38.988872649441625],[-76.944816480579547,38.988870265677988],[-76.944815589450783,38.988869017937567],[-76.944802524353292,38.988852524999736],[-76.944788535787694,38.98883650476126],[-76.944773635432085,38.988820990737622],[-76.944757867303892,38.988806010160218],[-76.944755498446483,38.988803956658359],[-76.944753791647457,38.988802352818183],[-76.944749553395951,38.988798798814301],[-76.944741252962714,38.988791597242859],[-76.944736052615525,38.988787471385898],[-76.944732641712406,38.988784610028176],[-76.944728990959092,38.98878187225754],[-76.944723827442829,38.988777777820445],[-76.944714864951251,38.988771275876246],[-76.944710253000579,38.988767816830475],[-76.94470818418047,38.98876642804521],[-76.944705632965082,38.988764578426185],[-76.94468670007214,38.988752026989737],[-76.944696014703311,38.988721801172183],[-76.944678193924716,38.988718347011655],[-76.944661440344674,38.988715100924566],[-76.944658206409642,38.988714475307383],[-76.944641546254374,38.988711246675933],[-76.944555861349315,38.988694644776857],[-76.944552164781925,38.98869392699271],[-76.944519551445538,38.988687607978001],[-76.944510151474404,38.988719927113827],[-76.944509320532759,38.988720021375364],[-76.944487715151865,38.988722949067849],[-76.944466323570012,38.988726727906617],[-76.944445208669265,38.988731350211005],[-76.944424416263701,38.988736799223211],[-76.944422506445392,38.988737343845131],[-76.944392064337052,38.988746551445857],[-76.944392008641486,38.988746567505231],[-76.944391954742585,38.988746585659293],[-76.944354128482601,38.988758715363957],[-76.9443170945367,38.988772469854418],[-76.944281072992112,38.98878777302243],[-76.94424616895175,38.98880457948178],[-76.94425175108293,38.988811994012764],[-76.944261525651527,38.988824979739121],[-76.944357332773222,38.988781500099471],[-76.944367735264208,38.988777182926121],[-76.944382561957966,38.988771733917012],[-76.944384689168558,38.988770952594415],[-76.944402078755843,38.98876551545478],[-76.944405636084355,38.988764591692629],[-76.944411958427338,38.98876294875047],[-76.944419856415308,38.988760893850873],[-76.944427934066354,38.98875919993764],[-76.944434293240235,38.988757864916174],[-76.944437949383456,38.988757097558064],[-76.944456301964706,38.988754150316453],[-76.94446191643523,38.98875351492439],[-76.94447484498879,38.988752052126138],[-76.944482960369072,38.98875151727961],[-76.944486650648258,38.98875127359625],[-76.944493516471979,38.988750821839453],[-76.944501925601358,38.988750654263534],[-76.944512244549017,38.9887504524742],[-76.944513747430491,38.988750491575239]]],[[[-76.944732624644402,38.98897662935768],[-76.944713054845948,38.988985910241496],[-76.944811299995294,38.98911044447496],[-76.944827247786549,38.989102880554121],[-76.944855964231238,38.989089261584382],[-76.944757722675135,38.988964726615414],[-76.944732624644402,38.98897662935768]]],[[[-76.944154730337289,38.98895000790516],[-76.944150885547884,38.988951782808591],[-76.944163895848149,38.988968935551569],[-76.944165096895688,38.988970521233973],[-76.944175643117106,38.988984425104654],[-76.944337082950085,38.988909850527897],[-76.94432817525572,38.988898104178269],[-76.94431232807581,38.988877210990324],[-76.944154730337289,38.98895000790516]]]]},"properties":{"BUILDINGID":"159","NAME":"Bob \"Turtle\" Smith Stadium at Shipley Field"}},{"type":"Feature","geometry":{"type":"Polygon","coordinates":[[[-76.924978267304738,38.976914089051334],[-76.925227235385734,38.976976922350481],[-76.925308369425565,38.976781048396546],[-76.925314919940632,38.97676523772509],[-76.925315007077202,38.97676502682296],[-76.925323250018252,38.976745125205014],[-76.925342892580261,38.976697703631231],[-76.925358905050203,38.97665904355469],[-76.925359158375102,38.976658433194714],[-76.925334063039344,38.97665209983704],[-76.925298921843734,38.976643230062535],[-76.924770177959076,38.976509785250386],[-76.924735757212318,38.976501098426802],[-76.924735078085988,38.976500926631751],[-76.924701232261015,38.976492384366345],[-76.924662754722448,38.976482673753551],[-76.924643497537701,38.976477813907344],[-76.924632108696528,38.976474938085019],[-76.924629132578005,38.976474188052656],[-76.924583493669985,38.976584372191496],[-76.924575846311967,38.976602831755898],[-76.924517118051938,38.976744607028238],[-76.924497204198744,38.976792680132121],[-76.924899273051921,38.976894153954447],[-76.924978267304738,38.976914089051334]]]},"properties":{"BUILDINGID":"805","NAME":"Patapsco Building"}},{"type":"Feature","geometry":{"type":"Polygon","coordinates":[[[-76.936083772649667,38.990130630759687],[-76.936127363398839,38.990131448374676],[-76.93612702114072,38.990136266786976],[-76.936196675609537,38.990135338155149],[-76.936212219158904,38.990135131482241],[-76.936227026988036,38.990134936678999],[-76.936231816805119,38.990134871744587],[-76.936244739968799,38.990134700680841],[-76.936245004971809,38.990134695793273],[-76.936329656814294,38.99013351091493],[-76.93632958045751,38.990129166593483],[-76.936334933518282,38.990129176368512],[-76.93634010511937,38.990129185445362],[-76.93637151830653,38.99012923641542],[-76.936371374576098,38.990117208885685],[-76.93637137098284,38.990116902367234],[-76.936370876909422,38.99007512368695],[-76.936397326006329,38.990075236798589],[-76.936401728649543,38.990065382120683],[-76.936405070382406,38.990055274685687],[-76.936405823170603,38.990051840838596],[-76.936406572365556,38.990048427938],[-76.936407325153752,38.99004498641019],[-76.936408479488918,38.990034586417906],[-76.936408526201291,38.990024145927308],[-76.936408171366764,38.990020682753475],[-76.936407812040642,38.990017195839982],[-76.936407457206116,38.990013741044443],[-76.936405292266272,38.990003440893169],[-76.936402037670007,38.989993316692001],[-76.936397798520176,38.989983604439715],[-76.936369801626043,38.989983781787863],[-76.936369588725299,38.989965868928039],[-76.936369554589334,38.989962941286969],[-76.936369550996062,38.989962783488977],[-76.936369503385365,38.989958788267614],[-76.936369177296925,38.98993106678752],[-76.936368208014713,38.98984899639629],[-76.936338274352821,38.98984893076338],[-76.936333158447283,38.989848918893614],[-76.936327001394332,38.989848905627376],[-76.93632642287929,38.989843315659876],[-76.936262949717928,38.989843718534139],[-76.936262969480865,38.989826841102833],[-76.936262972175811,38.989824057988024],[-76.936191380939249,38.989824673122037],[-76.936186125794848,38.989824718506483],[-76.936186266830333,38.989828434446437],[-76.936186342288835,38.989830426475059],[-76.936186864210001,38.989844200307516],[-76.936160581301408,38.98984436578619],[-76.936123126943968,38.989844602483544],[-76.936123864460811,38.989850414485623],[-76.93608036444148,38.989851311701187],[-76.936080370729698,38.989855064645525],[-76.936080420137046,38.989886895191205],[-76.936058143714618,38.989887018776486],[-76.936057386434825,38.989887022965839],[-76.93605079010571,38.989887059971601],[-76.936047638815694,38.989887076728898],[-76.936004184610439,38.989887319011871],[-76.935941463339006,38.989887667424604],[-76.935938379422623,38.989887534064209],[-76.935937595193394,38.989889419961472],[-76.935931235121174,38.989906236632585],[-76.935925947637401,38.989923276730572],[-76.935924107887715,38.989930823806453],[-76.935921744420199,38.989940500456655],[-76.935918641639205,38.98995786661569],[-76.935916640192744,38.989975329823203],[-76.935916323985765,38.989981530025354],[-76.935916125458093,38.989985450535833],[-76.93591574906398,38.989992850280501],[-76.935915955676506,38.990009523093548],[-76.935915957473142,38.990009770263676],[-76.935915966456292,38.990010383999618],[-76.935917294166273,38.990027886992742],[-76.935918050547755,38.990033300994099],[-76.935918883286007,38.990039254021198],[-76.935919729499005,38.990045317366587],[-76.935922946366048,38.990061073404263],[-76.935923265267974,38.990062625547644],[-76.935927896083257,38.990079789192926],[-76.93592968013742,38.990085085191183],[-76.935931729194579,38.990091172970352],[-76.935933605775205,38.990096746160972],[-76.935940384462342,38.990113463635623],[-76.935947658121208,38.99011166292717],[-76.935947677884144,38.990111424136067],[-76.935948134228312,38.990111311024492],[-76.935948240229507,38.990111284492109],[-76.935947817123008,38.99011044243921],[-76.935944323574859,38.990103504230078],[-76.935941516339597,38.990095469116973],[-76.935941436389541,38.99009523311863],[-76.935941358236121,38.99009499851681],[-76.936014260114675,38.990094492307456],[-76.936014260114675,38.990094731098623],[-76.936022458139945,38.990094674542796],[-76.936059581019066,38.990094416201458],[-76.936059966396328,38.99009441480505],[-76.936083531002865,38.990094251421603],[-76.93608359298662,38.990103727660383],[-76.936083772649667,38.990130630759687]]]},"properties":{"BUILDINGID":"406","NAME":"Computer Science Instructional Center"}},{"type":"Feature","geometry":{"type":"Polygon","coordinates":[[[-76.944589976668865,38.987319928110452],[-76.9446059657826,38.987319944170153],[-76.944717227520442,38.98732006985464],[-76.944729282013256,38.987320083819561],[-76.944729296386285,38.987312289285804],[-76.944858635820893,38.987312433124728],[-76.944858645702368,38.987306924651826],[-76.944921609518929,38.987306994476597],[-76.945036496857256,38.98730712365235],[-76.945036596570247,38.987252617747565],[-76.94503663879108,38.987229711722982],[-76.9450367277243,38.987180983067461],[-76.945036740300708,38.987173603278023],[-76.945001365543121,38.987173562081388],[-76.945001373627946,38.987172416255319],[-76.945001476035912,38.987154602533678],[-76.945023595253133,38.987154423083702],[-76.945023692271192,38.987139138415358],[-76.945023693169503,38.987138842357766],[-76.94502380456062,38.987121386131207],[-76.945023839594896,38.987115867867949],[-76.945001469747695,38.98711637340039],[-76.945001542511235,38.987110827206806],[-76.945001827277167,38.987088867264376],[-76.944885506227664,38.987088790456937],[-76.944864716517046,38.987088776491973],[-76.944850524033882,38.987088766716468],[-76.944850419829294,38.987093952615062],[-76.944753426033131,38.987093907228861],[-76.944753410761763,38.987088703175736],[-76.944715021258105,38.987088678038795],[-76.944682933436155,38.987088657789528],[-76.944671826665981,38.987088649410552],[-76.944644331031768,38.987088630557807],[-76.944557348959435,38.987088573301364],[-76.944557361535857,38.98709391770263],[-76.944462079928599,38.987093873014636],[-76.944462067352191,38.987088511157147],[-76.944327092785812,38.987088422479474],[-76.944322081084835,38.987088418988222],[-76.944322097254513,38.987091690985167],[-76.944322260747896,38.987126031582626],[-76.944322348782777,38.987144491890028],[-76.944322349681102,38.987144683210197],[-76.944322497903144,38.98717573153985],[-76.944285962522216,38.987175688248428],[-76.944285911318232,38.987203588162778],[-76.944285729858549,38.987300923914141],[-76.944285723570346,38.987304522681029],[-76.944299943901299,38.987304538042473],[-76.944343045966946,38.987304586919791],[-76.944400767215527,38.987304650460274],[-76.944431812093413,38.987304684674406],[-76.944458506430408,38.987304714699022],[-76.944458536074819,38.98730921699773],[-76.94445855404112,38.987311964600785],[-76.944590028771145,38.987312112629219],[-76.944589976668865,38.987319928110452]]]},"properties":{"BUILDINGID":"140","NAME":"Health Center"}},{"type":"Feature","geometry":{"type":"Polygon","coordinates":[[[-76.936206181581866,38.980729912133384],[-76.936204632886316,38.980734066392465],[-76.936189460341168,38.980774794738565],[-76.936179946283985,38.980800332692887],[-76.936192802972343,38.980803250238267],[-76.93620518085865,38.980806060243516],[-76.936255592515764,38.980817502075567],[-76.936257291229964,38.980817887543388],[-76.936266151313603,38.980819899378311],[-76.936269104974258,38.980820568360521],[-76.936320057417177,38.980832133791253],[-76.936326926834155,38.980833693120125],[-76.936328336290828,38.980834012946637],[-76.936338125232481,38.980836234274406],[-76.936339048700603,38.98083644376775],[-76.936340438394339,38.980836758706054],[-76.93634500363261,38.9808377956981],[-76.936376453650709,38.980844933834099],[-76.9363768174684,38.980845016234795],[-76.936405673151967,38.980851564297225],[-76.936410837566527,38.98085273745972],[-76.936416086422724,38.980853928778217],[-76.936451882490175,38.980757839727275],[-76.936455505395728,38.980748112939963],[-76.936447717002196,38.980746346210559],[-76.936445272686314,38.980745790354192],[-76.936428919754889,38.980742079523928],[-76.936427797759094,38.980741823941699],[-76.936426443997945,38.98074151668439],[-76.936426011009999,38.980741417524058],[-76.936425262713371,38.980741248532546],[-76.936256513288939,38.980702948199585],[-76.936250023859316,38.980701474760323],[-76.936249601651127,38.980701379789835],[-76.936247070198661,38.980700805078669],[-76.936219366155285,38.980694517472799],[-76.936206181581866,38.980729912133384]]]},"properties":{"BUILDINGID":"173","NAME":"House 173"}},{"type":"Feature","geometry":{"type":"Polygon","coordinates":[[[-76.948308692924655,38.990157872485078],[-76.948351093406075,38.990141167588817],[-76.948353485619677,38.990144839524383],[-76.948449122959772,38.990107157315613],[-76.948428349418819,38.990076698173077],[-76.948405845722647,38.990046997284615],[-76.948381655888682,38.990018115396445],[-76.948355828425946,38.98999010766903],[-76.948328417233355,38.989963034150392],[-76.948299478904801,38.989936946509978],[-76.948265796573224,38.989909335340279],[-76.948230402951026,38.989883060556608],[-76.948193382479857,38.989858187095059],[-76.948154829482803,38.989834777797078],[-76.948063073763052,38.989782688991738],[-76.948067730629475,38.989777692508518],[-76.948071998525393,38.989780114643835],[-76.948079758172824,38.989771789731449],[-76.948015742429035,38.989735447913006],[-76.948014191038553,38.989737113175693],[-76.947982182268348,38.989718942609024],[-76.947983736353791,38.989717278044083],[-76.947919720610017,38.989680936197651],[-76.947911959165964,38.989689263913604],[-76.947916227061867,38.989691686051998],[-76.94791157019543,38.98969668184305],[-76.947907302299527,38.989694258308411],[-76.947903164659323,38.989698699709685],[-76.947781534566488,38.989629652331779],[-76.947785673105003,38.989625210926235],[-76.94778140610741,38.989622788087331],[-76.947786062973833,38.989617792291064],[-76.94779032997144,38.989620215828324],[-76.947798091415478,38.989611888802472],[-76.947734075671704,38.989575547600104],[-76.947732525179532,38.989577213564807],[-76.947700515511002,38.989559042957076],[-76.947702068698149,38.989557378388376],[-76.947698115212575,38.989555133594614],[-76.947638054750996,38.989521036459841],[-76.947630292408618,38.989529362099951],[-76.947634561202847,38.989531786338482],[-76.947629903438099,38.989536780744395],[-76.947343970581485,38.989374457833527],[-76.947340867800506,38.989377787677626],[-76.947306724633165,38.989358406991194],[-76.947247740353305,38.98942168798154],[-76.947251990282908,38.989424128981213],[-76.947224050880948,38.98945410523212],[-76.947275262038659,38.98948317866428],[-76.947250428112639,38.989509822957793],[-76.947697962498978,38.989763888639494],[-76.948002577618567,38.98993681524432],[-76.948039948432694,38.98995802999945],[-76.948075050102418,38.989979575704929],[-76.948108538397889,38.990002633051745],[-76.948140309114549,38.990027126630615],[-76.948170258946121,38.990052980334013],[-76.948198291772869,38.990080111072309],[-76.948224320458252,38.990108431566583],[-76.948248261458872,38.990137852443233],[-76.948284463564832,38.990123588517839],[-76.948296909723084,38.990140588066765],[-76.948308692924655,38.990157872485078]]]},"properties":{"BUILDINGID":"361","NAME":"Tyser Tower"}},{"type":"Feature","geometry":{"type":"Polygon","coordinates":[[[-76.941911982025928,38.982059473490729],[-76.941910040766601,38.98206003841468],[-76.942038122559808,38.982057582496793],[-76.942041563107338,38.982057507778769],[-76.942046207397368,38.982057426077802],[-76.942045993598313,38.982050623945959],[-76.942045867834182,38.982046645037229],[-76.942044214035732,38.981994023284578],[-76.942043336381701,38.981966125506858],[-76.942042790206017,38.981948797190299],[-76.942042070655475,38.98192594182207],[-76.942041970044173,38.981922726846982],[-76.942041306189168,38.981901626299845],[-76.942040504891935,38.981876148796665],[-76.942040420450297,38.981873477097416],[-76.942039826663901,38.981854611797459],[-76.942024735865445,38.981854901592435],[-76.942018678525471,38.981855017510405],[-76.941906044161883,38.98185717805395],[-76.941906213045172,38.981862513073935],[-76.941906348690779,38.981866839048642],[-76.941908625920021,38.9819392186062],[-76.941901729553578,38.981939350584945],[-76.941898988793653,38.981939402957472],[-76.941894297791237,38.98193949164159],[-76.94189549075395,38.981977385593403],[-76.941900159298484,38.981977294814449],[-76.941902503003035,38.981977250821544],[-76.941909391284653,38.981977117446235],[-76.941911982025928,38.982059473490729]]]},"properties":{"BUILDINGID":"028","NAME":"Howard Hall"}},{"type":"Feature","geometry":{"type":"Polygon","coordinates":[[[-76.938354583432229,38.992586270003251],[-76.938354927486969,38.992586179936104],[-76.938358933973134,38.99258511728295],[-76.938357509245094,38.992581897904543],[-76.93839647995874,38.992574955050294],[-76.938396571586892,38.992603114659609],[-76.93845879878495,38.99260280186823],[-76.938481477652616,38.992602686666018],[-76.93886887971216,38.992600734512536],[-76.938867937379413,38.992554904971584],[-76.938900616292841,38.992555077425898],[-76.938902036529299,38.992555083011453],[-76.938901634084047,38.992484196578438],[-76.93886851589447,38.992484629460101],[-76.938865620624313,38.992395836297305],[-76.93886558109844,38.992394624227124],[-76.938801238367901,38.992395166726268],[-76.938622128673288,38.992396675530244],[-76.938607575067365,38.99239679631836],[-76.938606868093231,38.992396802602137],[-76.938594386900675,38.992396908728068],[-76.938552325982457,38.992397262714015],[-76.938541550690616,38.99239735347966],[-76.938537290879538,38.992397388389485],[-76.938529714488439,38.992397451925456],[-76.938456663489518,38.992398065640693],[-76.93844789413572,38.99239813964958],[-76.938419261234358,38.992398380527604],[-76.938417671216314,38.992398393793316],[-76.938394612361279,38.992398588590326],[-76.938394678836602,38.992428659234456],[-76.938362534420804,38.992429481710261],[-76.938363363565799,38.992487214182553],[-76.938326090668042,38.992487654046172],[-76.938326244279949,38.992516346413687],[-76.938335061244473,38.992516018261611],[-76.938335313671047,38.992517794472043],[-76.938338394892483,38.992535190021108],[-76.938339071323895,38.992537982105858],[-76.938340399932201,38.992543457356433],[-76.938342576550127,38.992552449417794],[-76.938344806168658,38.992559681327194],[-76.938346648613305,38.992565659276785],[-76.938347840677693,38.99256952448669],[-76.938354179190341,38.992586376128955],[-76.938354583432229,38.992586270003251]]]},"properties":{"BUILDINGID":"387","NAME":"Technology Advancement Program Building"}},{"type":"Feature","geometry":{"type":"Polygon","coordinates":[[[-76.939210994104954,38.992962889477198],[-76.939211743299893,38.993021536144539],[-76.939251436259056,38.993021226845919],[-76.939543469574758,38.993018950743405],[-76.939552797680662,38.993018878829766],[-76.939600009538751,38.993018508788531],[-76.939645501123053,38.993018154107496],[-76.939647084852893,38.993018142238249],[-76.939645569395012,38.992899842754497],[-76.939644866912474,38.99284497809623],[-76.939643288572498,38.992721530539541],[-76.939460670956706,38.992722954156918],[-76.939446379658861,38.992723066566107],[-76.939295793271143,38.992724238833667],[-76.939285417729621,38.992724320522328],[-76.939251688685644,38.992724582345041],[-76.939207947019526,38.992724924460056],[-76.939210688677761,38.992939150263211],[-76.93921074976322,38.992943942651301],[-76.939210774916035,38.992945831259831],[-76.939210911459952,38.992956500326265],[-76.939210955477392,38.992959968243817],[-76.939210994104954,38.992962889477198]]]},"properties":{"BUILDINGID":"148","NAME":"Manufacturing Building"}},{"type":"Feature","geometry":{"type":"Polygon","coordinates":[[[-76.93705312760477,38.983232926036663],[-76.937142120106714,38.98332131730848],[-76.937197106883573,38.983287592151015],[-76.937217769931735,38.983308120388216],[-76.937247465540082,38.983289907670567],[-76.937250042806639,38.983288327447198],[-76.937272648012438,38.983274463656606],[-76.937277985801856,38.983271191483176],[-76.937277889682122,38.98327110000757],[-76.937305026888538,38.983254454935384],[-76.937284224601498,38.983233791913143],[-76.937332809983658,38.98320399248805],[-76.937338666100985,38.983200400495583],[-76.937299238144846,38.983161241201863],[-76.937298962362064,38.983160968171184],[-76.937296704895758,38.983158723872812],[-76.937296308738709,38.983158329339943],[-76.937290252297061,38.983152313586494],[-76.937249907161018,38.983112241602903],[-76.937241042585796,38.983117677780164],[-76.93723773229398,38.983119707705185],[-76.937225153185054,38.983127423095745],[-76.937191953248799,38.983147785885059],[-76.93717040805501,38.983160998197555],[-76.937132902493587,38.983184001204101],[-76.937115274852772,38.983194812796192],[-76.937098730580175,38.983204960314907],[-76.937091838705328,38.983209185654125],[-76.93705312760477,38.983232926036663]]]},"properties":{"BUILDINGID":"139","NAME":"House 14"}},{"type":"Feature","geometry":{"type":"Polygon","coordinates":[[[-76.939952359335891,38.982373277926108],[-76.939953002529649,38.982394041055777],[-76.939961312844332,38.982393876257994],[-76.940173988089541,38.982389685784874],[-76.9401725346154,38.98236127770862],[-76.940172429512529,38.982359237985698],[-76.940172163611209,38.982354041265786],[-76.94019078299209,38.982353518241943],[-76.940245565851384,38.982351980593727],[-76.940264778120365,38.98235144290566],[-76.940268462111334,38.982351339557844],[-76.940270556084272,38.98235128020265],[-76.940268683096903,38.98229101581844],[-76.940271718504249,38.982291047241752],[-76.940271123819514,38.98227150261016],[-76.940268076734085,38.982271527748814],[-76.940266547801471,38.98222231525164],[-76.940266035761752,38.982205861964751],[-76.940261638508431,38.982206000227691],[-76.940258270724442,38.982206105670592],[-76.940255839883292,38.982206212510171],[-76.940211007662398,38.98220820335667],[-76.940159855793496,38.982169572125727],[-76.940152268622597,38.982163841193902],[-76.940152114112379,38.982106353783763],[-76.940152067399978,38.982088867685967],[-76.940147404245337,38.982089199377896],[-76.940141683773604,38.982089609977606],[-76.940125835695355,38.982090746109691],[-76.940124291491372,38.982082023659238],[-76.939992816761361,38.982085881062005],[-76.939993155426208,38.982092493253163],[-76.939975207985157,38.982093069349652],[-76.939965931083208,38.98209337101472],[-76.939967683696324,38.98214408354616],[-76.939968566740262,38.982169611928711],[-76.939914981335249,38.982213105405719],[-76.93988402718719,38.982213306515391],[-76.939856754335153,38.982213482486387],[-76.939859175294842,38.982280725716137],[-76.939857291527701,38.982280752251405],[-76.939857599649841,38.982297851445423],[-76.93985979243746,38.982297861919847],[-76.939861744476559,38.982352043440414],[-76.939861810053571,38.98235385970878],[-76.939861938512649,38.982357438476548],[-76.939863320121574,38.982357410544694],[-76.939865067344797,38.98235737423331],[-76.939866716651665,38.982357342809969],[-76.939944282583184,38.982355802368708],[-76.939944761385235,38.982355793989122],[-76.939951814058517,38.982355666899252],[-76.939952359335891,38.982373277926108]]]},"properties":{"BUILDINGID":"008","NAME":"Annapolis Hall"}},{"type":"Feature","geometry":{"type":"Polygon","coordinates":[[[-76.94419500181148,38.995208718138926],[-76.944196142671899,38.995208716044381],[-76.944196141773574,38.995211385145851],[-76.944198397443245,38.995211383749492],[-76.944227288161116,38.995211366993452],[-76.944233779387361,38.995211362804419],[-76.944239050701455,38.995211358615379],[-76.944238838699036,38.99499005813685],[-76.944238806359692,38.994957444442946],[-76.944238774020349,38.99492483073395],[-76.944238769528752,38.994918616303188],[-76.944196677169487,38.994918641437394],[-76.944196628660478,38.994868285747451],[-76.943893556846533,38.994868460290625],[-76.943765176812647,38.994868534995121],[-76.943472036772519,38.994868703254738],[-76.943384564220025,38.994868754221322],[-76.943384539965521,38.994841642773025],[-76.943384504931217,38.994804995663358],[-76.943253099371475,38.994805072462427],[-76.943180320562092,38.994771050466895],[-76.943153310916458,38.994807011289787],[-76.943153338764219,38.99483863085468],[-76.942831845198754,38.994838813776042],[-76.942797137889443,38.994838833324849],[-76.942524182993736,38.99483898831928],[-76.942524182993736,38.994839241057875],[-76.942524201858348,38.994858891832799],[-76.942524213536458,38.994875053135324],[-76.942524254858952,38.994919088267643],[-76.942482898219907,38.994919113401806],[-76.942483158731349,38.995194998411321],[-76.942483170409446,38.995209701859565],[-76.942486696296939,38.99520969976502],[-76.942498580109813,38.995209694179678],[-76.942520769395657,38.995209680216313],[-76.942525705638133,38.995209677423581],[-76.942541581564157,38.995209668347385],[-76.942616588195435,38.99520962575906],[-76.942637446178011,38.995209613192017],[-76.943471765481291,38.995209137040504],[-76.944079385041164,38.995208784464992],[-76.944185269463716,38.995208723724268],[-76.944191909810272,38.995208719535228],[-76.944193136010625,38.995208718837048],[-76.94419500181148,38.995208718138926]]]},"properties":{"BUILDINGID":"403","NAME":"Terrapin Trail Parking Garage"}},{"type":"Feature","geometry":{"type":"Polygon","coordinates":[[[-76.950262384937176,38.992438612029048],[-76.950379212636506,38.992488602894809],[-76.950389264784548,38.992492906576096],[-76.950417372171458,38.992452906208534],[-76.950417574292388,38.992452619249775],[-76.950418721441025,38.992450986866203],[-76.950419286481335,38.992450183241914],[-76.95042019916967,38.992448883199863],[-76.950420332120316,38.992448696083187],[-76.950431897929604,38.992432231907344],[-76.950432473749714,38.992431412922514],[-76.950433661322506,38.992429721191755],[-76.95043422636283,38.99242891896364],[-76.950434908184121,38.992427948470102],[-76.950435284578219,38.992427412254933],[-76.950439016179914,38.992422101769819],[-76.950443970388719,38.992415049981204],[-76.950444534530703,38.99241424635656],[-76.950444777974155,38.992413898654483],[-76.950445112147435,38.992413425276951],[-76.950453004745526,38.992402191287191],[-76.950459160900152,38.99239342891363],[-76.950462385852049,38.992388838965439],[-76.950460447287654,38.992388007412607],[-76.950269571459444,38.992306329464789],[-76.950266856750659,38.992305166965096],[-76.950182755575455,38.992269179037599],[-76.950179976187954,38.992267989307564],[-76.95016243119214,38.992260481579997],[-76.95017557264643,38.992241179182905],[-76.95017251388289,38.992239923821757],[-76.950170840321519,38.992239237492463],[-76.950161135821517,38.992235008503023],[-76.95016226320719,38.992233491317229],[-76.95010282707473,38.992207855550205],[-76.950101858690857,38.992209233794981],[-76.94995012515453,38.992144303356568],[-76.949951409745395,38.992142556461175],[-76.949936236301909,38.992136088339642],[-76.949931862404796,38.992134222750074],[-76.949906826357832,38.992123547974032],[-76.949891813712796,38.992117147576153],[-76.949890869583442,38.992118723413228],[-76.949890179677297,38.99211844413329],[-76.949886936759128,38.992117133612183],[-76.949882021177885,38.99211514793172],[-76.949874076477528,38.992111937608591],[-76.949859672890256,38.992132319457646],[-76.949571234632316,38.992008891603952],[-76.949567735694288,38.99200739675571],[-76.949560211405469,38.992018106459277],[-76.94954008195657,38.992046755728715],[-76.949539134233945,38.992048103954019],[-76.949538770416254,38.992048623415229],[-76.949537458875938,38.992050488308848],[-76.949536536306141,38.992051800925836],[-76.94952565591143,38.992067285615086],[-76.94952472615509,38.992068606610147],[-76.949523702973991,38.992070063056048],[-76.949522103972797,38.992072339189079],[-76.949494059467924,38.99211225249671],[-76.949507221583474,38.992117884875199],[-76.949545010114235,38.992134055182113],[-76.949631987694971,38.992171276198363],[-76.949728088565749,38.992212398730793],[-76.949760893243294,38.992226437415205],[-76.949763220778209,38.992227432348507],[-76.949765684857013,38.992228485930447],[-76.949790511596532,38.992239111118501],[-76.949781623665103,38.992252328716177],[-76.949779998612755,38.992254750068653],[-76.949783083427448,38.992256070362053],[-76.94979488549366,38.992261121129772],[-76.94979374463324,38.992262669035696],[-76.949807188819776,38.992268422190556],[-76.949810272736144,38.992269743181858],[-76.949857363321655,38.992289891787344],[-76.949858611081581,38.992288266382012],[-76.949887709310275,38.99230042201124],[-76.949890867786806,38.992301741605587],[-76.94992616528927,38.992316410046783],[-76.949971475413889,38.992335238347138],[-76.949974723721951,38.992336768796513],[-76.950006467489146,38.992350028966008],[-76.950005183796605,38.99235171581131],[-76.950049759997626,38.992370723538905],[-76.950052847507266,38.992372040339163],[-76.950054709714848,38.99237283418956],[-76.950063486255175,38.992376575829006],[-76.950064786117395,38.992374888286086],[-76.950079252586733,38.992381078503314],[-76.950082338299723,38.992382398794305],[-76.950084028030773,38.992379938347177],[-76.950093395662577,38.992366297665711],[-76.950131127599448,38.992382444875332],[-76.950131277618098,38.992382509807683],[-76.950134385788971,38.992383839873419],[-76.950153716635583,38.992392111415626],[-76.950169403915382,38.992398824580931],[-76.950253029881807,38.992434608569084],[-76.950262384937176,38.992438612029048]]]},"properties":{"BUILDINGID":"252","NAME":"Denton Hall"}},{"type":"Feature","geometry":{"type":"Polygon","coordinates":[[[-76.935867102596404,38.989571074072799],[-76.935869045652382,38.989577155612139],[-76.935871304146772,38.989581714849955],[-76.935873964826868,38.989586051695326],[-76.935877210439983,38.989590248026488],[-76.935882517686679,38.989595615978494],[-76.935890540540484,38.989601583006873],[-76.935895183033878,38.989604241846429],[-76.935899987224019,38.989606520851645],[-76.935904995331725,38.989608459821426],[-76.935916017660247,38.989611858080593],[-76.935925825466541,38.989614354233382],[-76.935940252410006,38.989617449462784],[-76.935951537046591,38.989619358408625],[-76.935966832660938,38.989621257579266],[-76.935985819452782,38.989622541614075],[-76.936001672920909,38.989622718963133],[-76.936030021954636,38.989621011804246],[-76.936043968299444,38.989619200609873],[-76.936057993695968,38.989616709344794],[-76.936076548398162,38.989612333571515],[-76.936089698835616,38.989608443762307],[-76.936100890047413,38.989603945100967],[-76.936109237193037,38.989599424794335],[-76.936116579123848,38.989594385706475],[-76.936128877060085,38.989583736381718],[-76.936131312392831,38.989580589482202],[-76.936133003920503,38.98957840543472],[-76.936143058763477,38.989565414260809],[-76.93614530185674,38.98956631566935],[-76.936138834885014,38.989581328902382],[-76.936150350388658,38.989587103920172],[-76.93615113821113,38.989587499813631],[-76.936166123906716,38.989595014806959],[-76.936169494385666,38.989596705209053],[-76.936169322807444,38.989597096214915],[-76.936168045403122,38.989599986167029],[-76.936167038391673,38.98960227005999],[-76.936178994968117,38.98960674428357],[-76.93619523111856,38.989564631550557],[-76.936201303729874,38.989530272585831],[-76.936203766910396,38.989512330984013],[-76.936205474607746,38.989491819906924],[-76.936205965087879,38.989463633923563],[-76.936205249227214,38.989456907439894],[-76.936205333572246,38.989450143496896],[-76.936205238350823,38.989447909173094],[-76.936204961669716,38.98944139332589],[-76.936203858538548,38.989432044075592],[-76.936203922318924,38.989429826508669],[-76.936203887284634,38.98942948577421],[-76.936203353685357,38.98942430982185],[-76.93620286320521,38.98942060363585],[-76.936202821882716,38.989420295019777],[-76.936202044839987,38.989414436201194],[-76.936201345950707,38.989410955541878],[-76.936201230966333,38.989410386487222],[-76.936200248209417,38.989405506581569],[-76.936199222333357,38.989401782240705],[-76.936199083992804,38.98940127951748],[-76.93619794492902,38.989397142524396],[-76.936197252327943,38.989395216116904],[-76.936197054698582,38.989394665216004],[-76.936195847362839,38.989391308141869],[-76.93619554193566,38.989390460494597],[-76.93619413247896,38.989386539252962],[-76.93619284339654,38.989383626250635],[-76.936192679004847,38.989383252699298],[-76.936191012629976,38.989379481576051],[-76.936187333130576,38.989371849955887],[-76.936185860791838,38.989369111509731],[-76.936185585009042,38.989368599709387],[-76.936183361678701,38.989364463412635],[-76.936182706806861,38.989363439811804],[-76.936182577449458,38.989363239420634],[-76.936179755841167,38.989358829418549],[-76.936178898848382,38.989357684326144],[-76.936178691337545,38.989357405733507],[-76.936174800734051,38.989352192071649],[-76.936178867407349,38.98934946130526],[-76.936199520574036,38.989335595908713],[-76.936200309294861,38.989335065255979],[-76.936208340233506,38.989342196949373],[-76.936211537337584,38.989340370386913],[-76.936211828391734,38.989340203510579],[-76.936211126807507,38.989339455709164],[-76.936210767481384,38.989339072382407],[-76.936213098609556,38.989337741561208],[-76.936213447155879,38.989337541169967],[-76.93623180243209,38.989327055191779],[-76.936236726996484,38.989324242033597],[-76.936256077606004,38.989313186997997],[-76.936266718150563,38.989307107530635],[-76.936267716178833,38.989308173724154],[-76.936270969876787,38.98930641558708],[-76.936271268117466,38.989306245219574],[-76.936260897067513,38.989294389313997],[-76.936308572456269,38.989262382548389],[-76.936317500811867,38.989256387562236],[-76.936327180159068,38.989257400691216],[-76.936387182230149,38.989279594565424],[-76.93643750225911,38.989304808267136],[-76.936448852472708,38.989312093573687],[-76.936473622618351,38.989327997100546],[-76.936575559843547,38.9893948181277],[-76.93671794461271,38.989488152126853],[-76.936874440118359,38.989358969762229],[-76.936850635661642,38.989331407242979],[-76.936811938934156,38.989271833762331],[-76.936761516497242,38.989201535440607],[-76.936737748871451,38.98916840099325],[-76.936700811943609,38.989116904494267],[-76.936661273494693,38.989064717408439],[-76.936636659655917,38.989041986527795],[-76.936599254705797,38.989017264984938],[-76.936561019712357,38.988999995649166],[-76.936514767255005,38.988986969457528],[-76.936424742588812,38.988980475911298],[-76.936298001980333,38.988980406786474],[-76.936195694649243,38.988980350928003],[-76.936113236492687,38.988980306241245],[-76.935894877606685,38.98898018684379],[-76.935690259351276,38.988980074428596],[-76.935595861686267,38.988980022759527],[-76.935556380729523,38.989182732141096],[-76.935915416687337,38.989209356997286],[-76.935784640846578,38.989542242262615],[-76.93580831414927,38.989544727944569],[-76.935805780900182,38.989560074235527],[-76.935809778403183,38.989560475714931],[-76.935810079338808,38.989558661027928],[-76.935839156906241,38.989561585194593],[-76.935838856868941,38.989563400579804],[-76.935842856168577,38.989563802757431],[-76.935845388519368,38.989548455769047],[-76.935864699603016,38.989550397533321],[-76.935865694038043,38.989561393880955],[-76.935867102596404,38.989571074072799]]]},"properties":{"BUILDINGID":"432","NAME":"Brendan Iribe Center"}},{"type":"Feature","geometry":{"type":"Polygon","coordinates":[[[-76.943902864291204,38.983867192398669],[-76.943906291364002,38.983867133044797],[-76.943906752199752,38.983883271020865],[-76.94410377789437,38.983879832684714],[-76.944103739266822,38.983878472433041],[-76.944103295499076,38.983862960115893],[-76.944105929359495,38.983862912632794],[-76.944107328036395,38.983862888192952],[-76.944108453625432,38.983862868641062],[-76.944111401896194,38.983862816968255],[-76.944141711053888,38.98386228767103],[-76.944141517017783,38.983856519169009],[-76.944235892224896,38.983854647774969],[-76.944235680222491,38.983847340958299],[-76.944233979711669,38.983788000278132],[-76.944233942880729,38.983786660274902],[-76.944233792862079,38.983781466452889],[-76.944233191889168,38.983760476788341],[-76.944229992090115,38.983648839515944],[-76.944229109046177,38.98361803264212],[-76.944229028197825,38.983615165489176],[-76.944229011129821,38.983614609655334],[-76.944228590718268,38.983599966643801],[-76.944227943931267,38.983577396010261],[-76.944227531604554,38.983563029511643],[-76.944227511841618,38.983562348684472],[-76.944227374399375,38.983557527729836],[-76.9442273573314,38.983556954438392],[-76.944226805765808,38.983537750919105],[-76.944226797680983,38.983537389905997],[-76.944226545254367,38.983528545433977],[-76.94422633774353,38.983521405473702],[-76.944226252403581,38.983518406341041],[-76.944226204792884,38.983516749311455],[-76.944226202996248,38.983516719983463],[-76.944226202097923,38.983516689957234],[-76.944226089808524,38.98351270275144],[-76.944133858879979,38.983514311599492],[-76.944134167900458,38.983521369861151],[-76.94413417059539,38.983521413154804],[-76.944134171493715,38.98352145714675],[-76.943915100243686,38.983525194366145],[-76.943909944812276,38.98352528444488],[-76.943848570115421,38.983526355613442],[-76.943848443452964,38.98352188170383],[-76.943843223342853,38.983521968989386],[-76.943784432200758,38.983522997562702],[-76.943783471901739,38.983523014321506],[-76.943774190508208,38.983523174228687],[-76.943768328102678,38.983523276876554],[-76.943767798096673,38.983523288747385],[-76.943745957357152,38.98352367001079],[-76.943745498318037,38.983523678390192],[-76.943713871331838,38.983524230733387],[-76.943713785093578,38.983524230733387],[-76.943693060959973,38.983524593143102],[-76.943673607044175,38.983524932509397],[-76.943673440855832,38.983524939492263],[-76.943649657958701,38.983525348687053],[-76.943649615737883,38.983525351480182],[-76.94364954836422,38.983525351480182],[-76.943621576622931,38.983525839581127],[-76.943597137057282,38.983526267629607],[-76.943585609875569,38.983526468735548],[-76.943481033400076,38.983528296844668],[-76.943185682606028,38.983533452279573],[-76.943186328494718,38.983555983124916],[-76.943186412038031,38.983558882401361],[-76.943187593322634,38.983600091636653],[-76.943179564180625,38.983600229198565],[-76.94318037895259,38.983628585104711],[-76.943143559704041,38.983629229620448],[-76.943144024133048,38.983645374633603],[-76.94314416786348,38.983650426015821],[-76.943147229321966,38.983757250025761],[-76.943147254474809,38.983758172456717],[-76.943147362272626,38.983761922232695],[-76.94314789317697,38.983780448357585],[-76.94318627818906,38.983779780101635],[-76.943187109130704,38.983808834217655],[-76.943192952671623,38.983808730871964],[-76.943193428778713,38.983873763923192],[-76.943197886219153,38.983873685017429],[-76.943480763905498,38.983868743979578],[-76.943873205513782,38.983861893142119],[-76.943873373498732,38.983867703540547],[-76.943902864291204,38.983867192398669]]]},"properties":{"BUILDINGID":"038","NAME":"LeFrak Hall"}},{"type":"Feature","geometry":{"type":"Polygon","coordinates":[[[-76.938909040693559,38.982203648361207],[-76.938912371646637,38.98229860001949],[-76.938917947489614,38.982298481309066],[-76.938927863992035,38.982298269026863],[-76.938931663865688,38.982298186627851],[-76.938938241330192,38.982298046270174],[-76.93905097091519,38.982295637844757],[-76.939049807596888,38.982262521812054],[-76.939049661171509,38.982258346693698],[-76.93904884819618,38.982235181381384],[-76.939048844602908,38.982235075938469],[-76.939048816755161,38.982234224714006],[-76.939048735008456,38.98223194267824],[-76.939048090018076,38.982213511814912],[-76.939047428858032,38.982194693391484],[-76.939047304890522,38.982191169082697],[-76.939047303093886,38.982191140452478],[-76.939046943767778,38.982180907596117],[-76.939043302895925,38.982077091574276],[-76.939042109034929,38.98204309418567],[-76.939041995847191,38.982039868043138],[-76.939041318517454,38.98202056565205],[-76.939038735861033,38.98194698091153],[-76.939086868492268,38.981945951617057],[-76.93910735367399,38.981945513084497],[-76.939107737254631,38.981945506101532],[-76.93912424020472,38.98194515345989],[-76.939213278520725,38.981943250591797],[-76.939240702289709,38.981942664019613],[-76.939260882044252,38.981942231771797],[-76.939261205437759,38.981942225487089],[-76.939262109142959,38.981967956449417],[-76.939262491825261,38.981967950863023],[-76.939388616189461,38.981965252631852],[-76.939387766383206,38.981941066308686],[-76.939404665490343,38.981940704589171],[-76.939436325714198,38.981940027237911],[-76.939522686152344,38.981938180233719],[-76.939532108581361,38.981937979123209],[-76.939536440257683,38.981937886947577],[-76.939558062706567,38.981937423974507],[-76.939565783726422,38.981937259873966],[-76.93959785897195,38.981936573444777],[-76.939600500917209,38.982011769173191],[-76.939601157585685,38.98203051362546],[-76.939606567240318,38.982184612066234],[-76.939607361351037,38.982207250180416],[-76.939607378419026,38.982207712453409],[-76.939607902136842,38.982222621105961],[-76.939607998256591,38.982225388458737],[-76.93960917145634,38.982258794302126],[-76.939610181162706,38.982287583689583],[-76.939623285786084,38.98228730367255],[-76.939709489917362,38.98228546086721],[-76.939712364526272,38.982285399417094],[-76.939735756656276,38.98228489873825],[-76.93973904449021,38.982284827511961],[-76.939752644085303,38.98228453702049],[-76.939750378534157,38.98222004927635],[-76.939750303075684,38.982217894330248],[-76.939749647305518,38.98219918135095],[-76.939749567355463,38.982196867890643],[-76.939749311335603,38.982189625146276],[-76.939749252945106,38.982187947834973],[-76.939748637599138,38.982170415669671],[-76.939748563937286,38.98216828865403],[-76.939748327680363,38.982161583596245],[-76.939748255815147,38.982159536884573],[-76.93974445863644,38.982051357858367],[-76.93974437778806,38.982049065342196],[-76.939744107395157,38.982041360308635],[-76.939744084937288,38.982040708097117],[-76.939744030140048,38.982039159967648],[-76.939743529778426,38.982024941196315],[-76.939743462404778,38.982022969897066],[-76.93974343276038,38.982022161266308],[-76.93974314080792,38.982013854993895],[-76.939743064451108,38.982011633703074],[-76.939742258662307,38.981988680593169],[-76.939742073609352,38.981983441249781],[-76.939741997252568,38.981981248588276],[-76.939741656791057,38.981971542219704],[-76.939740968681548,38.981951886470178],[-76.939740835730902,38.981948141486413],[-76.939740297640029,38.981932831951703],[-76.939740283267,38.981932411574924],[-76.939740224876516,38.981930747525197],[-76.939740111688778,38.981927548611246],[-76.939667584407673,38.981929100932973],[-76.939667022960634,38.981913142672965],[-76.939666984333073,38.981912043547958],[-76.93966694390889,38.981910926965384],[-76.939666480378207,38.981897718609417],[-76.939666430072535,38.981896249384796],[-76.939666164171229,38.98188862463919],[-76.939666114763881,38.981887248288331],[-76.939664299268685,38.981835548873214],[-76.939664090859537,38.981829609820565],[-76.939658394642322,38.981829731324972],[-76.939654964874578,38.98182980604323],[-76.939591245574846,38.981831167730839],[-76.939588094284829,38.981831235466075],[-76.939579615086856,38.981831415627795],[-76.939466728296665,38.981833830353715],[-76.939400232304394,38.981835252095188],[-76.93926096918085,38.981838230350121],[-76.938984103020388,38.981844150547964],[-76.938969294292917,38.9818444668784],[-76.938970332745399,38.981874077636213],[-76.938970635477645,38.981882673719831],[-76.938971395452398,38.981904377604295],[-76.938972702501118,38.981941636121704],[-76.938899901233867,38.981943190538004],[-76.938903119897532,38.98203491849771],[-76.938903897838557,38.982057044806496],[-76.938908292396931,38.982182360753981],[-76.938909040693559,38.982203648361207]]]},"properties":{"BUILDINGID":"032","NAME":"Montgomery Hall"}},{"type":"Feature","geometry":{"type":"Polygon","coordinates":[[[-76.939304136823523,38.986776433453258],[-76.939445218137195,38.98677395814795],[-76.939445667294834,38.986789494266013],[-76.939462967948899,38.986789190526224],[-76.939463832128183,38.986819083404534],[-76.939467168471154,38.986819024053084],[-76.939476882852645,38.986818852283065],[-76.939596466583282,38.986816756130132],[-76.939606178269813,38.986816585058314],[-76.939609261287856,38.986816529896402],[-76.939608338718074,38.986784466150134],[-76.93962607146176,38.986784153333041],[-76.939625756153106,38.986773333211872],[-76.939728509946875,38.986771527530642],[-76.939746536439671,38.986771211222219],[-76.939922060957997,38.986768130531708],[-76.939921318949573,38.986742380366373],[-76.939920329904453,38.986708076590219],[-76.939919025550651,38.986662865377681],[-76.939918136218523,38.986631998369155],[-76.939917351090955,38.986604711296792],[-76.939758567576291,38.986608666208717],[-76.939758617881949,38.986647438159395],[-76.939732319702003,38.986647899705176],[-76.939729536721259,38.986647948582934],[-76.939695767253099,38.986648541400427],[-76.939691785021438,38.986648611225789],[-76.939622329978619,38.986649831075184],[-76.939621173846845,38.986609665410484],[-76.939616056144672,38.98660975548524],[-76.939615439900379,38.986609765959074],[-76.939612126015305,38.986609823914158],[-76.939610664456325,38.98660984905132],[-76.939441866522856,38.98661281314029],[-76.939442948992792,38.986650399453772],[-76.939415751599242,38.986650877059382],[-76.939369465904235,38.986651689128557],[-76.939305659467919,38.986652811222378],[-76.939304556336751,38.9866146991248],[-76.939256898015984,38.986615537029756],[-76.93914651932208,38.986617475383191],[-76.939146591187296,38.986619915781304],[-76.939149259183694,38.986712518178862],[-76.939151177086828,38.98677911893251],[-76.939256758777105,38.986777264373806],[-76.939304136823523,38.986776433453258]]]},"properties":{"BUILDINGID":"052","NAME":"Clarence M. Mitchell, Jr. Building"}},{"type":"Feature","geometry":{"type":"Polygon","coordinates":[[[-76.942142939783778,38.982453368938465],[-76.942143028716984,38.982456162817485],[-76.942143230837942,38.982462589227573],[-76.942275418830306,38.982460053019722],[-76.942275260726817,38.982455076968471],[-76.942275179878436,38.982452525397846],[-76.942275123284588,38.982450696562687],[-76.942273586267135,38.982401947160149],[-76.942273570097441,38.982401394808207],[-76.942269167454242,38.98226162031051],[-76.942268425445818,38.982238075823808],[-76.942264168329686,38.982102957259215],[-76.942263359845938,38.982077261260862],[-76.942262094119698,38.982037086018778],[-76.942132278578001,38.982039578248916],[-76.94213245374948,38.982045103890847],[-76.942132579513626,38.982049084196291],[-76.942133288284381,38.98207158269399],[-76.942127061162807,38.98207170349972],[-76.942127202198336,38.982076146775825],[-76.942128310719383,38.982111336144207],[-76.942128417618903,38.982114712417662],[-76.942132972077388,38.982114627923572],[-76.942133146350557,38.982120161939207],[-76.94213562031085,38.98219862480768],[-76.942120800803622,38.982198908316562],[-76.9421184786586,38.98219895300759],[-76.942097498505134,38.982199355227102],[-76.942100815085169,38.982304627716516],[-76.942120357035861,38.982304254127776],[-76.942122677384233,38.982304210135126],[-76.94213884705934,38.982303900091409],[-76.942141320121323,38.982382415826699],[-76.9421414126478,38.982385338194987],[-76.942135984128527,38.982385440844446],[-76.942136173673049,38.982391421049947],[-76.942137282194125,38.982426608166762],[-76.942137476230229,38.982432788081255],[-76.942142288505195,38.982432696604576],[-76.942142939783778,38.982453368938465]]]},"properties":{"BUILDINGID":"016","NAME":"Baltimore Hall"}},{"type":"Feature","geometry":{"type":"Polygon","coordinates":[[[-76.936163686777334,38.981540727551426],[-76.936166889271348,38.981541441916633],[-76.936167881909725,38.981538730401418],[-76.936170915520449,38.981530442926555],[-76.936176677314663,38.981514703145997],[-76.936177133658845,38.981513456672509],[-76.936177362729239,38.981512827500204],[-76.936180656851377,38.981503828449945],[-76.936185152919393,38.981491545271687],[-76.936191911843579,38.981473078602086],[-76.936199600524105,38.981452075683649],[-76.936201681920622,38.981446390781883],[-76.936206487907384,38.981433261247737],[-76.936139426874803,38.981418304245906],[-76.936176288344171,38.981317598759169],[-76.936172383367605,38.981316727272798],[-76.936171395220811,38.981316505909675],[-76.936168366101668,38.981315830647389],[-76.936111261097366,38.981303096330514],[-76.936107922957774,38.98130235123741],[-76.936065715614149,38.981292938762891],[-76.936065011334975,38.981294857011207],[-76.936042177957063,38.981357235317319],[-76.93603677099739,38.981372004487767],[-76.936029727307229,38.981391248397991],[-76.936008498320447,38.98138651458369],[-76.936004422663999,38.981385605389654],[-76.93593512033479,38.981370151183995],[-76.935934036966557,38.981373106414431],[-76.93592637254055,38.98139405000024],[-76.935909382703585,38.981440457282972],[-76.935894642248073,38.981480732022959],[-76.936000227531636,38.981504277459777],[-76.936003374330056,38.981504979255867],[-76.936052641533507,38.981515964982101],[-76.936055521532296,38.981516608120494],[-76.936163686777334,38.981540727551426]]]},"properties":{"BUILDINGID":"172","NAME":"House 172"}},{"type":"Feature","geometry":{"type":"Polygon","coordinates":[[[-76.941266746411856,38.9786533191009],[-76.941267643828809,38.97865372622887],[-76.941282739118847,38.978633462706995],[-76.941293220661592,38.978638224638608],[-76.941314862873412,38.978647448217941],[-76.941329334732629,38.978627621850634],[-76.941341665906549,38.978610724286874],[-76.94133022945465,38.978605770311717],[-76.941309922139354,38.978596971313621],[-76.941318533389676,38.978585413897761],[-76.941322223668863,38.978580458524192],[-76.941167308299796,38.978510149585311],[-76.941153662890642,38.978503956060067],[-76.941135642686021,38.978528061153973],[-76.941132403361109,38.978532913876109],[-76.941102134627599,38.978578194527337],[-76.941102038507879,38.978578336987361],[-76.941101915438679,38.978578521347387],[-76.94110457085867,38.978579688960828],[-76.941104611282853,38.978579705022511],[-76.941126346021136,38.978589596216004],[-76.941140622945966,38.978596075352108],[-76.94116109555128,38.978605368071833],[-76.941173003618687,38.978610771773496],[-76.941179140908716,38.978613557424154],[-76.941187155677682,38.978617195739304],[-76.941192895912351,38.978619799823129],[-76.941229377394336,38.978636357296658],[-76.941266746411856,38.9786533191009]]]},"properties":{"BUILDINGID":"271","NAME":"Graduate Gardens Apartment 4317"}},{"type":"Feature","geometry":{"type":"Polygon","coordinates":[[[-76.941378784294088,38.991745307692412],[-76.941323192951046,38.991835949813748],[-76.94132151040651,38.991838692353696],[-76.941340361552747,38.99184573372667],[-76.941402504309167,38.991868945466493],[-76.941408725142509,38.991871270480189],[-76.941537632487481,38.991661093124655],[-76.941576083076569,38.991675455187],[-76.941582201501959,38.991677740409365],[-76.941591560150584,38.991681233524936],[-76.941600477726425,38.99166669621443],[-76.941639313692789,38.991603373244331],[-76.941635029627207,38.991601775053212],[-76.94148518794286,38.991545802732951],[-76.941442087673849,38.991529704206791],[-76.941394008941515,38.991608095204128],[-76.941450090764718,38.991629044838746],[-76.941378784294088,38.991745307692412]]]},"properties":{"BUILDINGID":"109","NAME":"Sheep Barn"}},{"type":"Feature","geometry":{"type":"Polygon","coordinates":[[[-76.936164134138366,38.985720154499383],[-76.936228419376718,38.985745375753353],[-76.936254127363526,38.98570842856833],[-76.936189387577642,38.985682934978463],[-76.936188446143206,38.985682564898873],[-76.936164134138366,38.985720154499383]]]},"properties":{"BUILDINGID":"020","NAME":"Motorcycle Storage Building"}},{"type":"Feature","geometry":{"type":"Polygon","coordinates":[[[-76.94031796736833,38.97819755291146],[-76.94032501734668,38.978200723362093],[-76.94037849944543,38.978129004102087],[-76.940206972430133,38.978051834236837],[-76.940186481858504,38.978079583414122],[-76.940184075271873,38.978082841162347],[-76.940178185916849,38.978090814788587],[-76.940153880200214,38.978123730254516],[-76.940157574072657,38.978125391600322],[-76.94021542378033,38.978151418648217],[-76.940230271135349,38.978158097548899],[-76.940232578008988,38.978159135976888],[-76.940244626213598,38.978164555774327],[-76.940247411889274,38.978165809290104],[-76.94031796736833,38.97819755291146]]]},"properties":{"BUILDINGID":"281","NAME":"Graduate Gardens Apartment 4327"}},{"type":"Feature","geometry":{"type":"Polygon","coordinates":[[[-76.942025446432822,38.979054757292204],[-76.942117466257258,38.979097171670439],[-76.942159281935446,38.979040912225784],[-76.942164060972758,38.979034479918482],[-76.942171357987803,38.9790377823158],[-76.942236731984281,38.979067383074181],[-76.942289145986166,38.978994133255796],[-76.942194440199032,38.978951251633198],[-76.942125551094833,38.978920060728825],[-76.942102403306592,38.978951206241781],[-76.942025446432822,38.979054757292204]]]},"properties":{"BUILDINGID":"263","NAME":"Graduate Gardens Apartment 4307"}},{"type":"Feature","geometry":{"type":"Polygon","coordinates":[[[-76.942040302770991,38.998458205127903],[-76.942169815580456,38.998391833881094],[-76.942217028336842,38.998367636415196],[-76.942267253144365,38.998341898149441],[-76.942284548408551,38.998362447153767],[-76.942298740891715,38.998355173250928],[-76.942342932613784,38.998332526338196],[-76.942330044484422,38.998317211969372],[-76.942323961093322,38.998309985535293],[-76.942422358956279,38.998259556859587],[-76.94224510697768,38.998048951665865],[-76.942233148604615,38.99803474169552],[-76.942211721090146,38.998045723460237],[-76.94217111364604,38.998066532957218],[-76.942154012417987,38.998046212857354],[-76.942142169029268,38.998052283196301],[-76.942141594107483,38.998052577811926],[-76.942132240848736,38.998057370551848],[-76.942117960330677,38.998064690562614],[-76.942117813006959,38.998064766660036],[-76.942102891091793,38.998047031079004],[-76.942091080042417,38.998053080473696],[-76.94209096326145,38.998053140513832],[-76.942083860282494,38.998056779226218],[-76.942040515671721,38.998078985700182],[-76.942021052772773,38.998088955153683],[-76.94201982567408,38.998089584178658],[-76.942052314144661,38.998128275139251],[-76.941913747215452,38.998199287169101],[-76.9418499210162,38.998231995712196],[-76.941895749468742,38.998286449179048],[-76.941895857266573,38.998286576938469],[-76.942040302770991,38.998458205127903]]]},"properties":{"BUILDINGID":"338","NAME":"Chesapeake Building"}},{"type":"Feature","geometry":{"type":"Polygon","coordinates":[[[-76.943551431673939,38.996079313927012],[-76.943556950024742,38.996080798914988],[-76.943564933352675,38.996082949250095],[-76.943606851438787,38.996094234319465],[-76.94359669418786,38.996117207989471],[-76.943640202292016,38.996128921025587],[-76.94364471902125,38.996118705543495],[-76.943714369896824,38.996137458129098],[-76.943798512394537,38.995947140099517],[-76.943798669599715,38.99594678403686],[-76.943846269529971,38.995839117587089],[-76.943850213134084,38.995830195061458],[-76.943833579928281,38.995825714947834],[-76.943823697561854,38.995823052851179],[-76.943814100859655,38.995820466854262],[-76.943823207980003,38.995799866843996],[-76.943826710511303,38.995791953159866],[-76.943801899043166,38.995785271733759],[-76.94378412767189,38.995780485821605],[-76.943764169801227,38.995775112055213],[-76.943684280826389,38.995753672838575],[-76.943642139059762,38.995849017539811],[-76.943641936040521,38.995849481120075],[-76.9436301977547,38.995876036444685],[-76.943601518140923,38.995940924362237],[-76.943558923623428,38.996037293013629],[-76.943542080211841,38.996075403528415],[-76.943541529544575,38.996076646952794],[-76.943549503889358,38.996078793797267],[-76.943551431673939,38.996079313927012]]]},"properties":{"BUILDINGID":"428","NAME":"Wye Oak Building"}},{"type":"Feature","geometry":{"type":"Polygon","coordinates":[[[-76.932434811473996,38.983917379250698],[-76.932471148327238,38.983925577764516],[-76.932594283996508,38.983953363045281],[-76.932699068881135,38.983670475125507],[-76.932712374727132,38.983634558222349],[-76.932709932207871,38.983634007974914],[-76.932676492421422,38.983625256386702],[-76.93261553274624,38.983611500896089],[-76.932595067327441,38.983606883145342],[-76.932465208666585,38.983577581055556],[-76.932443892543205,38.983572769877895],[-76.932443693117207,38.983572725886027],[-76.932303889207873,38.98354117879758],[-76.932258100281203,38.983664794591533],[-76.932247280971936,38.983694002377042],[-76.932243450555561,38.983704341153718],[-76.932237805542314,38.983719582571929],[-76.932231541589843,38.983736492882137],[-76.932220438412941,38.983766465955405],[-76.932219837440002,38.983768088763313],[-76.932223861892467,38.983768996530173],[-76.932351700242251,38.983797842562659],[-76.932333797716936,38.983846172035193],[-76.932379798645997,38.983856551988218],[-76.93237480131809,38.983870043480977],[-76.932414181663518,38.983878929108933],[-76.932405736601538,38.983901722397924],[-76.932431991662327,38.983907647311163],[-76.932428881694818,38.983916040646506],[-76.932434811473996,38.983917379250698]]]},"properties":{"BUILDINGID":"201","NAME":"Leonardtown Office Building"}},{"type":"Feature","geometry":{"type":"Polygon","coordinates":[[[-76.947305093292627,38.987072570119885],[-76.947400527613439,38.987072625281613],[-76.94740051324041,38.987062437818786],[-76.947411434059333,38.987062453180279],[-76.947551026864588,38.987062649388442],[-76.947551180476481,38.986996865854493],[-76.947551186764713,38.986994355644356],[-76.947551207425946,38.986984565474764],[-76.947551237070357,38.986972133821801],[-76.947551399665429,38.986901317906685],[-76.947551405055307,38.986898442507659],[-76.947551415835107,38.986894655890495],[-76.947486755999265,38.986894564419572],[-76.947486910509497,38.986827889759823],[-76.947588568358626,38.986828032901471],[-76.947694227304027,38.986828180930907],[-76.94769481570053,38.986574076781658],[-76.947613223519909,38.986573962966169],[-76.947595693795449,38.986573937828993],[-76.947593630365247,38.986573935734199],[-76.947585747648645,38.986573923165665],[-76.947579939142003,38.986573916183104],[-76.947577882898315,38.986573912691824],[-76.947489166179167,38.986573787006009],[-76.94748932158771,38.986506396332537],[-76.947554214985516,38.986506487105686],[-76.947554223070355,38.986503538373881],[-76.947554231155195,38.98650022934217],[-76.94755423205352,38.986499756623367],[-76.947554243731616,38.986494991030931],[-76.947554262596228,38.986486535856656],[-76.947554378478898,38.98643732070343],[-76.947554441360978,38.986409079738067],[-76.947554445852546,38.986407844522887],[-76.947554450344114,38.98640560451696],[-76.947554450344114,38.98640548371867],[-76.947554454835711,38.986403263263853],[-76.947554473700336,38.986395457457014],[-76.947554479988526,38.986393698549335],[-76.947554482683486,38.986391659640866],[-76.947554515921155,38.986377170820163],[-76.947554517717776,38.986376213510539],[-76.947554517717776,38.986376174408193],[-76.947554522209359,38.986374751361417],[-76.947554524904305,38.986373308065168],[-76.947554569820056,38.98635364096905],[-76.947554577904896,38.986350616819131],[-76.947554578803206,38.986350331232117],[-76.947554583294789,38.986348492722101],[-76.947554585091424,38.986348149877998],[-76.947554589582992,38.986346542490871],[-76.947554598566143,38.986342087612428],[-76.947554602159414,38.986340042418099],[-76.947554606650996,38.986338128496044],[-76.947405709994328,38.986337917622492],[-76.947303548190334,38.986337772385049],[-76.947303513156029,38.986337772385049],[-76.947292993884048,38.986337758419886],[-76.947278441176451,38.98633773886872],[-76.947264102267894,38.986337718619247],[-76.947262754794963,38.986337715127952],[-76.947244524384587,38.986337689990755],[-76.947243306269073,38.986337688594219],[-76.947149915615483,38.986337555227124],[-76.947149870699732,38.986356626714759],[-76.947149741342329,38.986413007428943],[-76.947149726070961,38.986418770834817],[-76.947149698223186,38.98643150074026],[-76.947149691036685,38.986434354512319],[-76.947149550899482,38.986495378562644],[-76.947149544611278,38.9864980535787],[-76.947149525746667,38.986505647802908],[-76.947161544306837,38.986505664561058],[-76.94719741403614,38.986505714835403],[-76.947215148576475,38.9865057399726],[-76.947214984184768,38.986576730148862],[-76.947214978794889,38.986579204762847],[-76.947214823386346,38.98664601162681],[-76.947200037116772,38.986645986489656],[-76.94719996075996,38.986678772292777],[-76.947199942793659,38.98668649218326],[-76.947199884403162,38.986712532143954],[-76.947199868233497,38.986719525149191],[-76.947199790978374,38.98675286463272],[-76.947214417347837,38.986752884882023],[-76.94721426193928,38.98681997507245],[-76.947214255651105,38.986823058553767],[-76.947214090361086,38.986893963923414],[-76.947196162682957,38.986893938786352],[-76.947195931815926,38.986893938786352],[-76.947157739043305,38.986893884322704],[-76.947147703064942,38.986893871055969],[-76.947147681505385,38.986901910023782],[-76.947147677013803,38.986904719787027],[-76.947147541368196,38.986963349130221],[-76.947147535079992,38.986965791611148],[-76.947147312297801,38.987062081013171],[-76.947173745225044,38.987062118020404],[-76.947287916606072,38.987062278617856],[-76.947298302927379,38.987062293281092],[-76.9472988796458,38.987062294677557],[-76.947305098682506,38.987062303754804],[-76.947305093292627,38.987072570119885]],[[-76.947609186491022,38.986720925146699],[-76.947608612467562,38.986773060893334],[-76.947487330022739,38.986773794058571],[-76.947487710908419,38.986719136920442],[-76.947488353203838,38.986627093833071],[-76.947488413390971,38.986627095927822],[-76.947488471781455,38.986627096626087],[-76.947610213265392,38.98662817403202],[-76.947609632055389,38.986680789547172],[-76.947609526952519,38.986690308138179],[-76.947609303272003,38.986710305414498],[-76.947609186491022,38.986720925146699]]]},"properties":{"BUILDINGID":"143","NAME":"Benjamin Building"}},{"type":"Feature","geometry":{"type":"Polygon","coordinates":[[[-76.953237835126899,38.99748772827364],[-76.953211237807963,38.997508727132448],[-76.953247407574551,38.997536624369936],[-76.953277792190732,38.997512633961101],[-76.953242964507169,38.997485767877173],[-76.953241626017402,38.997484736714149],[-76.953237835126899,38.99748772827364]]]},"properties":{"BUILDINGID":"318","NAME":"Golf Course Toilet Facility"}},{"type":"Feature","geometry":{"type":"Polygon","coordinates":[[[-76.928583094250499,38.983995244494572],[-76.928623790627825,38.984130991389932],[-76.928704607562366,38.984117976871318],[-76.928975649046521,38.984068688846911],[-76.928984934033295,38.984067000407684],[-76.928981690216801,38.984055760903551],[-76.928978125701761,38.984043416021152],[-76.928959619508589,38.983981805396731],[-76.928959553931577,38.983981584740171],[-76.928944649084357,38.983930304426217],[-76.928583094250499,38.983995244494572]]]},"properties":{"BUILDINGID":"198","NAME":"MFRI Shop Facility"}},{"type":"Feature","geometry":{"type":"Polygon","coordinates":[[[-76.93422843807592,38.985783017690139],[-76.93422874080818,38.985783138489538],[-76.934265776550717,38.985797972373305],[-76.934263840681297,38.985800917643239],[-76.934359559768069,38.985839259907067],[-76.934379161905881,38.985847111860515],[-76.934449467653266,38.985875274844823],[-76.934518424131127,38.985902898062015],[-76.934547597818295,38.985914584159929],[-76.934700890829944,38.985975990606804],[-76.934706161245728,38.985978101448097],[-76.934733328994852,38.985936788857913],[-76.934735222643482,38.985933909928448],[-76.934736293435293,38.985932282980606],[-76.934754505879368,38.985904587155744],[-76.934805442152609,38.98582713249516],[-76.934805948802406,38.985826362312281],[-76.93477484912728,38.985813904620201],[-76.934633041076523,38.98575710098001],[-76.934399405440814,38.985663513479309],[-76.934363917495503,38.985649298228999],[-76.934358161989479,38.985658025127776],[-76.934351091349896,38.985668713447623],[-76.934337369583929,38.985663809543063],[-76.934317515019515,38.985656708900891],[-76.934309567624197,38.985653866269736],[-76.934274764195138,38.985709580004134],[-76.9343133477349,38.985725141493326],[-76.934304401413002,38.985738744351991],[-76.934267322551321,38.985723891602703],[-76.93422843807592,38.985783017690139]]]},"properties":{"BUILDINGID":"006","NAME":"Building 006"}},{"type":"Feature","geometry":{"type":"Polygon","coordinates":[[[-76.944531388546039,38.9870116401327],[-76.944531543056257,38.987016549529876],[-76.944629418998048,38.98701586454645],[-76.944629322878299,38.98699612501084],[-76.944629321980003,38.986995824064927],[-76.944629286047387,38.986988074183472],[-76.944637288239946,38.986988016926894],[-76.944641361201434,38.986987987600401],[-76.944641736697221,38.986987985505614],[-76.944642409535376,38.986987981316148],[-76.94465702782,38.986987877276839],[-76.944667660279706,38.986987801167494],[-76.944685433447589,38.986987677577204],[-76.944695691309818,38.986987603562653],[-76.944713812125727,38.986987475084518],[-76.944714541557744,38.986987470196787],[-76.944725472258128,38.98698739269097],[-76.944725478546317,38.98698455081152],[-76.944725268340548,38.986975123032678],[-76.944818349075348,38.986975166324221],[-76.944821379991126,38.986975167720686],[-76.944821028749843,38.986959036733715],[-76.94482074937379,38.986946170764199],[-76.944820388251031,38.98692952236658],[-76.944819862736608,38.986905355893938],[-76.944819846566915,38.986904610859803],[-76.9448187515206,38.986854205477947],[-76.944818465856329,38.986841035051597],[-76.944815636163185,38.986841040637607],[-76.9447250419651,38.986841672555556],[-76.944722828516234,38.986841700485641],[-76.944653915157531,38.986841697692633],[-76.944654329280866,38.986787558710276],[-76.944814387504934,38.986787603398469],[-76.944817299843095,38.986787576864842],[-76.944818266430346,38.986787568485823],[-76.944818231396042,38.986785735573115],[-76.944816364696891,38.986690917015153],[-76.944815633468224,38.986653772717801],[-76.94464443164307,38.986655165035792],[-76.944643987875324,38.986626455628866],[-76.944642917981824,38.986626477274733],[-76.944625436766387,38.986626841065103],[-76.944524113988862,38.986628952585249],[-76.944507399036368,38.986629300315762],[-76.944506059648276,38.986629328245925],[-76.944506210565265,38.986657184385606],[-76.944332655154057,38.986658663286995],[-76.944332873444665,38.986669008613212],[-76.944335482152255,38.986792519793717],[-76.944340586379695,38.986792463933519],[-76.944344804868265,38.986792420641862],[-76.944367889774426,38.986792175555294],[-76.944473947571822,38.986791069523491],[-76.944543738584571,38.986790314014392],[-76.944543889501531,38.986843703770326],[-76.944490243909399,38.9868443587306],[-76.944483379882314,38.986844441822576],[-76.944473094172324,38.986844567507902],[-76.944348893101122,38.986846084110994],[-76.94433662301266,38.986846216080593],[-76.944338929886314,38.986971437665957],[-76.944338995463312,38.986974946375256],[-76.944435984767921,38.986974989666791],[-76.944436113226999,38.98698478891496],[-76.944436076396073,38.986988200566756],[-76.944464146952072,38.986988276676101],[-76.944478072635604,38.98698831158859],[-76.944489066218054,38.986988338820353],[-76.944506674095948,38.986988247349551],[-76.94452104085228,38.986988283658562],[-76.944530935795129,38.98698828854635],[-76.944530969032797,38.986998149936916],[-76.944530978015948,38.986998425745803],[-76.944531388546039,38.9870116401327]]]},"properties":{"BUILDINGID":"034","NAME":"Jimenez Hall"}},{"type":"Feature","geometry":{"type":"Polygon","coordinates":[[[-76.934158693775601,38.984394145587665],[-76.934184785343021,38.984426994580254],[-76.934189730568662,38.984424602287561],[-76.934245978580165,38.984397385588473],[-76.934256408918941,38.984392339845748],[-76.934268112170457,38.98438667822316],[-76.934298388988793,38.984372026293784],[-76.934269987852772,38.984336267557069],[-76.934296682189753,38.984323348740119],[-76.934282669369637,38.984305705379342],[-76.934244535885824,38.984257697428099],[-76.934229482816619,38.984238746177041],[-76.934200752897198,38.984252646089267],[-76.934175057486812,38.984220295586105],[-76.934102938040851,38.984255189913938],[-76.934063483135276,38.98427428081601],[-76.934065891518543,38.984277313434006],[-76.934071489819388,38.984284361145463],[-76.934089824434338,38.984307445485427],[-76.934099934074538,38.984320168787747],[-76.934121702050504,38.984347574051199],[-76.934140479534889,38.984371213500175],[-76.934140582841138,38.984371343379571],[-76.934158693775601,38.984394145587665]]]},"properties":{"BUILDINGID":"131","NAME":"House 6"}},{"type":"Feature","geometry":{"type":"Polygon","coordinates":[[[-76.935185194159189,38.9833383163962],[-76.935212404129132,38.983338351310543],[-76.935212452638169,38.983314210845066],[-76.935265066964348,38.983314274389201],[-76.935265084930663,38.98330477978427],[-76.935265089422231,38.98330275405425],[-76.935265129846428,38.98328357560429],[-76.935265174762179,38.983260682261189],[-76.935265216983012,38.98323986422092],[-76.935265224169541,38.983236684219897],[-76.935265232254352,38.983231615350981],[-76.935265278068442,38.983209474046944],[-76.935260483759762,38.983209467762357],[-76.935242665676114,38.983209445417188],[-76.935227769812073,38.98320942726172],[-76.935139787914835,38.983209317630504],[-76.93507125095023,38.983209233137714],[-76.9350383124237,38.98320919193872],[-76.935034462244403,38.983209187748976],[-76.935034362531411,38.983257716635258],[-76.935034290666181,38.983293757326344],[-76.935034274496502,38.983301300919386],[-76.935034249343673,38.983313497894358],[-76.93503821720229,38.983313501385787],[-76.935085868336529,38.983313560740172],[-76.935085817132546,38.983338192101236],[-76.93511699496112,38.983338231903566],[-76.935185194159189,38.9833383163962]]]},"properties":{"BUILDINGID":"135","NAME":"House 10"}},{"type":"Feature","geometry":{"type":"Polygon","coordinates":[[[-76.948926064595241,38.989418587856008],[-76.948915109640367,38.989422542610725],[-76.948915092572364,38.989425327137752],[-76.948915742952636,38.989774074317104],[-76.94891576091895,38.989780087413152],[-76.948976139384143,38.989780142572755],[-76.948976199571263,38.989785071328235],[-76.948976239995446,38.989788468880633],[-76.948976723289064,38.989828096506777],[-76.948979008603146,38.989828102790788],[-76.949253314565055,38.989828935071927],[-76.949278135016357,38.9898290181604],[-76.949288104519383,38.989829051675073],[-76.949288334488088,38.989757958630626],[-76.949287323883397,38.989757949553741],[-76.94926022171127,38.989757838536249],[-76.949255391470004,38.98975780502154],[-76.949255066279861,38.989420208439689],[-76.949236762207619,38.98942016305498],[-76.949236762207619,38.989416392631881],[-76.94899655359896,38.989416668431389],[-76.948996665888373,38.989416537863008],[-76.949007817574312,38.989403855973819],[-76.949007926270454,38.989403724008987],[-76.949010763150127,38.989399370565749],[-76.949016945355922,38.98938987328588],[-76.949019663657978,38.989383909730741],[-76.949023616245213,38.989375148379935],[-76.949025427248827,38.989368573176776],[-76.949027736817413,38.98936018747019],[-76.949027770953407,38.989359871871585],[-76.949027852700098,38.989359563953435],[-76.94902850308037,38.989352887505888],[-76.949029337615272,38.989344309086754],[-76.949029376242819,38.989343912493688],[-76.949028898339094,38.989337216494292],[-76.949028291077965,38.989328701611988],[-76.949028257840283,38.989328242178345],[-76.949026670517185,38.989321692107026],[-76.949024651104423,38.989313356667289],[-76.94902452084871,38.989312819032101],[-76.949021807038221,38.989306393243837],[-76.949018477881779,38.989298508159123],[-76.949014471395628,38.989291840782784],[-76.949009875614635,38.989284411639233],[-76.949004749827623,38.989278149233726],[-76.948998998813181,38.989271314280735],[-76.948986837420861,38.989260016253553],[-76.948972162542375,38.989249514902859],[-76.948968585450913,38.989247556372838],[-76.948968334820961,38.989247821001328],[-76.948952149874472,38.989239367552344],[-76.948934719863018,38.989232588453838],[-76.948916325959246,38.989227593328266],[-76.948897268200511,38.989224467359762],[-76.948877854708897,38.989223258028183],[-76.948858999071078,38.989223963238857],[-76.948848384577687,38.989225371565553],[-76.948840321299699,38.989226486636284],[-76.948839224456748,38.989226639548285],[-76.948820638313506,38.989231173843272],[-76.948802938807475,38.989237517247439],[-76.948786418789396,38.989245566422483],[-76.948771345058915,38.989255190101069],[-76.948771121378428,38.989198614051979],[-76.948569004032748,38.989199100019079],[-76.948556092547165,38.989199130042955],[-76.948555878748138,38.989145378286111],[-76.948333165727945,38.989145910336745],[-76.948333226813389,38.989161717545322],[-76.948333237593161,38.98916454467463],[-76.948333240288122,38.989165270832743],[-76.948333364255632,38.989196663201035],[-76.948124249033896,38.9891971631328],[-76.948124120574803,38.989164879126307],[-76.948124117879871,38.989163771036864],[-76.948124108896721,38.989161839735445],[-76.948124107998396,38.989161721734725],[-76.948124049607912,38.989146917183199],[-76.948124040624748,38.98914467866048],[-76.947902150461374,38.98914520791822],[-76.947902154952942,38.98914604369854],[-76.947902516974011,38.989238280410909],[-76.947902627466789,38.989266405039942],[-76.947902640941521,38.989269848002039],[-76.947909226490864,38.989269830546355],[-76.947913021872935,38.989269821469399],[-76.947923985810974,38.989269795634939],[-76.94806221317701,38.989269463976669],[-76.948068822980872,38.989269449313888],[-76.948095536182464,38.98926938437868],[-76.948118169236068,38.989269331313345],[-76.948118372255294,38.989320842364194],[-76.94811944394543,38.989320840967714],[-76.948202934266277,38.989320639180008],[-76.94822835030061,38.989320578434224],[-76.948342298899433,38.989320304729056],[-76.948342103965018,38.989270362596066],[-76.948520327920761,38.989269935280554],[-76.94854974505138,38.989269864061292],[-76.948549944477364,38.989321370922376],[-76.94855135393405,38.989321367431231],[-76.948769487342929,38.989320845157103],[-76.948771582214164,38.989315364071416],[-76.948777413178675,38.989304364892639],[-76.94878513419853,38.989294098851246],[-76.948785613000581,38.98929419241378],[-76.948785958851957,38.989294353006166],[-76.948788024078809,38.989295290725934],[-76.948806427864028,38.989304554810545],[-76.948807789710003,38.98930524047006],[-76.948809182098699,38.989305956851588],[-76.94881007592241,38.989306414888894],[-76.948806468210762,38.989310790309325],[-76.948803276574012,38.989315477882492],[-76.948800644855154,38.989320268677453],[-76.948798498435011,38.989325295658752],[-76.948796917421603,38.989330376987404],[-76.948795873557771,38.989335595210534],[-76.94879539434433,38.989340833160853],[-76.948795475604086,38.989346092359071],[-76.948796119916366,38.989351343020857],[-76.948797313557151,38.98935649664184],[-76.948799073563535,38.989361608475718],[-76.948801339806266,38.989366516898279],[-76.94880662549339,38.989374824402674],[-76.948813420350191,38.989382444850854],[-76.948821577951293,38.989389207177496],[-76.948830952769598,38.989394978021629],[-76.948841300463371,38.989399605169936],[-76.94885211258611,38.989402917557193],[-76.948863458308153,38.989404991988522],[-76.948875088796143,38.989405774002364],[-76.948876463218525,38.989405779588161],[-76.94888888063069,38.989404994083188],[-76.948900928835286,38.989402751379252],[-76.948912464101852,38.989399066138922],[-76.948923069612107,38.989394082894947],[-76.948923625669266,38.989394690352178],[-76.948925600166248,38.989396849269205],[-76.948937604353389,38.989409976628203],[-76.948939466560986,38.989412013355071],[-76.948926064595241,38.989418587856008]]]},"properties":{"BUILDINGID":"407","NAME":"Riggs Alumni Center"}},{"type":"Feature","geometry":{"type":"Polygon","coordinates":[[[-76.941383300125025,38.98164832776628],[-76.941383391753192,38.981651005060449],[-76.94138680804619,38.981650933135207],[-76.941475248084231,38.981649058889651],[-76.94147883685379,38.981648982774622],[-76.94147871468293,38.981645482879237],[-76.941478675157057,38.98164432579091],[-76.941478358950079,38.981635226899975],[-76.941542452847273,38.98163386730355],[-76.941545159471232,38.981633810042638],[-76.941544839670982,38.981624702770731],[-76.941656515532159,38.981622336220596],[-76.941658950864905,38.98162228524447],[-76.941693524325245,38.981621552025871],[-76.941693765073737,38.981621547836085],[-76.941695444923312,38.981621512222581],[-76.941881313542112,38.981617573791347],[-76.941886147376664,38.981617469744144],[-76.941887938617356,38.981617432734055],[-76.941913341176942,38.981616894342096],[-76.941916116971186,38.981616834986283],[-76.94191809685806,38.981616793088101],[-76.941957375693846,38.981615961408664],[-76.94199614967647,38.981615140203843],[-76.941996241304622,38.9816151381089],[-76.941997216875023,38.981615117858119],[-76.941999879481529,38.981615060597207],[-76.941996303288363,38.981512221371915],[-76.941996243101258,38.981510502146307],[-76.94199616674446,38.981508320642995],[-76.94199520375048,38.981508338798918],[-76.941991182891257,38.981508424690418],[-76.941990863989332,38.981508431673426],[-76.941990153421941,38.981508446337806],[-76.941970897135505,38.981508854147677],[-76.941965704873169,38.981508963781472],[-76.941943226329812,38.981509440025143],[-76.941939498321389,38.981509519631842],[-76.941927004552426,38.981509784289251],[-76.941908462426625,38.981510177434679],[-76.941888809983169,38.981510592925858],[-76.941870427757507,38.981510983278078],[-76.941857748037279,38.981511251427015],[-76.941710968709728,38.981514360976789],[-76.94169796290106,38.981514637505363],[-76.941680281361315,38.981515012494853],[-76.94166236356466,38.981515392372494],[-76.941643797184369,38.981515784819571],[-76.941632892535139,38.981516017354942],[-76.941536414371939,38.981518061291993],[-76.941536775494683,38.981528459742322],[-76.941517089813544,38.981528877328287],[-76.941490275102311,38.981529445049674],[-76.941481727632393,38.981529625212218],[-76.941474752214205,38.981529773252738],[-76.941455509402502,38.981530181062439],[-76.941435554226771,38.981530602838241],[-76.941417168407867,38.981530993888605],[-76.941404439280277,38.981531262037464],[-76.941316894862595,38.981533118828544],[-76.941316481637557,38.981521246258382],[-76.941252959967187,38.981522590494329],[-76.941244513108572,38.981522769260209],[-76.941227163047174,38.981523137964913],[-76.941209902817292,38.981523503178138],[-76.941193704396099,38.981523846045555],[-76.941181560071769,38.98152410232327],[-76.941038906706339,38.981527123886174],[-76.941018770070926,38.981527550550112],[-76.941001322991482,38.981527920651367],[-76.940983760927679,38.981528291450999],[-76.940967885001655,38.981528628731965],[-76.94094776453592,38.981529055395889],[-76.940856969115217,38.981530977827653],[-76.940857344611004,38.981541754756904],[-76.940859037037001,38.981590400006226],[-76.940859442177185,38.981602082626225],[-76.940859670349283,38.98160865855079],[-76.940859814079715,38.981612807870206],[-76.94085995421689,38.981616816830403],[-76.940860046743381,38.981619468986828],[-76.940860634241574,38.981636393764752],[-76.940859075664548,38.981637055057881],[-76.94097326411358,38.981634636135411],[-76.940976323775445,38.981634571193247],[-76.940979070823587,38.981634513234035],[-76.941004058361528,38.981633982523562],[-76.941012130622667,38.981633812835859],[-76.941014315325447,38.981633766049526],[-76.941015616085977,38.981633738815702],[-76.941207911252306,38.981629664914294],[-76.941209399760737,38.981629633490641],[-76.941212980445471,38.98162955877217],[-76.941238126985212,38.981629025966768],[-76.94124208675899,38.981628940773732],[-76.941244007357071,38.981628900272177],[-76.941313477671258,38.981627428947021],[-76.941313868438399,38.98163874983986],[-76.941322781522643,38.981638560599706],[-76.941324558390278,38.981638523589631],[-76.941382915646074,38.981637284799689],[-76.941383253412624,38.981646995403864],[-76.941383300125025,38.98164832776628]]]},"properties":{"BUILDINGID":"024","NAME":"Allegany Hall"}},{"type":"Feature","geometry":{"type":"Polygon","coordinates":[[[-76.939916327011531,38.990046553914766],[-76.939920127783509,38.990046525985946],[-76.940427780123613,38.990042797489473],[-76.940478653514774,38.990042423243381],[-76.940478976009956,38.98996691695789],[-76.940493076864982,38.989966955360075],[-76.940493563751872,38.989966956756483],[-76.940496065559927,38.989966964436945],[-76.940496058373412,38.989966725645353],[-76.94049605388183,38.989966541314985],[-76.940495893083394,38.98995997454535],[-76.940494327319854,38.989895920406546],[-76.940487896280743,38.989896013968234],[-76.940478415461214,38.989896152914376],[-76.940476775137512,38.989809981821274],[-76.940426458701808,38.989810565535393],[-76.940408632533334,38.989810771511067],[-76.94036507322518,38.989811276326037],[-76.940347430313011,38.989811480905239],[-76.94031812637013,38.989811820939629],[-76.940292264771429,38.989812120477154],[-76.940257305933827,38.989812526144483],[-76.940255347606509,38.989812549185807],[-76.94020460536936,38.989813136391014],[-76.94019055482002,38.989813299775115],[-76.940187912874748,38.98967438755539],[-76.940202574278501,38.989674216490485],[-76.940253844725035,38.989673623698337],[-76.940255529964503,38.98967360275163],[-76.940274056818922,38.98967338909511],[-76.940285399846033,38.989673257130789],[-76.940342752785327,38.989672593817964],[-76.940357859753462,38.989672418563735],[-76.940370927545914,38.989672266350937],[-76.94042439527162,38.989671647724471],[-76.940432456752973,38.989671553464248],[-76.940429864215062,38.989535297713772],[-76.940429331514096,38.98948073068442],[-76.940428980272813,38.98944488655183],[-76.940427935532156,38.989440821478574],[-76.94042612003696,38.989436505043678],[-76.940422857355856,38.989432450443353],[-76.940422242009873,38.989431880690667],[-76.940420371717451,38.989430151183925],[-76.940420044730686,38.989429919372796],[-76.940417649822152,38.98942822198444],[-76.940416286179556,38.989427255639136],[-76.940415271083282,38.989426645389216],[-76.940414881214451,38.989426471530876],[-76.940414849773404,38.989426457566317],[-76.940414817434061,38.989426444300044],[-76.940410755252344,38.989424624023748],[-76.940410459706612,38.989424538141904],[-76.940404443689147,38.989422786990012],[-76.940394452626578,38.989421044216769],[-76.940376836663845,38.9894179734167],[-76.940346328080153,38.98941265362884],[-76.940322833542226,38.989408556435329],[-76.940297728324978,38.989404179252752],[-76.940259372058975,38.98939749163776],[-76.94021467099212,38.989389697332712],[-76.94020916162448,38.989389761569576],[-76.940188922581129,38.989389996173792],[-76.940188683629273,38.989377366646806],[-76.940188436592564,38.98936450111691],[-76.94020901160583,38.989364264417944],[-76.940217399175651,38.989364166666171],[-76.940216949119673,38.989340570079911],[-76.940216563742425,38.989320285178671],[-76.940215224354333,38.989249956881274],[-76.940206785580571,38.989250052538537],[-76.940187708957183,38.989250274575049],[-76.940187496056467,38.989239120379523],[-76.940187241833229,38.989225777934493],[-76.940143250435455,38.989225121599773],[-76.940143264808512,38.989210550269888],[-76.940038492500292,38.989211279918671],[-76.93997405454833,38.989212026324971],[-76.939938238717943,38.989212441072709],[-76.939753282787464,38.989214583237789],[-76.939742986297688,38.98921470193666],[-76.939683758574361,38.989215387597049],[-76.939680722268719,38.989215422508444],[-76.939680358451028,38.989215426697832],[-76.939669407089397,38.989215553775388],[-76.939666304308403,38.989215590083312],[-76.939628678372728,38.989216025777878],[-76.939606308525526,38.989216284820657],[-76.939528471302779,38.989217186233589],[-76.939439141932624,38.989218221008215],[-76.939423386380852,38.989218403944051],[-76.93934910469001,38.989219263463269],[-76.939346567847636,38.989219292788896],[-76.939254676482278,38.989220356889057],[-76.939215505444309,38.989220810039285],[-76.939210833306518,38.989220865199343],[-76.939141043192109,38.989221671653198],[-76.939127927788945,38.989221823168727],[-76.939124828601223,38.989221858778407],[-76.939122050112047,38.989221890896893],[-76.939122978071751,38.989270653058867],[-76.939055308879702,38.989271435074187],[-76.939053165499431,38.989158902984094],[-76.938948530633454,38.989160115109733],[-76.938918977857242,38.989160457241979],[-76.938815575479822,38.989161655402988],[-76.938815707532186,38.989172760734697],[-76.938815733583311,38.989174880557641],[-76.938819678085736,38.989502607494146],[-76.938820280855296,38.989552525025388],[-76.938820981541213,38.989610810045484],[-76.938821709176594,38.989671160364139],[-76.938822282301743,38.98971871498815],[-76.938822303861315,38.989720582037805],[-76.938824149899233,38.98987383983755],[-76.938824193018348,38.989877416130504],[-76.938824448139897,38.989898502430599],[-76.938907175791044,38.989897895675917],[-76.938995057975276,38.989897251217194],[-76.939036547564996,38.989896946094319],[-76.939059582165513,38.989896777124656],[-76.939058121504843,38.989775572703586],[-76.939052834021098,38.989336869475331],[-76.939122685220966,38.989336356976516],[-76.939123429924337,38.989398198941423],[-76.939123533230585,38.989406771768166],[-76.939254518378789,38.989405858487757],[-76.93936837714611,38.989404541632375],[-76.939369122747792,38.989443761011131],[-76.939324358798871,38.989444278396746],[-76.939328647356035,38.989634727724834],[-76.93933274277542,38.989816719669285],[-76.939333057185763,38.989830677835123],[-76.939335353279645,38.98993264267326],[-76.939336125830778,38.989996733784594],[-76.939452383099905,38.989995879162343],[-76.93945282596934,38.990032724962276],[-76.939454002762346,38.990032716583599],[-76.939575069611521,38.990031828447208],[-76.939577626216817,38.990031808198836],[-76.939576780003804,38.98996139472716],[-76.939651857601987,38.989960843132494],[-76.939652275318622,38.989995567057669],[-76.939842371409142,38.989994172710688],[-76.939892761506698,38.989993801955457],[-76.93989269413305,38.989988074449904],[-76.939904879779874,38.989987984379397],[-76.939915618240775,38.989987905480447],[-76.939916327011531,38.990046553914766]],[[-76.939914776519359,38.989830955029433],[-76.939648533835452,38.989834923027352],[-76.93964861827709,38.989838465109379],[-76.93957573795808,38.989839550146904],[-76.939574681539312,38.98979629386357],[-76.939574381502013,38.989784044940599],[-76.939590438887706,38.989783805450102],[-76.939590392175319,38.989781815514881],[-76.939586101821533,38.989606423100213],[-76.939584562109118,38.989543552831449],[-76.939583586538717,38.989503695329716],[-76.939570464847364,38.989503888040034],[-76.939568521791415,38.989424413857584],[-76.939568283737856,38.989414688260965],[-76.939568121142798,38.989408032067189],[-76.939869848178731,38.989403536884254],[-76.939977703505008,38.989401930264698],[-76.939981306647624,38.989550433142774],[-76.939929712807597,38.98954972653889],[-76.939930347916501,38.989582403470457],[-76.939982083690325,38.989580967920098],[-76.939982416066997,38.989594600759702],[-76.939986172821506,38.989594544901706],[-76.9399862428901,38.989597307078817],[-76.939986521367857,38.989608628093606],[-76.93991233759337,38.989609734779613],[-76.939912958329217,38.989635045416932],[-76.939916240773258,38.989634999334129],[-76.939916348571103,38.989639420490576],[-76.93991083291526,38.989639503579269],[-76.93991174470527,38.98967668331575],[-76.939916776169184,38.989676610002242],[-76.939916867797336,38.989680297322778],[-76.939910719727536,38.989680385997211],[-76.939911945029579,38.989730354373371],[-76.939917879300353,38.989730266397238],[-76.939917974521762,38.989734052862715],[-76.939911193139693,38.989734152708628],[-76.939914776519359,38.989830955029433]]]},"properties":{"BUILDINGID":"091","NAME":"Chemistry Building"}},{"type":"Feature","geometry":{"type":"Polygon","coordinates":[[[-76.933497392690981,38.984449095701756],[-76.933528519315558,38.984440184309193],[-76.933547032695259,38.984479584498693],[-76.933691683913878,38.984438175370286],[-76.93367378767681,38.98440089372707],[-76.933674623110008,38.984400650028739],[-76.933673234314583,38.984397697019538],[-76.93370309700957,38.984389150120606],[-76.93368731989824,38.984356276670781],[-76.933685313061915,38.984352096787987],[-76.933678725715922,38.984338370766189],[-76.933663717562467,38.984342758037954],[-76.933662998910236,38.984341261631293],[-76.933662077238765,38.984341524881536],[-76.933658135431287,38.984333132294978],[-76.933647047525753,38.984309542410898],[-76.933644969722494,38.984305120223262],[-76.93367253183203,38.984297225503887],[-76.933661257076906,38.984273232701881],[-76.933634516925849,38.984281053406598],[-76.933634193532342,38.984280383758794],[-76.933633200893951,38.984280667259284],[-76.933625324465538,38.984263907906971],[-76.933618561948094,38.984249514314854],[-76.933614883346991,38.984241688718726],[-76.933632197475774,38.984236733042742],[-76.933618249334359,38.984207052048781],[-76.933617217170095,38.984204855266505],[-76.933608105558164,38.984185468275768],[-76.933578109014206,38.984194238648243],[-76.933558822185063,38.984154052038392],[-76.933414170966429,38.984196342559876],[-76.93343242832627,38.984234383338595],[-76.933401629586754,38.984243386231462],[-76.933425982914102,38.984295208181578],[-76.933441975621108,38.984290629578986],[-76.933451131250493,38.984310112204852],[-76.933458271958671,38.984325303914993],[-76.933459751483952,38.984328455936051],[-76.93345751018731,38.984329096954092],[-76.933458301603082,38.984330744188789],[-76.933455804286595,38.984331474586163],[-76.933447739211957,38.984333831968158],[-76.933434085717963,38.984337823317333],[-76.933445452101253,38.984361505364461],[-76.933471498752908,38.984353889961952],[-76.933473974509852,38.98435904673331],[-76.933481805124174,38.984375360562879],[-76.933490009437662,38.984392455759611],[-76.933485505284821,38.984393772009945],[-76.93348537143585,38.984393811811678],[-76.933473099550753,38.984397398855684],[-76.933497392690981,38.984449095701756]]]},"properties":{"BUILDINGID":"246","NAME":"Leonardtown 246"}},{"type":"Feature","geometry":{"type":"Polygon","coordinates":[[[-76.942094387639301,38.992732858036554],[-76.942113812809012,38.992732875491384],[-76.942141765685705,38.992732902720981],[-76.942141796228412,38.992714814612079],[-76.942141822279567,38.992698340025214],[-76.942171963452296,38.992698369349348],[-76.9421719805203,38.992687824522534],[-76.942171983215232,38.99268668995694],[-76.942172276066017,38.992502299408393],[-76.942218895036007,38.99250234479117],[-76.942221714847676,38.992502346885743],[-76.942230471625081,38.992502354565872],[-76.942230585711116,38.992432086682399],[-76.942230591999305,38.992426771310285],[-76.942230745611241,38.992330060512643],[-76.942230751001119,38.9923276279916],[-76.942230959410253,38.992196098576734],[-76.942230961206903,38.992193671636677],[-76.942231061818219,38.992130673102707],[-76.942231082479466,38.99211744082011],[-76.94223109775082,38.992107897823708],[-76.942231107632296,38.992101382919593],[-76.942231112123864,38.992098291988036],[-76.942231235193049,38.992021572328177],[-76.942222974285713,38.99202156534615],[-76.942221885527573,38.992021561855196],[-76.942172164674915,38.992021515773935],[-76.942172471000433,38.991829224027406],[-76.942172472797068,38.991828239561556],[-76.942172479983583,38.991824119467218],[-76.94215607764481,38.991824102012117],[-76.942156101001018,38.991808539769174],[-76.942156105492586,38.99180585866992],[-76.942156136933619,38.991786146303639],[-76.94215614052689,38.991783490338861],[-76.942156145018458,38.991780429416139],[-76.9421241389432,38.99178039660061],[-76.942090903074302,38.991780365181455],[-76.942086008154348,38.991780359595843],[-76.942084755004515,38.991780358199406],[-76.942084728953375,38.991796800882597],[-76.942084707393803,38.991809373423408],[-76.942084697512328,38.991815202021037],[-76.942084697512328,38.991815250895236],[-76.942084697512328,38.991815297674783],[-76.942084683139299,38.99182403358828],[-76.942024221130779,38.991823974241036],[-76.942023937263144,38.992002619664675],[-76.942023914805276,38.99201610262282],[-76.942023788142819,38.992096221126651],[-76.942005897295601,38.99209620436983],[-76.942005847888268,38.992127660370777],[-76.9420058433967,38.992130560692523],[-76.942005793989352,38.992162501926835],[-76.942005677208371,38.992234931002955],[-76.942005645767338,38.992254960226418],[-76.942005625106091,38.99226836424009],[-76.942005596359991,38.99228578987303],[-76.942005474189116,38.992364041789841],[-76.94200542837504,38.992392160289427],[-76.942005417595269,38.992398100550567],[-76.942005380764328,38.992422526273515],[-76.94202502691958,38.992422546521254],[-76.942024960444272,38.992463382647074],[-76.942024936189739,38.992478872133681],[-76.942024909240288,38.992496206251055],[-76.942024869714416,38.992520395949946],[-76.942024787069414,38.992572695690143],[-76.942024784374468,38.992574789578008],[-76.942024586745106,38.992698227615932],[-76.942070824829401,38.992698272998538],[-76.942070812252993,38.992706582904646],[-76.942070779913635,38.992726607107237],[-76.942070769133849,38.992732836392541],[-76.94209053925664,38.99273285524378],[-76.942094387639301,38.992732858036554]]]},"properties":{"BUILDINGID":"098","NAME":"Centreville Hall"}},{"type":"Feature","geometry":{"type":"Polygon","coordinates":[[[-76.946684449957772,38.986222426539072],[-76.946684616146101,38.986230434859792],[-76.946697688430106,38.986230270769212],[-76.946701644610627,38.986230221192891],[-76.946726762404282,38.986229903485508],[-76.946730370936777,38.986229858098753],[-76.946730630549879,38.986229856003995],[-76.9467654546402,38.986229416799752],[-76.946765787016844,38.986229412610179],[-76.946769430583643,38.986229365128672],[-76.946793095801482,38.986229066274255],[-76.946796009936264,38.986229029964854],[-76.946796281227478,38.986229027171824],[-76.946808863929675,38.98622886866724],[-76.946808601621612,38.986216230197158],[-76.946808596231719,38.986215959971283],[-76.94680853424795,38.98621291975558],[-76.94680706011259,38.986141830759976],[-76.94680700531535,38.986139218573719],[-76.946806777143266,38.986128160945874],[-76.946806327985612,38.986106540750839],[-76.946806307324366,38.986105487077765],[-76.946824671583727,38.986105253160936],[-76.946824530548213,38.986098454909317],[-76.946824476649311,38.986095892297875],[-76.946824472157729,38.986095674440989],[-76.946824338308758,38.986089209258161],[-76.946824291596357,38.986086902209266],[-76.946823329500688,38.986040460964468],[-76.946821984722718,38.985975517186212],[-76.946821858060247,38.985969495387806],[-76.946821171747359,38.985936365013586],[-76.946821000169166,38.985928064786535],[-76.946819332895998,38.985847617402023],[-76.946818871161938,38.985825213671376],[-76.946818419309352,38.985803579418601],[-76.946818369902005,38.985801074752239],[-76.946801260589112,38.98580129261002],[-76.946801252504272,38.985800831058718],[-76.946800805143255,38.985779346226629],[-76.9468005841577,38.985768712387937],[-76.946800523970566,38.9857658118055],[-76.946799039055406,38.985694069484765],[-76.946798974376705,38.985690882611323],[-76.946798713865263,38.985678347388202],[-76.946783312249735,38.985678540807157],[-76.946779647123378,38.98567858689254],[-76.946760248004807,38.985678832681245],[-76.946757200919365,38.985678871783982],[-76.946720935931353,38.985679327749985],[-76.946717042632912,38.985679376628418],[-76.946696581705694,38.985679634985871],[-76.946693328007711,38.985679675485152],[-76.946674515489036,38.985679912894661],[-76.946675638383141,38.985734082051209],[-76.946675667129227,38.985735470197689],[-76.946677053229706,38.985802335115451],[-76.946659907984198,38.985802548783646],[-76.94666205136447,38.985905880335366],[-76.946631872462504,38.98590625949118],[-76.94662808875853,38.985906306274693],[-76.946627432988365,38.985906316050304],[-76.946628021384882,38.985934716419706],[-76.946628062707376,38.985936732997033],[-76.946628111216398,38.985939124540366],[-76.94662814175912,38.985940558069814],[-76.946628667273572,38.985965889570416],[-76.946628719375852,38.985968454281391],[-76.946628770579821,38.985970931011401],[-76.94662885861473,38.985975203667266],[-76.946628897242277,38.985977038695722],[-76.946629158652016,38.985989663941552],[-76.946629442519651,38.986003273731953],[-76.946663367396354,38.986002845000229],[-76.946663915368688,38.986029222471927],[-76.94666552784463,38.986107097961664],[-76.946682055049223,38.986106890578668],[-76.946682159253783,38.98611189360539],[-76.946682416171953,38.986124280022558],[-76.946683925341645,38.986197041364349],[-76.946684175971612,38.986209161730294],[-76.946684449957772,38.986222426539072]]]},"properties":{"BUILDINGID":"060","NAME":"Anne Arundel Hall"}},{"type":"Feature","geometry":{"type":"Polygon","coordinates":[[[-76.94734649754237,38.992778839668446],[-76.947346550542989,38.99283398924068],[-76.947406834685069,38.992833952934667],[-76.947410770204314,38.992833950840058],[-76.947415096490744,38.992833948047291],[-76.94743189408824,38.992833937574424],[-76.947439448919766,38.992833933385249],[-76.94744317962315,38.992833931988841],[-76.947443484152032,38.992833931988841],[-76.947498080161736,38.992833898475588],[-76.947498050517325,38.99280348169988],[-76.947497943617805,38.992694318426857],[-76.947497825040188,38.992574802145526],[-76.947545631582983,38.992574950162947],[-76.947545644159391,38.992570792409516],[-76.947545651345919,38.99256834593281],[-76.947545738482503,38.992541100946042],[-76.947545746567343,38.992538590932526],[-76.947545763635318,38.992533606513184],[-76.94754583909382,38.992509446143018],[-76.947546291844716,38.992365716765455],[-76.947546471507763,38.992308657955078],[-76.947546479592603,38.992305852595543],[-76.947546499355539,38.992299715434811],[-76.947537621305599,38.992299573700592],[-76.947518160203288,38.992299263002444],[-76.947498235570279,38.992299274871804],[-76.947498068483625,38.992133154504486],[-76.947497975058852,38.992040474017969],[-76.947487683958954,38.992040478905409],[-76.947482543798898,38.992040483094577],[-76.947478619059424,38.992040485189214],[-76.947475200071437,38.992040487283802],[-76.947470545899961,38.992040489378383],[-76.947467134996828,38.99204049147302],[-76.947443624289221,38.992040506135226],[-76.947411685587596,38.992040525684864],[-76.947410714508777,38.992040526383022],[-76.947407973748838,38.992040527779444],[-76.947406716107452,38.992040528477659],[-76.947402224531032,38.992040530572247],[-76.947346584678954,38.992040565482291],[-76.947346590967172,38.992046655886057],[-76.947346677205431,38.99213308747732],[-76.947346839800502,38.992299580682584],[-76.947322497252941,38.992299596741155],[-76.947322500846198,38.992303584848393],[-76.94732250354113,38.992304551154433],[-76.947322521507445,38.992326799929039],[-76.947318746786621,38.992326800627197],[-76.947318761159664,38.992341156968926],[-76.947318782719236,38.992361748211223],[-76.947318930042925,38.992511529559842],[-76.947318952500822,38.992532650683181],[-76.947318966873866,38.992548331460185],[-76.947322046298666,38.992548331460185],[-76.947321603429231,38.992569518202927],[-76.94732158276797,38.992570459370292],[-76.9473215135977,38.992573878433092],[-76.947346296319765,38.992574189130032],[-76.947346395134446,38.992675714342461],[-76.94734649754237,38.992778839668446]]]},"properties":{"BUILDINGID":"258","NAME":"Hagerstown Hall"}},{"type":"Feature","geometry":{"type":"Polygon","coordinates":[[[-76.937564380392544,38.99128620107205],[-76.937564032744518,38.991291714122767],[-76.937637205914299,38.991291412496899],[-76.937697367885519,38.991291168124064],[-76.937741422165359,38.991290987288195],[-76.937943110116336,38.991290159911678],[-76.937943401170486,38.991284562377743],[-76.93796127315305,38.991284482782028],[-76.937960640739078,38.991290222750422],[-76.937969397516483,38.991290184348955],[-76.938012455564689,38.991289997927424],[-76.938020947339069,38.991289960224186],[-76.938021314750017,38.991289958129578],[-76.938066445211575,38.991289762631354],[-76.938075922437818,38.991289721437056],[-76.938120281246555,38.991289528731649],[-76.938129633606977,38.991289487537351],[-76.938129826744756,38.991284821412904],[-76.938146035945749,38.991284186043558],[-76.938145810468598,38.991290097072991],[-76.938525231895156,38.991288851469832],[-76.938525074690006,38.991283657500041],[-76.938541581233338,38.991283462001803],[-76.938541572250173,38.991288840298537],[-76.9385954576925,38.991287938911924],[-76.938595444217782,38.991287540933314],[-76.938593227175659,38.991126675710099],[-76.938591233814037,38.990982044926746],[-76.938591226627523,38.990981475186501],[-76.938539625600967,38.990981770529793],[-76.938539673211679,38.990986909363073],[-76.938522567492029,38.990987008509045],[-76.938521494005272,38.990872952156579],[-76.93852125056182,38.990846963299482],[-76.938520451959533,38.990762286143855],[-76.93852041063704,38.990757757532712],[-76.938520069277217,38.990721546088196],[-76.93852006568396,38.990721187904633],[-76.938519992022123,38.990713335095386],[-76.938519935428246,38.990707436585645],[-76.938519891410792,38.990702606342602],[-76.938519385659291,38.990649000956111],[-76.938519364998044,38.990646719889831],[-76.938519329065429,38.990642928585643],[-76.938507732713433,38.990642995614223],[-76.938385839414209,38.990643694526867],[-76.938347270247476,38.990643914464378],[-76.938346617172286,38.990574392524159],[-76.938311010649358,38.990574596402979],[-76.938310860630708,38.990558385941505],[-76.938341958509213,38.990558207896569],[-76.938341671946645,38.990527804107167],[-76.938308692995932,38.990527992625388],[-76.938308658859938,38.990524506435065],[-76.93814156233563,38.990525943362691],[-76.938069351261518,38.990526186341711],[-76.938069237175469,38.990546706894129],[-76.93803167681682,38.990547148166215],[-76.938031687596592,38.990550536605284],[-76.938032759286727,38.990824241369786],[-76.938032915593595,38.990864022720949],[-76.938021908536413,38.990855713994897],[-76.938012301054442,38.990849580199487],[-76.938002036005713,38.99084414461597],[-76.937991186153695,38.990839442853343],[-76.937980619271016,38.990835787012756],[-76.937979840431666,38.990835517502703],[-76.937978813657281,38.990835245898062],[-76.937968503692787,38.990832510999596],[-76.937968090467749,38.990832400682024],[-76.937956032381678,38.99083011892337],[-76.937954188140409,38.990829904572131],[-76.937952624173491,38.990829720942237],[-76.937943761394905,38.990828684794764],[-76.937939363243274,38.990828419473978],[-76.937927404870209,38.990828292399321],[-76.937915485124705,38.990829029711797],[-76.93790370461808,38.990830627222145],[-76.937892163063296,38.990833069569618],[-76.93788096466497,38.990836339997067],[-76.937870197457968,38.990840405688346],[-76.937868146604188,38.990841373410809],[-76.937864526393582,38.990843081238438],[-76.937859965646879,38.990845232430914],[-76.937855672598161,38.990847708990302],[-76.937852290441086,38.990849659097513],[-76.937850350978408,38.990850779728341],[-76.937841436097514,38.99085700010199],[-76.937833299157674,38.990863836996482],[-76.937831843886912,38.990865313715354],[-76.93782925853553,38.990867935502187],[-76.937826005735886,38.990871235252918],[-76.93782315538148,38.990874763318864],[-76.937820915881488,38.99087753661734],[-76.937819627697365,38.990879128540897],[-76.93781421624611,38.990887448435579],[-76.937809815399532,38.990896125813748],[-76.937833174291839,38.990904086825559],[-76.93782972835443,38.990911382440636],[-76.937827112460326,38.990919363000614],[-76.937825581731076,38.99092751392336],[-76.937796305635956,38.990927555816036],[-76.937796422416938,38.990924715491168],[-76.937790621995148,38.990925045047071],[-76.937791622718393,38.990894429158772],[-76.937664892889686,38.990894709141763],[-76.93756741579989,38.990894920699965],[-76.937564506156676,38.990894925587476],[-76.93756441722347,38.990896484694709],[-76.937564410935266,38.990896584538987],[-76.937562109451505,38.990988708652864],[-76.937546455409361,38.990988668854833],[-76.937546418578435,38.990983872145065],[-76.937496910626507,38.990984913177762],[-76.937497653533242,38.99104728015292],[-76.937497691262479,38.99105040604092],[-76.937498143115064,38.991126234441573],[-76.937498832122884,38.991146027285801],[-76.937496562080156,38.991146110372725],[-76.937493372162606,38.991146223482644],[-76.93749395247427,38.991291332901184],[-76.937548135258936,38.991290877669549],[-76.937547870255926,38.991285950415374],[-76.937564380392544,38.99128620107205]]]},"properties":{"BUILDINGID":"225","NAME":"Kim Engineering Building"}},{"type":"Feature","geometry":{"type":"Polygon","coordinates":[[[-76.943614898547096,38.982218592627717],[-76.943615764523031,38.982254022139522],[-76.943616358309427,38.982278304022472],[-76.943636861457463,38.982277999565021],[-76.943650222999011,38.982277800550349],[-76.943756671563548,38.98227621471802],[-76.943819416191204,38.982275281095021],[-76.943910106509009,38.98227393128699],[-76.943962663343044,38.982273149194427],[-76.943961811740138,38.982238269252157],[-76.94396102930753,38.982206145473555],[-76.943991735520555,38.982205687390305],[-76.943992635632483,38.982205674122682],[-76.943990771628279,38.982129457687968],[-76.943989646937524,38.982129473748792],[-76.943957848373103,38.982129949988284],[-76.943957812440487,38.982128482165088],[-76.943955906215464,38.982050515011316],[-76.943952616584895,38.981915968695141],[-76.943951777558411,38.981915981962864],[-76.94360930563613,38.98192107815963],[-76.943610209341315,38.981957975647084],[-76.943575877527778,38.981958486104446],[-76.943576695893,38.981991933971777],[-76.943576772249799,38.981994993222855],[-76.943577108219714,38.98200876369188],[-76.943545425537963,38.982009233647496],[-76.943544744614982,38.982009244122011],[-76.94354652597417,38.982082150749648],[-76.943546583466372,38.98208450820654],[-76.943547409916434,38.98208449563716],[-76.943578203266043,38.982084037553122],[-76.943610132984503,38.982083562011574],[-76.943611597238416,38.982083540364307],[-76.943614898547096,38.982218592627717]]]},"properties":{"BUILDINGID":"233","NAME":"Susquehanna Hall"}},{"type":"Feature","geometry":{"type":"Polygon","coordinates":[[[-76.943873699587186,38.992478012654004],[-76.94387369689224,38.99250554462364],[-76.94393213230147,38.992505552303825],[-76.943932113436844,38.992696214722208],[-76.943980331408042,38.992696220307749],[-76.94398582011442,38.992696218911391],[-76.94407134601768,38.992696225195147],[-76.944074843159086,38.992696224496939],[-76.944074854837183,38.992595247397091],[-76.944074855735494,38.992576543444741],[-76.944074864718644,38.992507713220526],[-76.944076528398554,38.992507715315099],[-76.944077330594098,38.992507716013314],[-76.944077334187369,38.992476559009269],[-76.944077339577248,38.992447163541648],[-76.944077341373884,38.992430792225591],[-76.944077340475559,38.992417895133627],[-76.94407734317052,38.99241639051931],[-76.9440169099081,38.992416386330106],[-76.94401691799294,38.99235099178042],[-76.944016920687872,38.99232837227045],[-76.944016934162605,38.992193009743893],[-76.944016937755876,38.992171348811127],[-76.944016939552498,38.992131540266783],[-76.944016943145769,38.992105986850405],[-76.94404850186001,38.992105990341408],[-76.944078215434658,38.992105991737773],[-76.944078219027901,38.992074018360817],[-76.944078223519497,38.99204461085656],[-76.944078227112755,38.99201460707657],[-76.944074449696998,38.992014606378355],[-76.944074457781824,38.991949490039808],[-76.944074456883527,38.991945842634969],[-76.944074458680149,38.991928768113823],[-76.944074459578459,38.991924881224719],[-76.944074463171702,38.991895659380248],[-76.944074470358231,38.991828217917273],[-76.944074470358231,38.991826399797397],[-76.943986060862926,38.991826393513563],[-76.943931660685948,38.991826389324331],[-76.943931661584259,38.991827646787456],[-76.943931661584259,38.99183161467343],[-76.943931641821322,38.992016164064495],[-76.943895588835716,38.9920161612717],[-76.943890091146173,38.9920161612717],[-76.943873746299573,38.992016157780682],[-76.943873745401262,38.992031585225298],[-76.943873744502966,38.992045009529122],[-76.943873740011369,38.992082588768888],[-76.943873738214748,38.992108386563672],[-76.943873736418112,38.992131471843187],[-76.943873705875404,38.992418986415373],[-76.943873703180444,38.992439985381928],[-76.943873699587186,38.992478012654004]]]},"properties":{"BUILDINGID":"122","NAME":"Cumberland Hall"}},{"type":"Feature","geometry":{"type":"Polygon","coordinates":[[[-76.940840164331192,38.988334581535874],[-76.940862302413066,38.988334331566939],[-76.940863324695854,38.988389912621415],[-76.940971346210446,38.988388701180831],[-76.940971232124411,38.988382512709165],[-76.940971013833803,38.988370617547616],[-76.940970689541984,38.988352912354202],[-76.940970605100333,38.988348283042725],[-76.940970362555205,38.988335018632306],[-76.940996831415063,38.988334721881529],[-76.940996774821201,38.988331607045367],[-76.940996338239984,38.988307843934415],[-76.940995977117225,38.988288247199542],[-76.940995969930697,38.988287880624817],[-76.94099567528329,38.988271878412725],[-76.940995372551058,38.988255442591246],[-76.940995031191235,38.988236881329023],[-76.940994797629259,38.988224146860603],[-76.940994090655124,38.988185784941386],[-76.940994068197242,38.988184601426866],[-76.940993522919868,38.988154916502204],[-76.940993452851288,38.988151116685692],[-76.940992326363897,38.988089907632784],[-76.940992108971599,38.988078105287904],[-76.940992091005299,38.988077136131217],[-76.940991932901809,38.988068591771224],[-76.940991038179789,38.988019915362955],[-76.940990778566672,38.988005853500418],[-76.940990727362703,38.988002966276234],[-76.940990696819995,38.988001407803509],[-76.940986309448135,38.988001455982094],[-76.940967098077465,38.988001671738409],[-76.940967078314529,38.988000550364212],[-76.940966851939095,38.987988257141311],[-76.940966765700821,38.987983608953535],[-76.940966091066045,38.987947013453663],[-76.940858146806562,38.987948224203556],[-76.940859152919671,38.988002946027223],[-76.940835149036971,38.988003217642785],[-76.940836891768612,38.988097899682771],[-76.940837140601957,38.98811152303265],[-76.940818982955122,38.988111725522067],[-76.940819830066431,38.988157708759701],[-76.940820287308895,38.988182501124925],[-76.940820336716229,38.988185139768831],[-76.940821087707832,38.988225958090673],[-76.940829387242729,38.988225865224976],[-76.940838161088109,38.988225766773375],[-76.940838426091133,38.988240177013019],[-76.940840164331192,38.988334581535874]]]},"properties":{"BUILDINGID":"237","NAME":"Geology Building"}},{"type":"Feature","geometry":{"type":"Polygon","coordinates":[[[-76.937039342058426,38.990875839263744],[-76.937095352016385,38.990875401484729],[-76.937095530781122,38.990875401484729],[-76.937119178930985,38.990875215760333],[-76.937174160317952,38.990874785661617],[-76.937172799370302,38.990768861915768],[-76.937174291471976,38.990768850046159],[-76.9371756263685,38.990768840969388],[-76.937175188888972,38.990734857529873],[-76.937174863698829,38.99070954868229],[-76.93717440645635,38.990674198809359],[-76.937171033282468,38.990674225341472],[-76.937169686707847,38.990569411457557],[-76.937151503009872,38.990569553195236],[-76.93713034139671,38.990569719370441],[-76.937116022251089,38.990569831783063],[-76.937092998430344,38.990570011224371],[-76.937035904205828,38.990570456685617],[-76.937035976071058,38.990576026347426],[-76.936983629442821,38.990576435501453],[-76.936930479720729,38.990576849542975],[-76.93682894583911,38.990577644809967],[-76.936669887439962,38.9905788869345],[-76.936670432717335,38.990621330715996],[-76.936670591719135,38.990633627670903],[-76.936670774975468,38.990647960616748],[-76.936671331032613,38.990691299467052],[-76.93667665085573,38.990691258970635],[-76.93672116507301,38.990690910561909],[-76.936781995390774,38.990690435078236],[-76.93678396090462,38.990690421113925],[-76.936797061036415,38.990690317080059],[-76.936817184197096,38.990690159981916],[-76.936817349487114,38.990703259172548],[-76.936878784371075,38.990702779499649],[-76.93687870531933,38.990696584946328],[-76.936878610097907,38.99068918108599],[-76.93694696739945,38.990688646952265],[-76.937037872414635,38.990687936170488],[-76.937037938889944,38.990693098066139],[-76.937038106874923,38.990706138606264],[-76.937039129157696,38.990785871084761],[-76.936791703484062,38.990787808625782],[-76.936771250641669,38.990787966421941],[-76.936682411751633,38.990788663238476],[-76.936682484515188,38.990794190292121],[-76.936672911169197,38.9907942643027],[-76.936672969559694,38.990798716108159],[-76.936673921773888,38.990872786680299],[-76.936684255992915,38.990872706385908],[-76.936712680485144,38.990872484354426],[-76.937039265701628,38.990869928199722],[-76.937039342058426,38.990875839263744]]]},"properties":{"BUILDINGID":"093","NAME":"Engineering Annex"}},{"type":"Feature","geometry":{"type":"Polygon","coordinates":[[[-76.93277526578018,38.983687319110579],[-76.932771076037668,38.983698964375577],[-76.932776948324687,38.98370025131095],[-76.932893967365189,38.98372589015932],[-76.932917172645588,38.983661375796721],[-76.932794284013042,38.983634447195314],[-76.93277526578018,38.983687319110579]]]},"properties":{"BUILDINGID":"207","NAME":"Temporary Building (West of 201)"}},{"type":"Feature","geometry":{"type":"Polygon","coordinates":[[[-76.939784672618444,38.977958007494948],[-76.939884644329794,38.978003176779602],[-76.939937349385815,38.977930135362215],[-76.939736902008249,38.977839564821892],[-76.939701220925187,38.977887612740524],[-76.939684156528045,38.97791272505048],[-76.939689567081004,38.97791504284082],[-76.939704939052135,38.977921985037923],[-76.939708368819907,38.97792353395576],[-76.939718786582247,38.977928241464681],[-76.939744684113563,38.977939940750716],[-76.939772264189415,38.977952400526696],[-76.939784672618444,38.977958007494948]]]},"properties":{"BUILDINGID":"283","NAME":"Graduate Gardens Apartment 4331"}},{"type":"Feature","geometry":{"type":"Polygon","coordinates":[[[-76.934608467661931,38.983386904548247],[-76.934633218942949,38.983380315521401],[-76.934704390666298,38.983361369621747],[-76.93472257795753,38.983356528403149],[-76.934728699976191,38.983354900697769],[-76.934722388413007,38.983340458040743],[-76.934718665794463,38.983331939643939],[-76.934768355206103,38.983318712001036],[-76.934763900460609,38.983308519109947],[-76.934763282419695,38.983307100191254],[-76.93474602668141,38.983267616253038],[-76.934745859594756,38.983267230798496],[-76.934737237564661,38.983247497898788],[-76.934736132636843,38.983244969400182],[-76.934724989934068,38.983219467242044],[-76.934720265693983,38.983220724858072],[-76.934687728714394,38.983229386417179],[-76.93466073703506,38.983236571097336],[-76.934659733616883,38.983236838541437],[-76.934508504035435,38.983277095500632],[-76.934506911322444,38.983277519360875],[-76.934525576517402,38.98332023636079],[-76.934525634907914,38.983320373224949],[-76.934530461555937,38.983331418023916],[-76.934534368329111,38.983340353996063],[-76.934542773865218,38.983359596672983],[-76.934546991455463,38.98336924419521],[-76.934547063320679,38.983369408990775],[-76.934550135558951,38.983376440732016],[-76.934598294241354,38.983363624388005],[-76.934608467661931,38.983386904548247]]]},"properties":{"BUILDINGID":"134","NAME":"House 9"}},{"type":"Feature","geometry":{"type":"Polygon","coordinates":[[[-76.939781747703876,38.97839766393691],[-76.93997129492378,38.978483374054825],[-76.939978890179503,38.978472648336805],[-76.939987495141594,38.978476581356318],[-76.939987639770365,38.97847660300468],[-76.94003365866574,38.978414596468291],[-76.939992943423817,38.978396185561294],[-76.939981018288421,38.978390793016601],[-76.939971792590441,38.978386622558311],[-76.939967815748673,38.978384823646543],[-76.939934673304592,38.978369838067373],[-76.939923200920092,38.978364651529645],[-76.939866232459721,38.978338892022734],[-76.939824831803207,38.978320172431545],[-76.939799907147346,38.978353755399716],[-76.939794815496313,38.978360614451937],[-76.939775010339247,38.978387301340213],[-76.939770943665948,38.978392779082064],[-76.939781747703876,38.97839766393691]]]},"properties":{"BUILDINGID":"280","NAME":"Graduate Gardens Apartment 4326"}},{"type":"Feature","geometry":{"type":"Polygon","coordinates":[[[-76.948780025479522,38.992846014912388],[-76.948781790669045,38.99284676826224],[-76.948829825383925,38.992867239268371],[-76.948876252114431,38.992800891403448],[-76.948940769118138,38.992708696338056],[-76.948968933997236,38.99266844683703],[-76.94897674215369,38.992657288990998],[-76.948978121965965,38.992655316591403],[-76.948987942348651,38.992641282181204],[-76.948991195148295,38.992636635695341],[-76.949013639555673,38.992646311277397],[-76.949015906903441,38.992647262218519],[-76.949019363620664,38.992642291072542],[-76.94902133811766,38.992639449420075],[-76.949033009029819,38.992622663420789],[-76.949035511736227,38.992619061433302],[-76.949049943171261,38.992598303397216],[-76.949052179976306,38.992595085415829],[-76.949053024392683,38.992593869159869],[-76.949072411833129,38.992566164770309],[-76.949095972846408,38.992532492890916],[-76.949101876574446,38.992524057987325],[-76.949125010887968,38.992490996311339],[-76.949145059488472,38.992462343730743],[-76.949145245439738,38.992462078416125],[-76.94914749661784,38.992458867410463],[-76.949161809475271,38.992438449349216],[-76.949164579879607,38.992434499650379],[-76.949176319063739,38.992417751305076],[-76.949178532512605,38.992414594756802],[-76.949181102592604,38.992410927128248],[-76.949178177678064,38.99240959915759],[-76.949154338187043,38.992399057778748],[-76.949167343097429,38.992380473166286],[-76.949169099303788,38.992377965241644],[-76.94924078845672,38.992275510998283],[-76.949313001327468,38.992172310231602],[-76.949316042124707,38.992167965337082],[-76.949302944687858,38.992162382534694],[-76.949266236830425,38.992146740073174],[-76.949266013149909,38.992146645117991],[-76.94926584606327,38.992146573203463],[-76.949263833837037,38.992145716512582],[-76.94926037083161,38.992144240518634],[-76.949238567821354,38.99213494957592],[-76.949233269557809,38.992132690899879],[-76.949202999926001,38.992119791659015],[-76.94919943091935,38.992118270281544],[-76.949198864082433,38.992118028704368],[-76.949182563253274,38.992111081615448],[-76.949167160739421,38.992132997409598],[-76.94916520241209,38.992135895636501],[-76.949021598629088,38.992341116473447],[-76.948995813387171,38.992330952809397],[-76.948992417755406,38.992335866026842],[-76.948989647351056,38.992339877172583],[-76.948959180089886,38.992383974625476],[-76.94888566017039,38.992489039965641],[-76.948879232724551,38.992498226830655],[-76.948877207921896,38.992501120155239],[-76.948867227639084,38.992515384299679],[-76.948836996634839,38.99255998015483],[-76.948835948300896,38.99256152735606],[-76.948834035787655,38.992564349462164],[-76.948832909300293,38.992566011167312],[-76.948830226930852,38.992570041849447],[-76.948855675304543,38.992580785679451],[-76.948695334111164,38.992809923229103],[-76.948715496797718,38.992818515890242],[-76.948722353638274,38.992821437827665],[-76.94874526067801,38.992831199262227],[-76.948745973042051,38.992831502976088],[-76.948748273627473,38.992832483937008],[-76.94875089760643,38.992833602441884],[-76.94875224957093,38.992834179847314],[-76.948775086542085,38.992843911257786],[-76.94877970388265,38.992845878066596],[-76.948780025479522,38.992846014912388]]]},"properties":{"BUILDINGID":"254","NAME":"Elkton Hall"}},{"type":"Feature","geometry":{"type":"Polygon","coordinates":[[[-76.940753332277524,38.978480154733454],[-76.940831888152474,38.978515781649492],[-76.940860638733156,38.978477158180567],[-76.940877824402861,38.978454071939602],[-76.940886152683845,38.97844288322117],[-76.940718569272661,38.978366879918248],[-76.940666703243096,38.978440866430383],[-76.940735020120457,38.978471849442194],[-76.94075162817343,38.978479382375603],[-76.940753332277524,38.978480154733454]]]},"properties":{"BUILDINGID":"275","NAME":"Graduate Gardens Apartment 4321"}},{"type":"Feature","geometry":{"type":"Polygon","coordinates":[[[-76.956341262905255,38.984680515697434],[-76.956347525959416,38.98471211883831],[-76.956431800509478,38.984701946397742],[-76.956425067636417,38.984667960045492],[-76.956475962587149,38.984661818032833],[-76.956541915098697,38.984653858413793],[-76.95654123776896,38.984650435477086],[-76.956519461708154,38.984540559260083],[-76.956516701185279,38.984526627982071],[-76.956493379123884,38.984529443425728],[-76.956471442264643,38.984532091283427],[-76.956462705250189,38.984533146376492],[-76.956452940563054,38.984534326460683],[-76.956424870905366,38.984537714489257],[-76.95639879550761,38.984540863009528],[-76.956394998328932,38.98452170235182],[-76.956388647239862,38.984489647341995],[-76.956386230771741,38.984477453362764],[-76.956373338150783,38.984412388745376],[-76.956369049593619,38.984390747776295],[-76.956358985767494,38.984339963535106],[-76.95634815208517,38.984285291250572],[-76.956347511586358,38.984282055434313],[-76.956345405935352,38.984271427655223],[-76.95634368655989,38.98426274248213],[-76.956372607820455,38.984259249698731],[-76.956459650978218,38.984248743416522],[-76.95644586722851,38.984179185169062],[-76.956444231396375,38.984170923141257],[-76.956442198508881,38.984160671019239],[-76.956434348131609,38.984121056280628],[-76.956352983224761,38.984130878967036],[-76.956332883420274,38.984133304787029],[-76.956317700993665,38.98413513567354],[-76.956311203479203,38.984102320761188],[-76.956311064240339,38.984101618292605],[-76.956304181348628,38.98410244924456],[-76.956246711628339,38.984109385947079],[-76.956233302476093,38.984111003859141],[-76.956232006207145,38.984111159575299],[-76.956226725011589,38.984111797802193],[-76.95622521224864,38.984111980052987],[-76.956227845210734,38.984125270392724],[-76.95621812813431,38.984126443500976],[-76.956210704456794,38.984127339392501],[-76.956214649857529,38.984147244521772],[-76.956221397103633,38.984146430329062],[-76.956232497585603,38.984145090332618],[-76.956254828805243,38.98425777074722],[-76.956261703612114,38.984292468840785],[-76.956265069599496,38.984309450238349],[-76.956267531881679,38.984321878169297],[-76.956272261511643,38.984345754342598],[-76.956275258291427,38.984360872027786],[-76.956261999157832,38.984362473175501],[-76.956260032745689,38.984362711287766],[-76.956234980529047,38.984365736220845],[-76.95622483136296,38.984366960997548],[-76.956209733377975,38.984368783498716],[-76.956199774654749,38.984369986628735],[-76.956161666323752,38.984374586174525],[-76.956170798596943,38.984420668201878],[-76.95617216223954,38.984427551105959],[-76.956182176658331,38.984478086698388],[-76.956264656374458,38.984468129991271],[-76.956298368350431,38.984464061140876],[-76.956334333301157,38.984645547562252],[-76.956339088982261,38.984669545125975],[-76.956341262905255,38.984680515697434]]]},"properties":{"BUILDINGID":"290","NAME":"Graduate Hills Apartment"}},{"type":"Feature","geometry":{"type":"Polygon","coordinates":[[[-76.932991423793723,38.993833767032527],[-76.933420437613862,38.993938562118537],[-76.933553424208512,38.993602091403616],[-76.93312377797443,38.993499566321013],[-76.932991423793723,38.993833767032527]]]},"properties":{"BUILDINGID":"813","NAME":"Artemesia Building"}},{"type":"Feature","geometry":{"type":"Polygon","coordinates":[[[-76.94102945283629,38.981400530974632],[-76.941170315859353,38.981398383684912],[-76.9411697544123,38.981375874498738],[-76.941196870059159,38.981375461799978],[-76.941197186266137,38.981388134652939],[-76.941332943265138,38.981386065573119],[-76.941332618973334,38.981373166468707],[-76.941351088335566,38.981372884353149],[-76.941351471017882,38.981388243588647],[-76.941467290807452,38.981386480366709],[-76.941487257661279,38.981386176603728],[-76.941486902826739,38.981372052670856],[-76.941512701543374,38.98137166092129],[-76.941513063564443,38.981386073254505],[-76.941650044068851,38.981383988811892],[-76.941649594911198,38.981365944589292],[-76.941672391458184,38.981365599626159],[-76.941672915175985,38.981386518075226],[-76.941809073721913,38.981384445503828],[-76.941808549105787,38.981363456525237],[-76.94182399743373,38.98136322049784],[-76.941837350890424,38.981363016592482],[-76.941944257595765,38.981361388841329],[-76.941943812031383,38.981343609271001],[-76.94195380938217,38.981343458436875],[-76.941966571747429,38.981343264307753],[-76.941964173245609,38.981247318375573],[-76.941964055566302,38.981242652287456],[-76.9419639729213,38.98123931437928],[-76.941940434365904,38.981239674007469],[-76.941940002276269,38.981222339926653],[-76.941805296306157,38.981224392950189],[-76.941804779774856,38.981203700704825],[-76.941672223473233,38.981205718115234],[-76.941672771445539,38.981227681279243],[-76.941644096323358,38.981228117721294],[-76.94164366513202,38.981210745230719],[-76.941513299821366,38.981212728423856],[-76.941513731911016,38.981229978710132],[-76.941484823226844,38.981230418643712],[-76.941484398323723,38.981213420446515],[-76.94135228039994,38.981215432270147],[-76.941352707099696,38.981232453511019],[-76.941325963355382,38.981232859925846],[-76.941325527672461,38.981215394561531],[-76.941193841838341,38.981217401496977],[-76.941194289199345,38.981235191573624],[-76.941168135648169,38.981235589608758],[-76.941167601150582,38.981214139703162],[-76.941032783789382,38.981216194821833],[-76.941033330863362,38.981238052538238],[-76.940897822697707,38.981240116035892],[-76.940898237719367,38.981256630998281],[-76.940875348645918,38.981256979453434],[-76.94087542500273,38.981260051305853],[-76.940876158926329,38.981289400443067],[-76.94087710575063,38.981327321278442],[-76.940877901657956,38.981359080241774],[-76.940877945675425,38.981360925166179],[-76.940879631813203,38.981360113036324],[-76.940906154571977,38.981366235782851],[-76.940906500423353,38.981380203296396],[-76.940989440975216,38.981378940759498],[-76.940989162497473,38.981367662421825],[-76.941007655215913,38.981367379607931],[-76.941020656533027,38.981367182685666],[-76.941021370693676,38.98136717151278],[-76.941028615606442,38.98136706048215],[-76.94102945283629,38.981400530974632]]]},"properties":{"BUILDINGID":"999","NAME":"South Campus Commons 4"}},{"type":"Feature","geometry":{"type":"Polygon","coordinates":[[[-76.940035629569465,38.978071396793389],[-76.940086569435977,38.978094412626966],[-76.940117305293413,38.978052971830365],[-76.94012010713881,38.978049191723464],[-76.940140369538341,38.978021869219383],[-76.939937349385815,38.977930135362215],[-76.939884644329794,38.978003176779602],[-76.939922717626473,38.978020378964118],[-76.939931828340093,38.978024496370253],[-76.939974916930993,38.97804396326196],[-76.939976987547738,38.978044900432458],[-76.939987338834754,38.978049577206413],[-76.939989486706594,38.978050547198741],[-76.940008176156084,38.978058992207139],[-76.940008879536947,38.978059309252842],[-76.940035629569465,38.978071396793389]]]},"properties":{"BUILDINGID":"282","NAME":"Graduate Gardens Apartment 4329"}},{"type":"Feature","geometry":{"type":"Polygon","coordinates":[[[-76.945987733691396,38.99285059365981],[-76.945992603458549,38.992850601339903],[-76.945992691493444,38.992814586460241],[-76.945992907089106,38.992727669060116],[-76.945993191855052,38.992611476243312],[-76.94599325024555,38.992588718573948],[-76.945993249347239,38.992588359701571],[-76.946018558482052,38.992588150243051],[-76.946018553990484,38.992585761717145],[-76.946018509074705,38.992565239661346],[-76.946018517159544,38.992561646747475],[-76.946018518956166,38.992559413918315],[-76.946018522549451,38.992556908792785],[-76.946018565668567,38.99252823878394],[-76.946018811806965,38.992364736496278],[-76.946018826179994,38.992355555897731],[-76.946018831569901,38.992352624166294],[-76.946018849536202,38.992340163433632],[-76.946018774976025,38.992320615990849],[-76.946018763297928,38.992317869978585],[-76.945992200114972,38.992317644460698],[-76.945992332167336,38.992231071360415],[-76.945992482185986,38.992132470268785],[-76.945992581000667,38.992065966016376],[-76.94599259537371,38.99205576530823],[-76.945978658910391,38.992055753438777],[-76.945936524330307,38.992055713641356],[-76.945935018753886,38.992055711546769],[-76.945930113952443,38.992055708753973],[-76.945928210422352,38.992055705961171],[-76.945902276060096,38.992055682222372],[-76.945899528113657,38.992055679429519],[-76.9458807650023,38.992055661276311],[-76.945840803446885,38.9920556249699],[-76.945840763921012,38.992083989358484],[-76.945840754039551,38.992089229350761],[-76.945840714513679,38.992115866379386],[-76.945840695649053,38.992128260822582],[-76.945840688462539,38.992132399052409],[-76.94584065522487,38.99215233265155],[-76.945840377645453,38.992314403425986],[-76.945840373153871,38.992316666285433],[-76.945790186973881,38.992316783582687],[-76.945790183380637,38.992320705360179],[-76.945790178889041,38.992323572160522],[-76.945789870766902,38.99257884190375],[-76.945789865377023,38.99258277832881],[-76.945789794410103,38.992585294624526],[-76.945789858190494,38.992588808641102],[-76.945813513526872,38.992588446277786],[-76.945840414476379,38.992588474903805],[-76.945840403696579,38.992592002185951],[-76.945840369560599,38.992606055457202],[-76.945840359679138,38.992609988389766],[-76.945840348899367,38.992614160104829],[-76.945840253677929,38.992652732573305],[-76.945840171032941,38.992686335972444],[-76.945840153964937,38.992693031654994],[-76.945839763197796,38.992850370936338],[-76.945846345153882,38.992850380711047],[-76.945897404496307,38.992850456115825],[-76.945903010882006,38.992850465192326],[-76.945908386400646,38.992850474268835],[-76.945929648625125,38.992850506385707],[-76.945934646851356,38.992850514065807],[-76.945987733691396,38.99285059365981]]]},"properties":{"BUILDINGID":"259","NAME":"La Plata Hall"}},{"type":"Feature","geometry":{"type":"Polygon","coordinates":[[[-76.934673644029061,38.9846670760314],[-76.934697080176505,38.984673861851562],[-76.934717337186157,38.984679728743551],[-76.934718855338986,38.984676536238219],[-76.934740041206652,38.984631963346921],[-76.934744740293894,38.984622075092332],[-76.934757139739773,38.984595984785201],[-76.934763691153137,38.984582201552172],[-76.93471340615848,38.984567641835483],[-76.934723992804109,38.984545361992645],[-76.934697620063986,38.984537725661689],[-76.934626070149932,38.98451700994508],[-76.9346045213629,38.984510770160846],[-76.934592978011494,38.984535052666295],[-76.934577959976565,38.984530754087373],[-76.934576818217849,38.984530425898278],[-76.934543459279766,38.984520874896177],[-76.934517108099229,38.984584760028802],[-76.934503477961414,38.984617807940978],[-76.934506304959612,38.984618625619653],[-76.934521026550499,38.984622889279585],[-76.934552912251505,38.984632121156785],[-76.934593073232904,38.984643748809496],[-76.934610133138477,38.984648689094982],[-76.934618914170386,38.984651230112327],[-76.934640137767289,38.984657376315525],[-76.934673644029061,38.9846670760314]]]},"properties":{"BUILDINGID":"130","NAME":"House 5"}},{"type":"Feature","geometry":{"type":"Polygon","coordinates":[[[-76.947141387908502,38.985519759027589],[-76.947564506085413,38.985520419586223],[-76.947571308128744,38.98552043006022],[-76.947571310823704,38.985519002108369],[-76.947571324298423,38.985513976695302],[-76.947571393468692,38.985486910542058],[-76.94757162164079,38.985398237779741],[-76.947571674641395,38.9853774329369],[-76.947571750099883,38.985348088287417],[-76.947571756388072,38.985345043844767],[-76.947573010436216,38.985345045241324],[-76.947595463826744,38.985345078758115],[-76.947597847955507,38.985345082249459],[-76.947631270673966,38.985345135317694],[-76.947634204571685,38.985345139507309],[-76.947634246792504,38.985345139507309],[-76.947634334827384,38.985312048642108],[-76.947701229671665,38.985312154080439],[-76.94777878841667,38.98531227418237],[-76.947781841790317,38.985312280466772],[-76.947795868983476,38.985312300716494],[-76.947795792626678,38.985342384147003],[-76.94783925671338,38.985342451878871],[-76.948063937942351,38.985342802408759],[-76.94824232539149,38.985343081017149],[-76.948243300961877,38.985343081715421],[-76.948243333301221,38.985330454259447],[-76.948243373725418,38.985313616251503],[-76.948265225244683,38.985313649070029],[-76.948265229736279,38.985312406154826],[-76.948265518993793,38.985199978097093],[-76.948261179232674,38.985196606858622],[-76.948244134598454,38.985183373977989],[-76.948244141784983,38.985180462199239],[-76.948244207361995,38.985154751956024],[-76.948244228023256,38.985147388713813],[-76.9482650725311,38.985132043560959],[-76.94826537167009,38.985015753784211],[-76.94826537167009,38.985015579915029],[-76.947711277328111,38.985014714758613],[-76.947701442572381,38.985022384555073],[-76.947675957367778,38.985042262200174],[-76.947649835257621,38.985042222398803],[-76.947648381783495,38.98504222030401],[-76.947648449157143,38.985015361356531],[-76.947628504761198,38.985015329934377],[-76.947562828930785,38.985015227288734],[-76.947201884053001,38.985014663086595],[-76.947165270518639,38.985014606526768],[-76.947163163070982,38.985014601638845],[-76.947163094799009,38.98504077418751],[-76.947162837880839,38.985141104994199],[-76.947158004046315,38.985144423166922],[-76.947158002249679,38.985146159062758],[-76.94715795104571,38.985165265086465],[-76.947157850434394,38.985204437237037],[-76.947157845044515,38.985206516679312],[-76.94715775521297,38.985241227574917],[-76.947157750721402,38.985243307714342],[-76.947157654601668,38.985280345916848],[-76.947179446832138,38.985296281771575],[-76.947181237174505,38.985297588229407],[-76.947181133868241,38.985337862171711],[-76.947141857727388,38.985337801422517],[-76.94714185323582,38.985339159551316],[-76.947141848744252,38.985341227119051],[-76.947141453485514,38.985494481831957],[-76.947141387908502,38.985519759027589]]]},"properties":{"BUILDINGID":"146","NAME":"Parren J. Mitchell Art-Sociology Building"}},{"type":"Feature","geometry":{"type":"Polygon","coordinates":[[[-76.945652262340118,38.983439205450885],[-76.945600427751586,38.983440275224226],[-76.945600018119819,38.983440284301935],[-76.945490430841673,38.983442530686212],[-76.94549298205709,38.983517375672818],[-76.945493821083559,38.98354202930804],[-76.94549407800173,38.983549594521435],[-76.94549548476347,38.98354956379692],[-76.945498645036636,38.983549499554762],[-76.94549919300897,38.983549488382231],[-76.945521701196725,38.983549023324819],[-76.945521737129326,38.983549022626519],[-76.945521774858577,38.983549021928233],[-76.945553834832751,38.983548361351204],[-76.945592200980215,38.983547579272702],[-76.945627921589193,38.983547540867029],[-76.945646577801,38.983547121198136],[-76.945809263597255,38.983543764544912],[-76.945840904058201,38.983543111648942],[-76.945867444783275,38.983542564193925],[-76.945888576752012,38.983542127766142],[-76.946042170699286,38.983538959649515],[-76.946069572010401,38.983538394737373],[-76.946095205437047,38.983537866136018],[-76.946172907912469,38.983536262874814],[-76.946177706712746,38.983536164416691],[-76.946177279114664,38.983523544319567],[-76.946174355996718,38.98343718042301],[-76.946174060450986,38.983428443474452],[-76.945652262340118,38.983439205450885]]]},"properties":{"BUILDINGID":"070","NAME":"Caroline Hall"}},{"type":"Feature","geometry":{"type":"Polygon","coordinates":[[[-76.952986110116314,38.997333540970288],[-76.953036283719854,38.997371764585097],[-76.953147284047944,38.997456330506878],[-76.953344621457987,38.997298594445169],[-76.953337630768445,38.997293268268145],[-76.953276613601091,38.997246782014933],[-76.953252867534871,38.99722869226715],[-76.953183448424653,38.997175808125569],[-76.952986110116314,38.997333540970288]]]},"properties":{"BUILDINGID":"314","NAME":"Golf Course Repair Shop"}},{"type":"Feature","geometry":{"type":"Polygon","coordinates":[[[-76.944313995348963,38.985296089049854],[-76.944314047451257,38.985298708948186],[-76.944327240109516,38.985298548346741],[-76.944484210823944,38.985296651853183],[-76.944484676151262,38.98532003611782],[-76.9444847605929,38.985324326269627],[-76.944622261221866,38.985322666489239],[-76.944622382494444,38.985322665092731],[-76.944622359138222,38.985321494797432],[-76.944622277391531,38.985317326842157],[-76.944621837217042,38.985295134518672],[-76.94462591197518,38.985295084243418],[-76.944788551957373,38.985293117224792],[-76.944794418854499,38.98529304600153],[-76.944794400888185,38.985292132668043],[-76.944791804757003,38.98516127448223],[-76.94479180116376,38.985161125052741],[-76.944784016363485,38.985161219318968],[-76.944714311589024,38.985162060034249],[-76.944313566852585,38.985166904620783],[-76.944312117870027,38.985166922077475],[-76.944312699080015,38.985196241664397],[-76.944313126678082,38.985217724578675],[-76.944294407584209,38.98521794732617],[-76.944288440075766,38.985218019247739],[-76.94428893325086,38.985242949502997],[-76.944289005116076,38.985246593063671],[-76.94431300899879,38.985246303980865],[-76.94431367015882,38.985279635779037],[-76.944313797719602,38.985286080786025],[-76.944313995348963,38.985296089049854]]]},"properties":{"BUILDINGID":"059","NAME":"Chincoteague Hall"}},{"type":"Feature","geometry":{"type":"Polygon","coordinates":[[[-76.941128704098773,38.982670821218854],[-76.94114661650552,38.982670974843323],[-76.941171560924346,38.982671185029496],[-76.941171728011,38.982659372703417],[-76.9411717351975,38.982658798706403],[-76.94117178909643,38.982654977646135],[-76.941171990319035,38.982640469905029],[-76.941172086438783,38.982633641992322],[-76.94117211608318,38.982631522671802],[-76.941172469121099,38.982606293325517],[-76.941172523918326,38.982602355647316],[-76.941172703581387,38.982589405789021],[-76.941172904804006,38.982575003476889],[-76.941172953313043,38.982571507118799],[-76.941173026974894,38.982566181928377],[-76.941158421266692,38.982566056933699],[-76.94115475524201,38.982566024812201],[-76.941141017306364,38.982565908895346],[-76.941137052142707,38.982565875377226],[-76.941091649491611,38.982565489220619],[-76.941087974483793,38.982565458495678],[-76.941074078444657,38.982565339785715],[-76.941070417809868,38.98256530836246],[-76.941053213275552,38.982565161720714],[-76.941050447362798,38.982565137978675],[-76.941029924451811,38.982564964103481],[-76.941026098527018,38.982564931981926],[-76.940997470117225,38.982564688975572],[-76.940961329096723,38.9825381677609],[-76.94096107577181,38.982537982712941],[-76.94095266484581,38.982531810488837],[-76.940951075726062,38.982530645035432],[-76.940946715303681,38.982527444751973],[-76.940959685179749,38.982517253841877],[-76.940885416963624,38.982462064109669],[-76.940872713887202,38.98247296240055],[-76.940868099241584,38.98246941017382],[-76.940866988923901,38.982468555460684],[-76.940858069551439,38.982461689823502],[-76.940854416103178,38.982458877090735],[-76.940849678388361,38.982455231291716],[-76.940847527821589,38.982453573538933],[-76.940835720365484,38.982444482433273],[-76.940833141302306,38.982442496481461],[-76.940820602617563,38.982432842548292],[-76.940818163691588,38.982430964831948],[-76.940817202494216,38.982430226035426],[-76.940817335444891,38.982420636343768],[-76.940817364190977,38.982418700668582],[-76.940817459412386,38.982411736566881],[-76.940817496243312,38.982409189184438],[-76.940817498938259,38.982409080250342],[-76.94081750881972,38.98240821506203],[-76.94081765883837,38.982397616330076],[-76.940817672313116,38.982396560506878],[-76.94081768668616,38.982395505382023],[-76.940817740585075,38.982391563502311],[-76.940819012599519,38.982300368805078],[-76.940806268200575,38.982300258474154],[-76.94080154396049,38.982300218671242],[-76.94068785766973,38.982299252926943],[-76.940687324070439,38.982337489549678],[-76.940687298917609,38.982339374949731],[-76.94068729083277,38.982339877723099],[-76.94068681472568,38.982374086552866],[-76.940686636859255,38.982386771796357],[-76.94068649492543,38.982396911051353],[-76.940686302685975,38.982410751970065],[-76.940686282923039,38.98241208920615],[-76.940685985580672,38.982433558301111],[-76.940685789747945,38.982447569596665],[-76.940685308250949,38.982481945266834],[-76.940745575325025,38.982527319058974],[-76.940757167185467,38.982536047040917],[-76.940739321254028,38.982550244062473],[-76.940853730688616,38.982635451270575],[-76.940872238678423,38.982620912800556],[-76.940881416765663,38.982627895735611],[-76.940910116142376,38.98264973625713],[-76.940911690889067,38.982650934528337],[-76.940935668720627,38.982669183721598],[-76.940987401799518,38.982669622249674],[-76.940991816120828,38.982669659957516],[-76.941028994695486,38.982669975585964],[-76.941051105827896,38.982670163426796],[-76.941069956075822,38.982670323335903],[-76.941103050909206,38.98267060404968],[-76.941103971682381,38.982670611730931],[-76.941124152335234,38.982670782812711],[-76.941128704098773,38.982670821218854]]]},"properties":{"BUILDINGID":"014","NAME":"Harford Hall"}},{"type":"Feature","geometry":{"type":"Polygon","coordinates":[[[-76.935174010133892,38.98134922784196],[-76.935209832252482,38.981357518829576],[-76.935215771014825,38.981341886549707],[-76.935216586685101,38.981339742051489],[-76.935220214082221,38.981330196205441],[-76.935269894510697,38.981341693118907],[-76.935272255283252,38.981342239194305],[-76.935282710774857,38.981344659523408],[-76.935283755515513,38.981341909593837],[-76.935284534354878,38.981339864255062],[-76.935289875737553,38.981325801065637],[-76.93529066894996,38.981323711733125],[-76.935305212674393,38.981285427776321],[-76.935321904270694,38.981241497287456],[-76.93530950572314,38.981238627943313],[-76.935254270112935,38.981225844731043],[-76.93523079982954,38.981220413296704],[-76.935086991230634,38.981187131960425],[-76.935085227837746,38.981191772913128],[-76.935052125817833,38.981278904893017],[-76.935048082500742,38.981289549182407],[-76.93507783021137,38.981296433787541],[-76.935079751707761,38.981296877910509],[-76.935115715760162,38.981305201724687],[-76.935111263709615,38.981316919307091],[-76.935110682499626,38.981318449296388],[-76.935105051859423,38.981333269451248],[-76.935135916175966,38.981340411727111],[-76.935137602313745,38.981340802080254],[-76.935174010133892,38.98134922784196]]]},"properties":{"BUILDINGID":"170","NAME":"House 170"}},{"type":"Feature","geometry":{"type":"Polygon","coordinates":[[[-76.950430919664257,38.991992192032008],[-76.950473140482629,38.992012163373445],[-76.950495045002498,38.991983956749557],[-76.950452822387533,38.991963990287552],[-76.950430919664257,38.991992192032008]]]},"properties":{"BUILDINGID":"297","NAME":"West Gate"}},{"type":"Feature","geometry":{"type":"Polygon","coordinates":[[[-76.940312650240159,39.007146173384783],[-76.940313558436912,39.007153691399886],[-76.94049787566523,39.007140142916931],[-76.940497521729,39.007137203421379],[-76.940497473219978,39.007136811814419],[-76.94048562533969,39.007038676850065],[-76.940485594796968,39.00703841857063],[-76.940478192679038,39.006977124635618],[-76.940470720492499,39.006915230321205],[-76.940458106349283,39.006810769974436],[-76.94045167980174,39.006757532798233],[-76.940267361675112,39.006771081354472],[-76.940312650240159,39.007146173384783]]]},"properties":{"BUILDINGID":"396","NAME":"Equipment Storage Building"}},{"type":"Feature","geometry":{"type":"MultiPolygon","coordinates":[[[[-76.937613957514756,38.985452658527436],[-76.937618158935337,38.985442588838346],[-76.937628035013574,38.985418929497449],[-76.937633340463648,38.985406219659609],[-76.937640340136326,38.98538945079801],[-76.937642982979909,38.985383119617801],[-76.937644945798809,38.985378417492413],[-76.937669964777783,38.98538477800026],[-76.937673720633981,38.985375784330003],[-76.937679558785021,38.985361795958468],[-76.937693122447484,38.985329304214034],[-76.93769372431872,38.985327865086077],[-76.937700405987798,38.98531185382565],[-76.937719245455952,38.985266723418647],[-76.937719576934299,38.985265926695476],[-76.937705990813924,38.985262470271529],[-76.937714158296501,38.9852429976835],[-76.937719457458357,38.985230209608112],[-76.937732028482444,38.985200094009635],[-76.937731484103381,38.985199955054263],[-76.937727611466187,38.985198971194507],[-76.937688660515477,38.985189068355446],[-76.937690191244698,38.985185404542051],[-76.937672597739876,38.985180931435565],[-76.937669017055157,38.985180020195415],[-76.937667131491366,38.985179541183378],[-76.937665422895691,38.985183639319942],[-76.937656643660418,38.985181406956258],[-76.937621249139909,38.985172407674021],[-76.93760465995156,38.985212150305614],[-76.937601263421485,38.985220292808044],[-76.937595419880566,38.985234287491963],[-76.937591536463586,38.985233300839603],[-76.937589544000275,38.985238073499659],[-76.937570739566439,38.98528312083112],[-76.937561266831779,38.985305814514128],[-76.937541029585049,38.985354299368908],[-76.937568697695795,38.985361333007781],[-76.937559485472562,38.985383398226077],[-76.937548954522498,38.985408625884432],[-76.937538548438226,38.985433553977778],[-76.937567593666316,38.985440939534747],[-76.937566348601308,38.985443917637994],[-76.937582588345037,38.9854480450864],[-76.93758385676621,38.985445006234222],[-76.937613957514756,38.985452658527436]]],[[[-76.937733252886176,38.985324258537737],[-76.937735607370527,38.985324871616072],[-76.937738581692429,38.985325643899245],[-76.937744683049843,38.985327228964991],[-76.937752781362136,38.985329334937774],[-76.937754754062496,38.985329848163893],[-76.937757993387407,38.98533069027367],[-76.937769095666013,38.985333574813787],[-76.937801082876632,38.985341888377626],[-76.937801918309859,38.985342106236828],[-76.937833836350222,38.985350401644737],[-76.937876895296725,38.985361592064677],[-76.937921876637958,38.985372853706018],[-76.937929253603073,38.985374699922339],[-76.937932588149394,38.985375546221142],[-76.937936428447244,38.985365889894872],[-76.937954154902741,38.985324954011553],[-76.93795392403571,38.98532489396063],[-76.937952753530908,38.985324590214496],[-76.937924965944205,38.985317369436437],[-76.937754608535428,38.985274701123721],[-76.937733252886176,38.985324258537737]]]]},"properties":{"BUILDINGID":"080","NAME":"Rossborough Inn"}},{"type":"Feature","geometry":{"type":"Polygon","coordinates":[[[-76.941592529432796,38.983141846942438],[-76.941592656095239,38.983142027799126],[-76.941612989461703,38.983141622093562],[-76.94164375406524,38.983141006901477],[-76.941732953179681,38.983139219283139],[-76.941732831008807,38.983134276797472],[-76.941730777460066,38.983050925544447],[-76.941735417258514,38.983050878060745],[-76.941735404682092,38.983050126003192],[-76.941735343596662,38.983046386663872],[-76.94173504805093,38.983028525816785],[-76.941734324008806,38.98298444557885],[-76.941742503169479,38.982984365275506],[-76.941741132340354,38.982900873489555],[-76.941726635328294,38.982901015940847],[-76.941725110887262,38.982858615013889],[-76.941724517999177,38.982842109502961],[-76.941724091299406,38.982830258799346],[-76.941717964789177,38.982830256704496],[-76.941715209656195,38.982770455695608],[-76.941714580835495,38.982756841792238],[-76.941714010405292,38.982744470846555],[-76.941714003218763,38.982744308144447],[-76.941694971511154,38.982744928926316],[-76.94168944597385,38.982745061601811],[-76.941669260829414,38.982745546915012],[-76.94166653623914,38.98274561255446],[-76.941662999571875,38.982745697746104],[-76.941580699518809,38.982747678103081],[-76.941586558331096,38.982837763337471],[-76.941586519703549,38.982837766130629],[-76.941586482872609,38.982837768923787],[-76.941575867480893,38.982838418334751],[-76.941577356887649,38.982876730780063],[-76.941577520381017,38.982880916336285],[-76.941577533855749,38.982881261990336],[-76.941578336949618,38.98290190486501],[-76.941579424809419,38.982929862326998],[-76.941579478708348,38.982931281253244],[-76.941580800130126,38.982965213274355],[-76.941580807316655,38.982965403209256],[-76.941582016449033,38.982996480605173],[-76.941582734202925,38.983014931515115],[-76.941582984832891,38.983021369745416],[-76.941582988426148,38.983021496135834],[-76.941584157134344,38.983051509314294],[-76.941591882645781,38.98305121603277],[-76.941592529432796,38.983141846942438]]]},"properties":{"BUILDINGID":"017","NAME":"Cecil Hall"}},{"type":"Feature","geometry":{"type":"Polygon","coordinates":[[[-76.943200956660803,38.992875921291187],[-76.943469357098024,38.992876549664295],[-76.943469374166028,38.992872373775583],[-76.943473619604049,38.992872384248493],[-76.943720066114039,38.992872957464435],[-76.943720157742192,38.992848550748107],[-76.943720409270469,38.992782706263078],[-76.9437205170683,38.992754635395784],[-76.943637306123549,38.992754441996169],[-76.943633499961678,38.992754432919654],[-76.94362266088946,38.99275440778473],[-76.943593816884004,38.992754340059946],[-76.943534922435646,38.992754203213984],[-76.943519801992792,38.992754166209714],[-76.943473714825458,38.992754061480674],[-76.943451879475845,38.99275401051257],[-76.943451857916287,38.992759348202313],[-76.943443357158742,38.992759327954673],[-76.94333967810023,38.992759086379728],[-76.943208576171031,38.992758781269146],[-76.943201410310024,38.992758763814322],[-76.943201310597019,38.99278463048379],[-76.943201227952002,38.992806096432972],[-76.943201058170416,38.992849810985831],[-76.943200956660803,38.992875921291187]]]},"properties":{"BUILDINGID":"121","NAME":"Chestertown Hall"}},{"type":"Feature","geometry":{"type":"Polygon","coordinates":[[[-76.941084550105927,38.978601203911182],[-76.941087532512668,38.978602556582551],[-76.94110155521426,38.978583736501072],[-76.941102912568638,38.978581914549338],[-76.941103665356849,38.978580906155933],[-76.941104094751566,38.978580330030859],[-76.94110457085867,38.978579688960828],[-76.941101915438679,38.978578521347387],[-76.941102038507879,38.978578336987361],[-76.941102134627599,38.978578194527337],[-76.941132403361109,38.978532913876109],[-76.941135642686021,38.978528061153973],[-76.941134754252204,38.978527658913634],[-76.941116055819577,38.97851917066442],[-76.940972192423445,38.978453878500915],[-76.940950156749523,38.978483458553313],[-76.940947219258561,38.9784874027456],[-76.940918565695938,38.978525865592118],[-76.940936383779601,38.978533952996884],[-76.94093868167009,38.978534996307609],[-76.940975731785684,38.978551812882785],[-76.940988704356698,38.978557699835406],[-76.941014459954189,38.97856938924081],[-76.941014638718926,38.978569473040785],[-76.941084550105927,38.978601203911182]]]},"properties":{"BUILDINGID":"273","NAME":"Graduate Gardens Apartment 4319"}},{"type":"Feature","geometry":{"type":"Polygon","coordinates":[[[-76.950018063841156,38.993371487432285],[-76.950019506535497,38.993372103233668],[-76.95002437630265,38.993374185926896],[-76.95002443020158,38.993374208268911],[-76.950024485897117,38.993374232007262],[-76.950074098951944,38.99339541710637],[-76.95012495617344,38.993322884489636],[-76.950172393508666,38.993255232835537],[-76.950174491074847,38.993252243191726],[-76.95020035536848,38.993215354383764],[-76.950235848703684,38.993164733566196],[-76.95025295442332,38.993172035930108],[-76.950253329020796,38.993171502513377],[-76.950261927694697,38.993175133796676],[-76.950266148878214,38.993169194997165],[-76.950269298371623,38.993164762191938],[-76.950297784847592,38.993122673918016],[-76.950308945516682,38.993106755883616],[-76.950379708506546,38.993005837319366],[-76.950389881927151,38.992991327510445],[-76.950420367154621,38.992947857412105],[-76.950423404358602,38.992943527925426],[-76.950428432229245,38.992936357496134],[-76.950419874877852,38.99293270455663],[-76.950402087336911,38.992925107531001],[-76.950430692390498,38.992884312864916],[-76.950528501856951,38.992744817397011],[-76.950562097950268,38.992696903141642],[-76.950545214114499,38.992689692192137],[-76.950544450546502,38.992689366833638],[-76.950543714826267,38.992689054042586],[-76.95054341928055,38.992688927669477],[-76.950512213604199,38.992675600536785],[-76.950508292457997,38.992673925568496],[-76.950503082229346,38.992671700422989],[-76.950502104862323,38.992671285695515],[-76.950494381147507,38.992667985330506],[-76.950486339429091,38.992664550912025],[-76.950484786241958,38.992663887627295],[-76.950484389186613,38.992663718664225],[-76.950482171246165,38.992662771912507],[-76.950431429907354,38.992641104839763],[-76.950430761560767,38.992640807408776],[-76.950427667762938,38.992639498293705],[-76.95041957933212,38.992651037356801],[-76.95041535006375,38.992657068361524],[-76.950412490726208,38.992661145119314],[-76.950411791836913,38.99266214074467],[-76.950410447957267,38.992664057986708],[-76.950265682652585,38.992870515187349],[-76.950251154199506,38.99286410298771],[-76.950246360789137,38.992861948365672],[-76.950245551407079,38.992861583909139],[-76.950240652893839,38.992859591965832],[-76.950238191509953,38.99286315344591],[-76.950225359974439,38.992881617842585],[-76.950223713362519,38.99288403219159],[-76.950222061360705,38.992886456315212],[-76.950203526421433,38.992913637633563],[-76.950201839385343,38.992916047094155],[-76.950183221801083,38.992942595141251],[-76.950182080940664,38.99294422402253],[-76.950181533866669,38.992945003902655],[-76.95018043702369,38.992946566455693],[-76.95018041366751,38.992946599270688],[-76.950180392107939,38.992946630689318],[-76.950136164453255,38.993009705996194],[-76.95013614648694,38.993009731829225],[-76.950134476518826,38.993012114057102],[-76.950134045327474,38.993012727068809],[-76.950132357393059,38.993015136526019],[-76.950114691124696,38.993040330744101],[-76.950113075953823,38.993042650831967],[-76.950113012173418,38.993042744389491],[-76.95011199078894,38.993044181964244],[-76.950094628151135,38.993069648466196],[-76.950092973454389,38.993072073281667],[-76.95009166550733,38.993073991210807],[-76.950079251688422,38.993091851617883],[-76.950079168145095,38.993091975895773],[-76.950076758863503,38.993095589030219],[-76.95008253772572,38.993098106005895],[-76.950102787548857,38.993107252296809],[-76.950089308328032,38.993126477656794],[-76.950089024460397,38.99312688260693],[-76.950085294655324,38.993132202813776],[-76.950079257976611,38.993140811494165],[-76.950050176815935,38.993182286048864],[-76.950028946930814,38.993212563722139],[-76.949940682962577,38.993338443606902],[-76.949990567308632,38.993359746710439],[-76.94999077392113,38.993359834682074],[-76.949995643688283,38.993361914582906],[-76.949996454866991,38.993362260883984],[-76.95000447502585,38.993365686890371],[-76.950018063841156,38.993371487432285]]]},"properties":{"BUILDINGID":"253","NAME":"Easton Hall"}},{"type":"Feature","geometry":{"type":"Polygon","coordinates":[[[-76.943174276696865,38.98817207292943],[-76.943175803832844,38.988229951315091],[-76.943182279787735,38.988229932462659],[-76.943182788234182,38.988247377942308],[-76.943187868207104,38.988421557396904],[-76.943210715059735,38.988421151721596],[-76.943367039885473,38.988418374137439],[-76.943367003952872,38.988417135466129],[-76.943366981494975,38.988416371595569],[-76.943423830479418,38.98841536124754],[-76.943477157169639,38.988414414438999],[-76.943491970388664,38.988414151203834],[-76.943511713561989,38.988413800689166],[-76.943588793504929,38.988412432145843],[-76.943587153181227,38.988356178008566],[-76.943599333438158,38.9883564747593],[-76.943601323206508,38.98840874126806],[-76.943637668144589,38.988408354445021],[-76.943635613697552,38.98835475988929],[-76.943633231365411,38.988324072367242],[-76.943596951106045,38.988325789332684],[-76.943586267442356,38.988325813072791],[-76.943585174192663,38.988288305153262],[-76.943585110412272,38.988286122462405],[-76.943584649576536,38.988270329023024],[-76.943552459346648,38.988270900181547],[-76.94355153318358,38.988270918335729],[-76.943517505898939,38.988271521613207],[-76.943516798026479,38.988247255052414],[-76.943516741432617,38.988245385869135],[-76.943516733347792,38.988245061886651],[-76.943522083713631,38.988245009518799],[-76.943552254530758,38.988244710672944],[-76.943552186258799,38.988235976412412],[-76.943550112048797,38.988207504349447],[-76.94354924337793,38.988189710438931],[-76.943659605902141,38.988187302213944],[-76.943655629060387,38.988042524379765],[-76.943546486448298,38.988044120556552],[-76.943546247496457,38.988044121953003],[-76.943510668821304,38.988044643538352],[-76.943509386925399,38.988000730510244],[-76.943509338416376,38.987999038673578],[-76.943508912614931,38.98798443357569],[-76.943508855122744,38.987982461744124],[-76.943508305353802,38.987963640664766],[-76.943574962144496,38.987962456448273],[-76.943574374646317,38.987942268905883],[-76.94357398118423,38.987928825669634],[-76.943573718876152,38.987919817659588],[-76.943593658780514,38.98791922904217],[-76.943593904918885,38.987919222059737],[-76.943593948936353,38.987919222059737],[-76.943593993852105,38.987919219266779],[-76.943611706832897,38.987918696982305],[-76.943616883823864,38.987918501474759],[-76.943616847891263,38.98790597083552],[-76.943616599956229,38.987897392241074],[-76.943615956762486,38.987875369002687],[-76.943572427997083,38.987875641316933],[-76.943571570106002,38.987846299797745],[-76.94357076162224,38.987818557939491],[-76.943559873142675,38.987818750654391],[-76.943477628785161,38.987820211377176],[-76.943297825591145,38.987823407231893],[-76.943273003343208,38.98782384852101],[-76.943272659288453,38.987823854106942],[-76.94325265740035,38.987824209512205],[-76.943245892187946,38.987824329609879],[-76.943240077393114,38.987824432949758],[-76.943223958023651,38.987824719927275],[-76.943170488501323,38.987825670234926],[-76.943175537931523,38.987998803366501],[-76.943176023920103,38.988015426375981],[-76.94317014534488,38.98801542079007],[-76.943172313877966,38.988097643428844],[-76.943172427964001,38.988101981590823],[-76.943173858980245,38.988156228493182],[-76.943174276696865,38.98817207292943]]]},"properties":{"BUILDINGID":"231","NAME":"Microbiology Building"}},{"type":"Feature","geometry":{"type":"Polygon","coordinates":[[[-76.924648128352999,38.976108290031199],[-76.924641857213985,38.976123373160718],[-76.924625325517809,38.976163135537391],[-76.92474577252942,38.976193647456547],[-76.924771832655821,38.976130967799428],[-76.924651385644225,38.976100455154942],[-76.924648128352999,38.976108290031199]]]},"properties":{"BUILDINGID":"427","NAME":"Fleet Services Building"}},{"type":"Feature","geometry":{"type":"Polygon","coordinates":[[[-76.948617375615854,38.993715727938451],[-76.948616948017786,38.993716333962261],[-76.948657956110509,38.993734013377612],[-76.948668073835549,38.993719717362282],[-76.948693470106946,38.993730667680161],[-76.948697815257958,38.993732541605901],[-76.948762780521008,38.99364078272324],[-76.948753339227366,38.993636711607358],[-76.948765338024629,38.9936197617711],[-76.948767166994529,38.993617179882754],[-76.948756490517383,38.993612575352103],[-76.948734278773657,38.993602999044413],[-76.948592819269251,38.993542005558261],[-76.948590719008124,38.993541100709422],[-76.948592609961793,38.993538430148611],[-76.948595256398605,38.993534694854254],[-76.948614208156158,38.993507927798795],[-76.948615343626685,38.993508417227297],[-76.948631782796397,38.993515504514491],[-76.948644932335512,38.993521174483362],[-76.94864761829821,38.993517379144066],[-76.948647725197731,38.993517228335882],[-76.94864905919593,38.993515343931684],[-76.948650519856571,38.993513282188182],[-76.948683216736285,38.993467097861171],[-76.948685880241115,38.993463337428331],[-76.948689239041954,38.993458591853923],[-76.948677863675513,38.993453685696302],[-76.948661262809068,38.993446527886064],[-76.94869577787891,38.993397773488311],[-76.948665478602706,38.993384709705772],[-76.94867473574169,38.99337163754258],[-76.948675092372866,38.993371138338553],[-76.948634227112279,38.993353518178516],[-76.94863413817906,38.993353642455901],[-76.948624512730802,38.993367238961277],[-76.948576115096543,38.993346371529135],[-76.948582435642891,38.993337442405576],[-76.948585891461775,38.993332562072467],[-76.948545507698185,38.993315150661054],[-76.948545133100708,38.993314988681448],[-76.94853500818914,38.993329293854927],[-76.948530200405742,38.993327220935015],[-76.948517833299221,38.993321888873588],[-76.948511095036267,38.993318983015165],[-76.948504724184289,38.993316235645288],[-76.948500519170437,38.993322173734256],[-76.948497952683681,38.993325798726197],[-76.948494322591614,38.993330926916443],[-76.948490135544063,38.993336841964016],[-76.948487420835292,38.993340676411492],[-76.948476392218538,38.993335923148827],[-76.948474495874962,38.99333510557085],[-76.948475793940545,38.993333277016838],[-76.948456490941723,38.993324953220579],[-76.948447273328611,38.993320979134637],[-76.94843330362761,38.99331495586658],[-76.94843176391521,38.993314292587932],[-76.948428890204625,38.993313052605956],[-76.948414700416407,38.993306935779991],[-76.94838432388508,38.99334983872938],[-76.948379557424161,38.993356572051312],[-76.948353020292373,38.99339405424481],[-76.948309428644876,38.993375258342837],[-76.948304537318165,38.993373150514877],[-76.94830390131095,38.993372875428989],[-76.948303679427056,38.993373188915164],[-76.948299988249573,38.993378401582682],[-76.948297624782043,38.993381741711239],[-76.948277663318109,38.99340993451252],[-76.948278228358433,38.993410178877994],[-76.948328143247195,38.993431700492444],[-76.948298596759173,38.993473432507464],[-76.948291324896957,38.993483702131762],[-76.948274669233271,38.993507226819951],[-76.94826641551245,38.993518884433179],[-76.948307753286883,38.993536709120526],[-76.948323030934901,38.993543296503816],[-76.948326918843463,38.993544971451527],[-76.948330015336253,38.993540590335627],[-76.94834448629716,38.993546830022048],[-76.94832663946741,38.993572038712735],[-76.948325518369941,38.993573639652098],[-76.948352653779736,38.993585341938285],[-76.948355063061314,38.993586380139924],[-76.948356927065532,38.993587183751259],[-76.948352272894041,38.993593759958912],[-76.948352253131105,38.993593787886326],[-76.948346959359128,38.993601264054107],[-76.948387531768944,38.993618757781014],[-76.948397615358004,38.993604517597227],[-76.948443353979016,38.993624239231643],[-76.948434396877303,38.993636889644499],[-76.948433586596934,38.993638031176786],[-76.948474073666773,38.993655487890756],[-76.948484226426118,38.993641147175758],[-76.948539252728864,38.993664868001481],[-76.948529316463507,38.993678897321374],[-76.948569684057418,38.993696303057838],[-76.948579944614607,38.993681811543276],[-76.948627016335493,38.99370210776177],[-76.948617375615854,38.993715727938451]]]},"properties":{"BUILDINGID":"381","NAME":"Center for Young Children"}},{"type":"Feature","geometry":{"type":"Polygon","coordinates":[[[-76.956862478907823,38.985107226386155],[-76.956880647334444,38.985104940253372],[-76.956920496600446,38.985099925983249],[-76.956938784503009,38.985188462258627],[-76.957046538319645,38.985174904681706],[-76.95707099495327,38.985171828111298],[-76.957068653943622,38.985160494516293],[-76.957052984630124,38.985084628302388],[-76.957128432334216,38.985075134633178],[-76.957130681715682,38.985074851834092],[-76.957136008725314,38.985074180797298],[-76.95713758526864,38.985073982488771],[-76.957139435798126,38.985073749965103],[-76.957141934012938,38.985073435743878],[-76.957297886037836,38.98505381297592],[-76.957358130654043,38.985046233259602],[-76.957370213892943,38.985044712428369],[-76.957373281639619,38.985044326285276],[-76.957375384595707,38.985044060942805],[-76.957379040738914,38.985043601481344],[-76.957383637418218,38.985043022615848],[-76.957384030880306,38.985042973736974],[-76.957392457077674,38.985041913763645],[-76.957438457108438,38.985036125107904],[-76.957456676739042,38.985124322104447],[-76.9575883239456,38.985107756372358],[-76.957570141145936,38.985019735319199],[-76.957601786098451,38.985015753085989],[-76.957607190363191,38.985015072971073],[-76.957611348664642,38.985014549268598],[-76.957615089249487,38.985014078634705],[-76.957645622087682,38.985010237451647],[-76.957642197709816,38.984993657029214],[-76.957640414553964,38.984985020125357],[-76.957639775851817,38.984981934469175],[-76.957639159607538,38.98497895285518],[-76.957630877140616,38.984938851879789],[-76.957618813664652,38.984940369920274],[-76.957575696327652,38.984945796181364],[-76.957540946797522,38.984950168751759],[-76.957506582644641,38.984954492442952],[-76.957499314375667,38.984955407177374],[-76.957490229713201,38.984956550246181],[-76.957487315578419,38.984956916139929],[-76.957477769181907,38.984958117165171],[-76.957472883245075,38.984958732341468],[-76.957467567913525,38.98495940128457],[-76.957458450013405,38.984960548542972],[-76.957350425803853,38.98497414177276],[-76.957344809536693,38.984974849120611],[-76.957337433469903,38.984975777121861],[-76.957324345914529,38.984977424341501],[-76.95731331011126,38.984978812502824],[-76.957309352134118,38.984959647075776],[-76.957295044666594,38.984890386990365],[-76.95728967633444,38.984891062916837],[-76.957266303069062,38.984894003336564],[-76.957255477471577,38.984895365663519],[-76.957215046097275,38.984900453964869],[-76.957130760767427,38.984911057210056],[-76.957133689275253,38.984925225126226],[-76.957134167178978,38.984927532212986],[-76.957136031183211,38.984936561551976],[-76.957136520765019,38.984938929387852],[-76.957149327147732,38.985000933003683],[-76.9571114227343,38.985005704282841],[-76.957110927762585,38.985003316897625],[-76.95701930679013,38.985014845335066],[-76.957015736885197,38.985015294322636],[-76.957005688330426,38.985016558191191],[-76.957001355755807,38.985017104238246],[-76.956999495344846,38.985017337460391],[-76.956999124340626,38.9850173835462],[-76.956990351393571,38.985018487510914],[-76.956962167649849,38.985022035420172],[-76.956940061009021,38.98502481662895],[-76.956938155682309,38.985025057532006],[-76.956927520527657,38.985026396115281],[-76.956889005259853,38.985031241409331],[-76.956876467473435,38.985032818102439],[-76.956848126524534,38.98503638416598],[-76.956832136512475,38.985038395880977],[-76.956834306842197,38.985048902046046],[-76.956834688626188,38.985050744081178],[-76.956838568449896,38.985069530323315],[-76.956839108337391,38.985072143945558],[-76.956840524980592,38.985078996760784],[-76.956841242734512,38.98508247344347],[-76.956846764678559,38.985109203185722],[-76.956850046224304,38.985108789810504],[-76.956851139473983,38.985108653648027],[-76.956862478907823,38.985107226386155]]]},"properties":{"BUILDINGID":"287","NAME":"Graduate Hills Apartment"}},{"type":"Feature","geometry":{"type":"Polygon","coordinates":[[[-76.935213401259091,38.984691692257819],[-76.935258169699594,38.984691879395008],[-76.93525819125918,38.984688988544285],[-76.935258441889133,38.98465254984928],[-76.935258485906573,38.984646124336244],[-76.935258497584684,38.984644619556668],[-76.935258564060007,38.984634977096192],[-76.935258583822943,38.984631882347202],[-76.935258739231486,38.98460947543871],[-76.935258886555204,38.984588115934386],[-76.935255862825954,38.984588103365439],[-76.935206673775937,38.984587898771139],[-76.935206847150781,38.984562642191001],[-76.935185923591206,38.984562554208445],[-76.935181820985278,38.984562537449882],[-76.935129177014701,38.984562316795142],[-76.935122106375104,38.984562286769354],[-76.935104741940648,38.984562214148838],[-76.935080437122309,38.98456211220077],[-76.935080323934599,38.984578436457618],[-76.935080321239653,38.984579004852833],[-76.935080262849169,38.98458736738452],[-76.935037058375556,38.984587185833242],[-76.935030062296136,38.984587155109182],[-76.935029623019943,38.98458715371261],[-76.935028667212492,38.984587149522945],[-76.935028340225728,38.984634613993869],[-76.935027974611415,38.984687351093712],[-76.9350279494586,38.984690911588473],[-76.935036963154161,38.984690948596949],[-76.935044289813618,38.984690980019259],[-76.935084669085626,38.984691149001343],[-76.935121389519495,38.984691303319664],[-76.935134368378726,38.984691358483296],[-76.935173356160362,38.984691522577442],[-76.935213401259091,38.984691692257819]]]},"properties":{"BUILDINGID":"129","NAME":"House 4"}},{"type":"Feature","geometry":{"type":"Polygon","coordinates":[[[-76.946499112243302,38.992681285235008],[-76.946561026827624,38.992681199357115],[-76.946561076234971,38.992702742139066],[-76.946511434434044,38.992702959975617],[-76.946510149843178,38.992774545779262],[-76.946563517855893,38.992772726287342],[-76.946563573551444,38.992756067390808],[-76.946567587224138,38.992756070183624],[-76.946787934081868,38.9927562524121],[-76.946787754418821,38.992762538248499],[-76.946787650214233,38.992766179327496],[-76.946787968217848,38.992766180025704],[-76.94678850361376,38.992766179327496],[-76.946844342891822,38.992766101828018],[-76.946877305672842,38.992766056445447],[-76.946877603913521,38.992681392756936],[-76.946963081307743,38.992681580571208],[-76.946968254705482,38.992681592440505],[-76.946970457374547,38.992681597327888],[-76.94697097570247,38.992579378117725],[-76.946971053855904,38.992564128832356],[-76.946971178721725,38.992539554442573],[-76.946971323350482,38.992510811814334],[-76.946977383385388,38.992510804832413],[-76.946975537347484,38.992295179940029],[-76.946975498719922,38.992290522958456],[-76.946975486143515,38.992289128656736],[-76.94685807453925,38.992289396764846],[-76.946857920927329,38.992221458559506],[-76.946839297953176,38.992221485091036],[-76.946839274596982,38.992211269044887],[-76.946820287805139,38.992211338166605],[-76.94676080945186,38.992211553211881],[-76.946742692229222,38.992211618842546],[-76.946742710195522,38.992219877837293],[-76.94647638666325,38.992219773805672],[-76.946474944867191,38.992219773107465],[-76.946474799340123,38.992223584574923],[-76.946451502431543,38.992223782863363],[-76.946451108969455,38.99220598018772],[-76.94644765045561,38.992205983678723],[-76.946430405497097,38.992206003926526],[-76.946418042882158,38.992206018588696],[-76.94636627836222,38.992206080728408],[-76.946339704399492,38.992206110750956],[-76.946302124277906,38.992206154737516],[-76.946285945619621,38.992218299209682],[-76.946281200718303,38.99221569004046],[-76.946276016540793,38.992213657583427],[-76.946270504478221,38.992212239541395],[-76.946268791390963,38.992212008437583],[-76.946268454522738,38.99221188485636],[-76.94626788319421,38.992211886252733],[-76.946264784904798,38.992211470824408],[-76.946258984483009,38.992211363999935],[-76.946253225383714,38.992211924653709],[-76.946238325926416,38.992225832775055],[-76.946237430306084,38.992230183949815],[-76.946237365627368,38.992234591678411],[-76.946238136381893,38.992238957514793],[-76.94623838701186,38.992239618010728],[-76.94623838701186,38.992239803731593],[-76.94623856308165,38.992240090691205],[-76.946239729094884,38.992243188598565],[-76.94624210064724,38.992247188578411],[-76.946245202529923,38.992250872274028],[-76.946232142822325,38.992261353629836],[-76.946232332366833,38.992324949704845],[-76.94623240782532,38.992350345947649],[-76.946232774337972,38.992472700776318],[-76.946232855186324,38.992499661623626],[-76.946232921661661,38.992521929886301],[-76.946233002510041,38.99254875526492],[-76.946233083358436,38.99257541516107],[-76.946233108511251,38.992584350664529],[-76.946233155223652,38.992599721431468],[-76.946233254038333,38.992632550557772],[-76.946233302547355,38.992648995835793],[-76.946235922034717,38.992648991646604],[-76.946237468035321,38.992648988853837],[-76.946347397571571,38.992648836647426],[-76.946347471233437,38.992681497486089],[-76.946499112243302,38.992681285235008]]]},"properties":{"BUILDINGID":"257","NAME":"Ellicott Area Dining Hall"}},{"type":"Feature","geometry":{"type":"Polygon","coordinates":[[[-76.945729375520727,38.990294876922988],[-76.945724992640464,38.990299500521431],[-76.945880219724927,38.990389154422857],[-76.945987232431463,38.990276298041962],[-76.945987444433868,38.990276074612211],[-76.945987533367088,38.990275981050971],[-76.945988284358663,38.99027519834857],[-76.946044589862353,38.990215820465231],[-76.946033776841276,38.99020957489941],[-76.946021433989273,38.990202445388057],[-76.945990830184172,38.990184769978008],[-76.945979006558403,38.990177940000137],[-76.945889366371148,38.990126167042533],[-76.945883987259222,38.990131837981117],[-76.945881549231544,38.990134412316223],[-76.945879157916266,38.990136932888277],[-76.945873831804946,38.990142547968489],[-76.945763600434745,38.990258787429894],[-76.945729375520727,38.990294876922988]]]},"properties":{"BUILDINGID":"369","NAME":"Maryland Stadium Maintenance Building"}},{"type":"Feature","geometry":{"type":"Polygon","coordinates":[[[-76.940239820226807,39.003995838340643],[-76.940227801666637,39.004038967968924],[-76.940217100934973,39.004077385518471],[-76.940483138802989,39.004122510911813],[-76.940489815082188,39.004098554149735],[-76.940500972158006,39.004058512174737],[-76.940501446468474,39.004056807458362],[-76.940511795958869,39.004019664596122],[-76.94048327265196,39.004014827582772],[-76.940248223067982,39.003974957986919],[-76.94024575270096,39.003974539137175],[-76.940239820226807,39.003995838340643]]]},"properties":{"BUILDINGID":"885","NAME":"Veterinary Science Barn"}},{"type":"Feature","geometry":{"type":"Polygon","coordinates":[[[-76.941705028150764,39.005810717603765],[-76.94173134250039,39.005814645614073],[-76.941750561955885,39.005817513263899],[-76.941877837061966,39.005836513186104],[-76.941878928515038,39.005832067911172],[-76.941886019815897,39.005803149185283],[-76.941899581681753,39.005805174271345],[-76.941910112631817,39.005762223028412],[-76.941966239370771,39.005770601904956],[-76.941982601285346,39.005703890578957],[-76.941982738727589,39.005703325843719],[-76.941982684828673,39.005703316768873],[-76.941912759966968,39.005692879287984],[-76.941905893244936,39.005720875216198],[-76.94173337628618,39.00569511868342],[-76.941705028150764,39.005810717603765]]]},"properties":{"BUILDINGID":"798","NAME":"Mosquito Control Building"}},{"type":"Feature","geometry":{"type":"Polygon","coordinates":[[[-76.940124655309077,38.97863605561686],[-76.94032683104524,38.978727471516741],[-76.940380894353979,38.978654626379665],[-76.940375337375627,38.978652113080393],[-76.94037464477455,38.978651800227361],[-76.940359240464062,38.978644834358462],[-76.940312696054249,38.978623788002764],[-76.940284962366476,38.978611248036657],[-76.940272615921216,38.978605665561737],[-76.940250504788807,38.978595668223804],[-76.940176879766426,38.978562377273789],[-76.940124655309077,38.97863605561686]]]},"properties":{"BUILDINGID":"276","NAME":"Graduate Gardens Apartment 4322"}},{"type":"Feature","geometry":{"type":"Polygon","coordinates":[[[-76.953320362453724,38.997592586366949],[-76.953380970887636,38.997639524093053],[-76.953506404447396,38.997540898422066],[-76.953445794216847,38.997493961328701],[-76.953320362453724,38.997592586366949]]]},"properties":{"BUILDINGID":"319","NAME":"Golf Course Storage Building"}},{"type":"Feature","geometry":{"type":"Polygon","coordinates":[[[-76.94110726939779,38.992089145566723],[-76.941110448535554,38.992090329714181],[-76.941111650481403,38.992088365677169],[-76.941185513557329,38.99196760697059],[-76.94108698633697,38.991930903214708],[-76.941084586038542,38.991930008818322],[-76.941073190909165,38.991948638233943],[-76.941067835153433,38.991957393680586],[-76.941051256744856,38.991984502742859],[-76.941038612058918,38.991979795470385],[-76.941037697573961,38.991981290319153],[-76.941030375406086,38.991993261676086],[-76.941028764726795,38.991995896686916],[-76.941041246817662,38.992000546007638],[-76.941024353998742,38.992028164739928],[-76.941018799715337,38.992037243443647],[-76.941008998197276,38.992053268543266],[-76.941033404525228,38.992062361207751],[-76.941042182862176,38.992065630181976],[-76.941049620912722,38.992068401339253],[-76.941043321027649,38.99207870398282],[-76.941064925510233,38.992086752136601],[-76.941071590111321,38.992075851136534],[-76.94110726939779,38.992089145566723]]]},"properties":{"BUILDINGID":"103","NAME":"Animal Science Service Building"}},{"type":"Feature","geometry":{"type":"Polygon","coordinates":[[[-76.947130274850124,38.989522569762975],[-76.947133146764088,38.989524246202265],[-76.947134222047467,38.989523122059296],[-76.947138435146172,38.989518723936996],[-76.947142648244849,38.989514325814426],[-76.947146859546891,38.989509926295163],[-76.947151071747257,38.989505528172046],[-76.947155283049312,38.989501129350415],[-76.947159496147989,38.989496730528558],[-76.947163707450045,38.989492331008151],[-76.947167920548722,38.989487932185753],[-76.947172133647413,38.989483534061272],[-76.947176344949469,38.989479135238263],[-76.947179656139596,38.989475678321803],[-76.947355666646487,38.989291878487094],[-76.947301118247481,38.989260063034791],[-76.947296669790191,38.989257469815776],[-76.947276565494136,38.989245743074243],[-76.947267337101238,38.989242029896602],[-76.947262376604229,38.989246979636384],[-76.947202544314734,38.989306670440207],[-76.947120728453584,38.989265638385575],[-76.947040040876473,38.989349499009492],[-76.947115088830245,38.989394908897147],[-76.947050616742303,38.989461923269758],[-76.94704691478502,38.989465770495237],[-76.947043571255534,38.989469246264299],[-76.947041874337955,38.989471009284877],[-76.947054050103318,38.989478111639102],[-76.947068285705626,38.989486415639263],[-76.947081495431874,38.989494119862528],[-76.947092402776065,38.989500482095231],[-76.94711490377729,38.989513605943927],[-76.947124540005348,38.989519224564667],[-76.947130274850124,38.989522569762975]]]},"properties":{"BUILDINGID":"362","NAME":"Maryland Stadium Concessions"}},{"type":"Feature","geometry":{"type":"Polygon","coordinates":[[[-76.946215631787396,38.990073292255836],[-76.946221565159846,38.990076740764493],[-76.94633111381043,38.990140396056418],[-76.946349486154617,38.990151071829793],[-76.946358987635392,38.990156591951035],[-76.946466381227594,38.990044023564352],[-76.946482132287798,38.99005317723212],[-76.946485073372031,38.990054885776999],[-76.946518400869081,38.990019951018326],[-76.946520074430452,38.9900196277422],[-76.946560167139879,38.989990693476351],[-76.946602864963666,38.989959880983754],[-76.946625283319889,38.989936194525519],[-76.946674081602751,38.989884641331003],[-76.946724135730392,38.989804305969322],[-76.946757182953064,38.989769667831737],[-76.946751970927792,38.989766638940161],[-76.946728393744834,38.989752938406099],[-76.946830651668577,38.989645751988355],[-76.946809066050605,38.989633207690417],[-76.946825036299728,38.989616468457307],[-76.946830436971226,38.989610809347248],[-76.946757066172069,38.989568175740821],[-76.946717398365763,38.989545124536512],[-76.946713700900062,38.989542977493826],[-76.946711514400661,38.989541706025634],[-76.946694708718312,38.989559320152395],[-76.946571224502719,38.989487566315425],[-76.946565797780096,38.98949325196795],[-76.946524459107351,38.989469230903325],[-76.946582270187449,38.989408638127877],[-76.946576342204892,38.989405193077815],[-76.946540530866102,38.989384383128531],[-76.946540258676563,38.989384666608636],[-76.94653970531435,38.989385247533349],[-76.946536024916625,38.989389105236427],[-76.946535447299908,38.989389711297228],[-76.946482674870225,38.989445027593533],[-76.946460826045879,38.989432332443116],[-76.946416799613814,38.989406750123145],[-76.946415987536795,38.989407601261362],[-76.946313531983691,38.989514990525151],[-76.946281267193626,38.989496241770553],[-76.946281835827193,38.989495644787553],[-76.946282745820582,38.989494690312988],[-76.946272752961377,38.989488881772843],[-76.946239365277194,38.989469481566431],[-76.946231080115339,38.989464667298108],[-76.946223680692341,38.989472424588932],[-76.946192478609262,38.989505128088744],[-76.946197060017198,38.98950778763016],[-76.946195459219382,38.9895094668627],[-76.946198435337919,38.98951386638204],[-76.946201724968489,38.98953170883545],[-76.94620273287822,38.989549495426338],[-76.946202857744055,38.989551712291323],[-76.946202520875829,38.989553796493453],[-76.946199810658626,38.989570516191009],[-76.946195306505771,38.989585948358076],[-76.946191191323464,38.989597724617198],[-76.946189526745258,38.989602486509611],[-76.946182019524414,38.989615886138075],[-76.946181158938373,38.989616939758896],[-76.946171667339073,38.989628545646127],[-76.94615488680958,38.989648574908905],[-76.946140066403999,38.989661524174075],[-76.946118356818531,38.989677366876954],[-76.946098562441264,38.989688578956041],[-76.946095724663266,38.989690186267275],[-76.946090918676504,38.989692120347215],[-76.946078522823896,38.98969710496668],[-76.946071307555542,38.989700005388023],[-76.946068310775743,38.989700693138367],[-76.94603443800132,38.989708462273114],[-76.94601534430997,38.989711423439445],[-76.946009394767842,38.989712346491046],[-76.946000594871322,38.989713711518171],[-76.945996901897189,38.98971266069168],[-76.945957818894115,38.9897536226648],[-76.945958551021064,38.989754049279156],[-76.945959958681115,38.989754867596737],[-76.94595862198797,38.989756265439503],[-76.945917975018006,38.989798870305492],[-76.945893433942743,38.989824594921153],[-76.945886312997501,38.989832032386651],[-76.945886277064901,38.989832095226646],[-76.945884952049838,38.989833483990992],[-76.945886193521559,38.989834206651182],[-76.945942168445228,38.989866732635441],[-76.946039179309395,38.989923103571613],[-76.9460427528076,38.989919357613111],[-76.946124093459957,38.989834103314287],[-76.946186644949805,38.989870451366073],[-76.946124137477383,38.989935964810684],[-76.946120505588695,38.989939773608263],[-76.946182486648368,38.98997578855441],[-76.946134459120003,38.990026124684213],[-76.946215631787396,38.990073292255836]]]},"properties":{"BUILDINGID":"379","NAME":"Gossett Football Team House"}},{"type":"Feature","geometry":{"type":"Polygon","coordinates":[[[-76.941762227478165,38.98268494070286],[-76.941771398378904,38.982684782190347],[-76.94178034200587,38.982684628565906],[-76.941855560639553,38.982683329741093],[-76.941860907412135,38.982683236868127],[-76.941868663466295,38.982683102795896],[-76.94187337872323,38.982683022492211],[-76.941873294281578,38.982676577946506],[-76.94187333380745,38.982662596024554],[-76.941922713300301,38.982661608638054],[-76.941942076486256,38.982661220387051],[-76.941941981264833,38.98265439596787],[-76.94194194353561,38.982651883508836],[-76.941958821981459,38.982651479197081],[-76.941981285253476,38.982650940812988],[-76.942056722177753,38.982649134328348],[-76.942056457174743,38.98256333498334],[-76.942056423937089,38.982552692980313],[-76.941940322076505,38.982555106285076],[-76.941940284347254,38.98255228517651],[-76.941870735879647,38.982553501605011],[-76.941860760986742,38.982553675480297],[-76.941860683731619,38.982550451455886],[-76.94185863467446,38.982550494051829],[-76.941844239172028,38.982550788731992],[-76.941841207357953,38.982550851578495],[-76.941765337445688,38.982552411567767],[-76.941764491232689,38.982552429025112],[-76.941764696946876,38.982555354179553],[-76.941763145556379,38.982555381413015],[-76.941721415218183,38.982556108337235],[-76.941719545824071,38.982556141157097],[-76.941717001795183,38.98255618445129],[-76.941680195123041,38.982556828278547],[-76.941680203207895,38.982559895884776],[-76.941636884648261,38.98256051876313],[-76.941634747556193,38.98256054948807],[-76.941589525466483,38.982561199599935],[-76.941587575224005,38.982561227531711],[-76.941571662467041,38.982561456572149],[-76.941571693009791,38.982564186203852],[-76.941571726247432,38.982567283138096],[-76.941571982267305,38.982590756289341],[-76.941572052335886,38.982597201541161],[-76.941572356864768,38.98262501178349],[-76.941572376627704,38.982626922314516],[-76.941572435916513,38.982632375986363],[-76.941572632647564,38.982650467370156],[-76.94157268744479,38.982655452485488],[-76.941572722479094,38.9826586981522],[-76.941572732360555,38.982659698108023],[-76.941614643260138,38.982658781947386],[-76.941653429819155,38.982657933521182],[-76.941672707665163,38.982657511053795],[-76.941681911803556,38.982657309945388],[-76.94168191809176,38.982657704480999],[-76.941682028584538,38.982666377980017],[-76.941684935532791,38.982666321418314],[-76.941691051263248,38.982666200613586],[-76.941691249790935,38.982666196423814],[-76.941761298620165,38.982664820786418],[-76.941762227478165,38.98268494070286]]]},"properties":{"BUILDINGID":"021","NAME":"Prince George's Hall"}},{"type":"Feature","geometry":{"type":"Polygon","coordinates":[[[-76.945968888833363,38.986940515630117],[-76.94596910532735,38.986944776357205],[-76.945970867821941,38.986979540864006],[-76.945971914359234,38.986979532485016],[-76.945976012473565,38.986979426350906],[-76.945981379907394,38.986979288097295],[-76.946033557652342,38.986977943266744],[-76.946044854865363,38.986977652096272],[-76.946064760633746,38.986977138882104],[-76.94612386618617,38.986975615299301],[-76.946122890615769,38.986952582801727],[-76.946122001283655,38.986931568940342],[-76.946120347485206,38.986892496198941],[-76.946120040261377,38.986885244857739],[-76.946120029481605,38.98688500745223],[-76.94612001960013,38.986884761667703],[-76.94611998456584,38.986883918878149],[-76.946117816032739,38.986832721663816],[-76.946117740574266,38.986830915285886],[-76.946115749907591,38.986783899169154],[-76.946115037543564,38.98676707198068],[-76.94613132399968,38.986766651632593],[-76.946208896219403,38.986764652535214],[-76.946211230042508,38.986764593183771],[-76.946410241912218,38.98675946242296],[-76.946412683533168,38.986759399580244],[-76.946446877904464,38.986758518385273],[-76.946446096370153,38.986741575280789],[-76.946446020013369,38.986739939274266],[-76.946443800276299,38.986691847786915],[-76.946443733800976,38.986690419160482],[-76.946441427825633,38.986640455620815],[-76.946436890435137,38.986640663002241],[-76.946434168539824,38.986602592793353],[-76.946421913722716,38.986603285461605],[-76.946419083131261,38.986568004061603],[-76.946299029581752,38.986572555983194],[-76.946300972637701,38.986607706807419],[-76.946289795798933,38.986607699824859],[-76.946284736487272,38.986607697730115],[-76.946286649898809,38.986644415418546],[-76.946267187898187,38.986644890929405],[-76.946048198394834,38.986650236760646],[-76.946047898357548,38.986650244441464],[-76.946044778508551,38.986650320551114],[-76.94602097854343,38.986650901498265],[-76.94601888187556,38.986650952470818],[-76.946014818795533,38.986651051622829],[-76.945954277735254,38.986652529826074],[-76.945954957759923,38.986665948167577],[-76.945955085320705,38.98666844931207],[-76.945955123049941,38.986669204124254],[-76.945959977545741,38.98676486480403],[-76.945967270967529,38.986908613934347],[-76.945968841222651,38.98693958067215],[-76.945968888833363,38.986940515630117]]]},"properties":{"BUILDINGID":"064","NAME":"Dorchester Hall"}},{"type":"Feature","geometry":{"type":"Polygon","coordinates":[[[-76.940049660355911,39.004070213425038],[-76.940058551880583,39.004071726866677],[-76.940064686475651,39.004049810581471],[-76.940082429100826,39.003986418412509],[-76.940082874665222,39.00398483027417],[-76.940087063509395,39.003969852906657],[-76.940055414963609,39.003964459517761],[-76.940052015738573,39.003963880108913],[-76.940033707174763,39.003960760375968],[-76.940003746563406,39.003955655294739],[-76.939997470932838,39.003954586529574],[-76.939966522174672,39.003949312511715],[-76.939893930214879,39.003936942477637],[-76.939865419484391,39.004038817881195],[-76.940049660355911,39.004070213425038]]]},"properties":{"BUILDINGID":"887","NAME":"Veterinary Science Equipment Storage Building"}},{"type":"Feature","geometry":{"type":"Polygon","coordinates":[[[-76.938632587758136,38.992140375983709],[-76.938634030452477,38.992307112842944],[-76.938956764591339,38.992305409938005],[-76.939036859280392,38.992304988924609],[-76.939092031110206,38.992304696379627],[-76.939090512957378,38.992129081207295],[-76.939090299158323,38.992104531801608],[-76.939094101726923,38.992104512950256],[-76.939160796246881,38.992104266485647],[-76.939161272353971,38.992104264391067],[-76.939181885096488,38.992104188287215],[-76.93918234772886,38.992104186192641],[-76.939212832058033,38.992104073782457],[-76.939270114928775,38.992103864322452],[-76.939305890334964,38.992103732362665],[-76.939306005319295,38.99212458200796],[-76.939301391572016,38.992124596670145],[-76.93930141313156,38.992129190824635],[-76.939301937747686,38.992224733111961],[-76.939302257547951,38.99222473101738],[-76.939305826554559,38.992224717053368],[-76.939338027564233,38.992224611625389],[-76.939356077413251,38.992224551580257],[-76.939357741991458,38.992224547391046],[-76.939358165097971,38.992224544598258],[-76.939380639149732,38.992224469192813],[-76.93946832100967,38.992224176647504],[-76.939475136527733,38.992224152908761],[-76.939488161201041,38.992224038404139],[-76.93948835344051,38.992224038404139],[-76.939488958905002,38.99222403142214],[-76.939490809434488,38.992224015363604],[-76.939490849858686,38.992224015363604],[-76.93949089118118,38.992224026534764],[-76.939564047283,38.992223375115273],[-76.939598828254162,38.99222307139879],[-76.939618238152491,38.992222903132841],[-76.939623120496066,38.992222860542711],[-76.939623067495447,38.992214165872255],[-76.939623013596545,38.992205358092448],[-76.939623006410017,38.992203998698969],[-76.939622488980433,38.99212935699618],[-76.939622423403407,38.992122754819093],[-76.939617644366095,38.992122699661316],[-76.939616780186782,38.992101737605225],[-76.939676846038253,38.992100885801186],[-76.939780187330229,38.992099899244536],[-76.939781298546251,38.992099890167943],[-76.939782995463801,38.992099873411121],[-76.939828478064953,38.992099441225314],[-76.939829173360991,38.99210366184446],[-76.939837678610104,38.992103531281039],[-76.939837183638375,38.99211795748802],[-76.939885968446504,38.992117781541644],[-76.939886066362874,38.992100896274209],[-76.939897652833409,38.992100731498972],[-76.93989707162342,38.992093175577864],[-76.940108260156833,38.992093368979283],[-76.940111194952863,38.992093371772086],[-76.940111558770568,38.992093371073871],[-76.940115381102089,38.992093374564874],[-76.940116186890904,38.992093375263089],[-76.940120493414369,38.992093380150472],[-76.940121242609322,38.992093380150472],[-76.940121179727257,38.992086273869504],[-76.940120970419784,38.992063419679589],[-76.940120793451669,38.992044112341318],[-76.940120127800057,38.991971267640139],[-76.940119356147207,38.991886899038569],[-76.940119014787413,38.991849716972091],[-76.940118685105688,38.99181366388013],[-76.940118412017867,38.991791054671452],[-76.940117320564781,38.991700632426841],[-76.940117282835544,38.991697533797563],[-76.94011701962917,38.991675685594387],[-76.940115072979964,38.991514511249946],[-76.940114468413753,38.991464460348588],[-76.94011439026032,38.991458055003633],[-76.940114301327114,38.991450644240864],[-76.940113570098475,38.99139013275726],[-76.940113566505218,38.991389755027257],[-76.940113559318689,38.991389224389863],[-76.939885912750967,38.991391594802778],[-76.939885314472988,38.991364159450583],[-76.939884756619193,38.99133852965258],[-76.939884545515113,38.991328836436516],[-76.939884196968777,38.991312853763532],[-76.939884075696199,38.99130730859693],[-76.939883955321974,38.991301752956808],[-76.939906037708283,38.991301778092307],[-76.939907228874333,38.991301778092307],[-76.939907205518139,38.991300131717992],[-76.939907201026571,38.991299846150952],[-76.939907174975431,38.991297991012473],[-76.939907044719718,38.991288584056157],[-76.939907041126446,38.991288291506976],[-76.939906668325605,38.991261605990523],[-76.939921598325611,38.991261446799037],[-76.939922307994692,38.991261439118716],[-76.939928177586765,38.991261376280001],[-76.939983502130161,38.991260789784967],[-76.939983461705992,38.991253734389602],[-76.939997055911178,38.991253641527877],[-76.939997672155471,38.991253637338659],[-76.940138624111754,38.99125267590572],[-76.940164746221896,38.991252497862583],[-76.940166621904197,38.991252485294822],[-76.940230884684681,38.991252047518131],[-76.940230893667845,38.991252649373756],[-76.940230987092647,38.991259326340369],[-76.940248005675684,38.991259115481427],[-76.940268109073429,38.991258868315704],[-76.94027594687428,38.991258769170109],[-76.940276612525921,38.991220846672412],[-76.940328684269673,38.991220769171235],[-76.940328168636711,38.991181874746168],[-76.9403281569586,38.99118092099252],[-76.940327992566893,38.991168556406464],[-76.940326359429719,38.991045369150982],[-76.940325659642113,38.990992516695513],[-76.940221126285749,38.990993567503047],[-76.940055724882384,38.990995230641474],[-76.939993217409963,38.990995859031337],[-76.939988827343186,38.990995902320414],[-76.939924440595192,38.990996549561928],[-76.93989218119502,38.990996874230035],[-76.939888126199833,38.990996915424446],[-76.939829773435605,38.990997501921612],[-76.939823810418744,38.990997561967774],[-76.939823810418744,38.990999197875894],[-76.939823811317069,38.991001196853681],[-76.939823814012001,38.991004050441461],[-76.939823827486734,38.991042965910601],[-76.939823828385045,38.991046483494863],[-76.939592390926819,38.991048085189526],[-76.939593071849799,38.991094174043958],[-76.939538553095218,38.991094595762782],[-76.939536015354548,38.99109461670907],[-76.939536908279919,38.991124609707732],[-76.93953754788042,38.991146115260165],[-76.939400003233999,38.991147894996033],[-76.939393851570941,38.991147975988298],[-76.939390791909076,38.991148015088058],[-76.939253030768683,38.99114980110776],[-76.939185120828157,38.991150680851575],[-76.939180219619956,38.991150745086834],[-76.939079365763007,38.991152052833058],[-76.939081293547616,38.991218759726543],[-76.939081851401397,38.991238019113538],[-76.939082523341241,38.9912612876075],[-76.939073625528337,38.991261364410413],[-76.939073657867709,38.991248502714008],[-76.939024829042097,38.991249407592107],[-76.939025089553553,38.99126149497539],[-76.939018116830312,38.991261650675824],[-76.939018091677468,38.99127258671173],[-76.938999087817635,38.991273053813011],[-76.93899945253365,38.991308249082913],[-76.939018303679887,38.991307668872196],[-76.939018381833321,38.991311084504908],[-76.939018464478323,38.991314708901619],[-76.939018503105885,38.991316484443985],[-76.939023440246686,38.991316292436871],[-76.939023988219006,38.991394361098962],[-76.938854322512981,38.99139557807375],[-76.938854328801199,38.991395931366483],[-76.938854359343907,38.991399773599362],[-76.93885619639866,38.991627886517172],[-76.93885633743416,38.991644086260649],[-76.938857364208545,38.991762742530724],[-76.938858460153185,38.991889466327763],[-76.938630427309874,38.991890666537216],[-76.938632587758136,38.992140375983709]],[[-76.939831719186486,38.992054970057843],[-76.939818055811031,38.992055043368886],[-76.939724008488994,38.992055550262428],[-76.939379277303772,38.992057407475691],[-76.939328954579864,38.992057679075693],[-76.939308757757345,38.992057787296766],[-76.939307751644222,38.992057792882356],[-76.939269374716957,38.992058000247873],[-76.939268910287964,38.992058002342503],[-76.939268295840307,38.992058005135299],[-76.939252257319225,38.99205809310854],[-76.939246806342084,38.99205812243293],[-76.939222989308945,38.992058250203648],[-76.939212455663935,38.992058306757848],[-76.939209340306519,38.992058322816476],[-76.939182469001423,38.992058467343966],[-76.939182308202987,38.992058468740389],[-76.939159774862404,38.992058590227252],[-76.93908943677566,38.992058968651897],[-76.939088777412252,38.991984227651571],[-76.939101361911057,38.99198415922789],[-76.939101317893602,38.991978929700828],[-76.939150250923774,38.991978665780771],[-76.939149097486933,38.991848252143242],[-76.939148478547722,38.991778311765835],[-76.939147904524233,38.991713480775253],[-76.939147328704152,38.991648265014653],[-76.939146808579594,38.991589607434463],[-76.939146507643983,38.991555438666431],[-76.939145938112091,38.991491108085476],[-76.939145417987547,38.991432269539523],[-76.939145282341926,38.991416919465237],[-76.939145238324485,38.991411784852431],[-76.939145251799204,38.991411110384611],[-76.939145055966478,38.991391272929349],[-76.939135463755861,38.991391321803839],[-76.93913552573963,38.991398471443418],[-76.939083215044008,38.991398753519015],[-76.939082460459161,38.991313295030842],[-76.939170371389494,38.991312821645948],[-76.93925289332644,38.991312377585814],[-76.939398513827257,38.991311592800216],[-76.939479327168527,38.991311157816718],[-76.939680068295175,38.991310076292798],[-76.939825002483133,38.991309294300059],[-76.939825689694317,38.99138712139024],[-76.939749459557618,38.991387532634192],[-76.939749486507083,38.991390762540007],[-76.939749492795286,38.99139140838151],[-76.939750024597942,38.991451463236992],[-76.939752802188792,38.991765360095073],[-76.939829994421146,38.991764944664126],[-76.93983070139528,38.991844918226128],[-76.939751425071464,38.99184534343145],[-76.939752170673145,38.991929362981715],[-76.939830606173857,38.991928939871443],[-76.939831719186486,38.992054970057843]]]},"properties":{"BUILDINGID":"142","NAME":"Animal Sciences/Agricultural Engineering Building"}},{"type":"Feature","geometry":{"type":"Polygon","coordinates":[[[-76.942286589380871,39.003158467169676],[-76.942347422393595,39.003168868723783],[-76.942350615006106,39.00315750520037],[-76.942390990684871,39.003164407225171],[-76.942405266711376,39.003113568041094],[-76.942409631625338,39.003098023638785],[-76.942429028048949,39.003101338875361],[-76.942429865278783,39.003098355930355],[-76.942436579287232,39.003074440706939],[-76.94243726470178,39.003072000178094],[-76.942385452571131,39.003063145581372],[-76.942402905938806,39.003000995831002],[-76.942416260293811,39.00300327859339],[-76.942436696966539,39.00293049194547],[-76.942366345405048,39.002918463798984],[-76.942375527085559,39.002885758818486],[-76.942445827443095,39.002897778593422],[-76.942466052113389,39.002825755552003],[-76.942452050073044,39.002823360390742],[-76.942469524101952,39.002761127356443],[-76.942503235179629,39.002766889431122],[-76.942504329327647,39.002762702956488],[-76.942515686727774,39.002765165835015],[-76.942515828661584,39.002764650641048],[-76.942522404329466,39.002740835830508],[-76.942524175807208,39.002734413355739],[-76.942512892068933,39.002732484518916],[-76.942530161281951,39.002670987895677],[-76.942489870943135,39.002664101180898],[-76.942493202794523,39.002652230060662],[-76.942432782108511,39.002641900334503],[-76.942429334374452,39.002654180540631],[-76.942352229278683,39.002640999092506],[-76.942355658148117,39.002628782410817],[-76.942294914966922,39.002618396833533],[-76.942291509453682,39.002630526953133],[-76.942251012502339,39.002623605329532],[-76.942232608717134,39.002689149552161],[-76.942214907414467,39.00268612191163],[-76.942214102523963,39.00268898340542],[-76.942207224123834,39.002713490743993],[-76.942206679744785,39.002715418185112],[-76.942257659137141,39.002724134602502],[-76.942240053055897,39.002786833298472],[-76.942227358064301,39.002784664318533],[-76.942206469538988,39.002859056034318],[-76.942274679516828,39.002870717691707],[-76.94226615809805,39.002901072896591],[-76.942196261982417,39.002889122233448],[-76.942175952870471,39.002961453069268],[-76.942190618765792,39.002963962015045],[-76.942172182641229,39.003029613428495],[-76.942139686085824,39.00302405870864],[-76.942130004942001,39.003022404229945],[-76.942126645242851,39.003021829001895],[-76.942120074066537,39.003020705771441],[-76.94211961233249,39.003022346986398],[-76.942112496777128,39.003047683542825],[-76.942111204999748,39.003052286761488],[-76.942130251080386,39.003055545454743],[-76.94211399516702,39.003113424234279],[-76.942112948629713,39.003117143665008],[-76.942152046904127,39.003123827191168],[-76.942148916275372,39.003134984084994],[-76.94220954177726,39.003145349341828],[-76.942212608625638,39.003134421423511],[-76.942289642754517,39.00314758881791],[-76.942286589380871,39.003158467169676]]]},"properties":{"BUILDINGID":"991","NAME":"Courtyard 500"}},{"type":"Feature","geometry":{"type":"Polygon","coordinates":[[[-76.941932510326794,39.004687590204433],[-76.942011207237258,39.004700952072838],[-76.942053162154295,39.004550511710981],[-76.942293914243692,39.004591391099687],[-76.942298962775581,39.004573292060392],[-76.942311589495219,39.004528018962162],[-76.942315149518706,39.004515254615448],[-76.942399451916529,39.004529569392062],[-76.942399639664416,39.004528895049326],[-76.942442186571228,39.004376335652132],[-76.942357693730557,39.004361988732839],[-76.942385612471256,39.004261885521814],[-76.94239246661688,39.004237312402012],[-76.942392878045283,39.004235839452576],[-76.942409821169861,39.004175083403837],[-76.942441816465319,39.004060366280612],[-76.942404625314268,39.004054052826454],[-76.942408216778759,39.004041171116448],[-76.942360318607811,39.004033039156177],[-76.94235958198928,39.00403567720916],[-76.94235674331297,39.004045857342199],[-76.941993733208349,39.00398421735752],[-76.941997513319066,39.003970672455992],[-76.942000761627142,39.003959035412855],[-76.941974658381611,39.003954602585438],[-76.941867101296012,39.003936338635654],[-76.9418676645397,39.00393433443859],[-76.94158548574265,39.003886421476849],[-76.941582192518808,39.003898229562445],[-76.941578206693904,39.0039125193329],[-76.941413632638913,39.00388457295103],[-76.941343957508835,39.003872741826413],[-76.941267255756614,39.003859716976145],[-76.941266299949163,39.003863144568584],[-76.94123658547619,39.003969675593602],[-76.941182647931569,39.003960517443083],[-76.941179604439398,39.003960001559733],[-76.941165641026629,39.00401006456589],[-76.94115415247245,39.004051260498045],[-76.941149124601822,39.004069284976104],[-76.941148641308189,39.004071016219271],[-76.941145522357516,39.00408220298123],[-76.941145021995894,39.004084000541894],[-76.941134526080134,39.004121626442661],[-76.94113387210659,39.00412396920391],[-76.941127901903215,39.004145382847724],[-76.941127293743776,39.004147564351413],[-76.941117944976611,39.004181072937712],[-76.941129187392406,39.004182982886839],[-76.941320412665235,39.004215452712579],[-76.941455984611281,39.004238474705645],[-76.941451404999953,39.004254892853702],[-76.941450904638373,39.004256689711873],[-76.941450852536065,39.00425686772229],[-76.941423222154555,39.004355934292974],[-76.941419692673819,39.004368585579606],[-76.941392082055231,39.004363897979061],[-76.941375302424035,39.004424070970096],[-76.941429579531828,39.004433287001113],[-76.941427053469255,39.00444235713254],[-76.941400419319393,39.004437835679518],[-76.941400120180404,39.00443890583351],[-76.941390186609979,39.004474523873427],[-76.941417258239383,39.004479120018452],[-76.941405935873533,39.004519723009665],[-76.941477176767165,39.004531819993595],[-76.941494781051773,39.004534809160866],[-76.941646359179558,39.004560547966115],[-76.941664555453954,39.004563637655238],[-76.941664776439524,39.00456367535142],[-76.941683291615831,39.004566819490456],[-76.94166239859895,39.004641727304893],[-76.941874193495181,39.00467768799794],[-76.941903121942261,39.004682600358144],[-76.941932510326794,39.004687590204433]]]},"properties":{"BUILDINGID":"795","NAME":"Avrum Gudelsky"}},{"type":"Feature","geometry":{"type":"Polygon","coordinates":[[[-76.95429244738898,38.994314282124371],[-76.954299086837239,38.994332573692475],[-76.954321807925723,38.994395181381577],[-76.954449772039638,38.994366898907906],[-76.954437334864537,38.994332628150346],[-76.954422747122635,38.994292444503557],[-76.954385336782636,38.994300713029929],[-76.954382998467921,38.994294266749172],[-76.95429244738898,38.994314282124371]]]},"properties":{"BUILDINGID":"169","NAME":"Boat House"}},{"type":"Feature","geometry":{"type":"Polygon","coordinates":[[[-76.944218560129812,38.982402262789783],[-76.94424809763467,38.982401725800408],[-76.944248580928289,38.982417996088373],[-76.944356801868878,38.982416032481289],[-76.944356314083691,38.982399584825721],[-76.944409648858723,38.98239861908278],[-76.944410175271486,38.982416246858008],[-76.944518315363709,38.982414285345747],[-76.944517809612194,38.982397209223642],[-76.94457130518569,38.982396241385729],[-76.944571778597833,38.982412149957852],[-76.944678666438548,38.982410209394338],[-76.944678171466833,38.982393719141442],[-76.944709950268319,38.982393143745703],[-76.944714266673259,38.982389442777929],[-76.944716009404914,38.982387949123158],[-76.944749200358032,38.982359494260344],[-76.944748632622776,38.982340337202046],[-76.944754328839977,38.98234023385421],[-76.944751713844198,38.982252360192284],[-76.944747120758151,38.982252443289653],[-76.944746720109535,38.982238933332901],[-76.944746310477754,38.98222522016907],[-76.944745934083656,38.982212567716601],[-76.944751793794254,38.982212460877086],[-76.944749227307497,38.982126243420375],[-76.944744358438641,38.982126331406022],[-76.944744047621569,38.982115919775815],[-76.944743640684734,38.982102251977551],[-76.944743226561386,38.982088374687059],[-76.944748582317118,38.982088276226932],[-76.944746083203995,38.982004302255717],[-76.944742281533706,38.982004252676482],[-76.944726250199153,38.982004047376357],[-76.944726264572196,38.981984741484048],[-76.944691782740023,38.981959393196242],[-76.944666433181013,38.981959449060248],[-76.944666202313996,38.981950560398182],[-76.944666090024569,38.981946261662337],[-76.944665973243588,38.981941820472962],[-76.944665904971629,38.981939171121809],[-76.94465807166236,38.981939361059474],[-76.944558660499752,38.981941765307248],[-76.944558968621891,38.98195211690922],[-76.94453646672234,38.981952525414798],[-76.944531856568304,38.981952609210772],[-76.944508571337821,38.981953032380687],[-76.944508268605574,38.981942879794403],[-76.9444834086284,38.981943634656915],[-76.944466856270964,38.981944137433111],[-76.944397683299158,38.981946237920098],[-76.944397906979646,38.981953709033512],[-76.944365524510303,38.981954298398804],[-76.944366694116781,38.981993587545553],[-76.944321030954271,38.981994413634105],[-76.944322522157634,38.982044404893351],[-76.944322662294823,38.98204913098234],[-76.944367453193209,38.982048317463807],[-76.944367763111984,38.982058663463768],[-76.944368738682371,38.982091512143455],[-76.944400423160772,38.982090935348637],[-76.944400903759444,38.982106973872909],[-76.944446953197556,38.982106138009478],[-76.944505040958759,38.982105084975181],[-76.944504737328188,38.982094910065122],[-76.94450453700388,38.98208820430213],[-76.944507599360691,38.982088148438216],[-76.944552521413087,38.98208733142863],[-76.944567038188083,38.982097912051266],[-76.944568000283766,38.982130319388141],[-76.94454598347447,38.982130718814808],[-76.944547916648943,38.982195598385374],[-76.944548125058105,38.982202599518111],[-76.944548313704303,38.982208920508278],[-76.944548554452808,38.982216996319636],[-76.944570730263905,38.982216592703644],[-76.944571231523838,38.98223344820736],[-76.944571249490139,38.982234029889071],[-76.94457157108701,38.98224477808116],[-76.944571711224199,38.982249513932935],[-76.944558549108649,38.982260512112994],[-76.944539050277101,38.982260864753073],[-76.944517376624233,38.982261257894329],[-76.944516843923267,38.982243449221457],[-76.944506151276457,38.982243643348113],[-76.944497390905795,38.982243803258179],[-76.944491477296282,38.982243909399337],[-76.944439488197531,38.982244852100671],[-76.944406226277493,38.982245456127764],[-76.944406768859935,38.982263633500978],[-76.944356104776219,38.982264550365024],[-76.944355561295481,38.982246379975045],[-76.944242979034172,38.982248420399522],[-76.944243479395794,38.982265208859104],[-76.944211898223656,38.982265783557565],[-76.944213078609948,38.982305390256471],[-76.944179997251283,38.982305990093295],[-76.944181194705564,38.982346114207196],[-76.944181518997397,38.982357013912491],[-76.944181617812077,38.982360330120784],[-76.944199996444468,38.982359998430141],[-76.944214529389129,38.982359735172523],[-76.944215798708626,38.982402313067098],[-76.944218560129812,38.982402262789783]]]},"properties":{"BUILDINGID":"975","NAME":"South Campus Commons 6"}},{"type":"Feature","geometry":{"type":"Polygon","coordinates":[[[-76.9398136864055,38.989116873772169],[-76.93981318873881,38.989180525738007],[-76.939969706702342,38.989179957379733],[-76.93996970400741,38.98917944557801],[-76.939969327613298,38.989116308904542],[-76.939844801351995,38.989116761357252],[-76.9398136864055,38.989116873772169]]]},"properties":{"BUILDINGID":"111","NAME":"Physics Welding Shop"}},{"type":"Feature","geometry":{"type":"Polygon","coordinates":[[[-76.942691517571603,38.996110810745407],[-76.942705591477164,38.996110817726972],[-76.942705592375475,38.996110588032195],[-76.942754851494072,38.996110611769637],[-76.942754851494072,38.996110841464471],[-76.942768925399633,38.996110848446037],[-76.942768925399633,38.996110618751253],[-76.942818186314867,38.996110643186867],[-76.942818186314867,38.996110872881644],[-76.942832259322103,38.996110879863259],[-76.942832259322103,38.996110650168482],[-76.9428815184407,38.996110673905925],[-76.9428815184407,38.996110903600702],[-76.942895592346275,38.996110910582317],[-76.942895601329411,38.996099927120994],[-76.942894244873344,38.996099926422879],[-76.942894269127848,38.996069724688098],[-76.942894280805945,38.996055885741953],[-76.942908331355326,38.996055892723518],[-76.943166637423687,38.996056018392494],[-76.943166641915255,38.996050527355955],[-76.943166645508512,38.996046036783895],[-76.943166694915845,38.995984630695268],[-76.943166696712495,38.99598188482517],[-76.942894340094753,38.995981752174487],[-76.942894367942529,38.99594676797912],[-76.94269300518171,38.99594666953827],[-76.942693000690127,38.995952618577157],[-76.942676215669039,38.995952610199232],[-76.942676218363999,38.995948805914239],[-76.942633467539622,38.995948784969379],[-76.942633398369338,38.996034703533731],[-76.942633396572717,38.996037362829732],[-76.942633343572112,38.996102544524987],[-76.942691524758132,38.996102572451406],[-76.942691517571603,38.996110810745407]]]},"properties":{"BUILDINGID":"426","NAME":"Heavy Equipment Building"}},{"type":"Feature","geometry":{"type":"Polygon","coordinates":[[[-76.933658265687001,38.990613766258377],[-76.933657278438503,38.990615948179283],[-76.933804706349676,38.990656601717149],[-76.93380786213126,38.990649634934762],[-76.933800288435108,38.990647544480964],[-76.933843211736018,38.990552745758521],[-76.933865912163242,38.990559004560176],[-76.933884799242094,38.990517290376687],[-76.933887229184947,38.990511925287443],[-76.93392632656105,38.990425574105934],[-76.933928935268639,38.990419815913739],[-76.933951773138105,38.990369371840259],[-76.933947889721125,38.990368301473403],[-76.933943686503923,38.990367142432966],[-76.933930723814385,38.990363566862982],[-76.933998348988951,38.990214201994469],[-76.934004665942027,38.990215944049943],[-76.934008112777761,38.990208329975474],[-76.933861955084424,38.990168024591433],[-76.933858796607879,38.990174993515915],[-76.933864683267942,38.990176618271555],[-76.933844805347334,38.990220522967519],[-76.93379856816135,38.990322640851922],[-76.933583312954639,38.990263282558516],[-76.933575411373411,38.990261104816071],[-76.93357737149735,38.990256786336495],[-76.933569025250051,38.990254484310981],[-76.933553662262071,38.990288414218334],[-76.933532405427499,38.990282551282327],[-76.933534082582128,38.990278845141276],[-76.933526543021955,38.99027676724446],[-76.933459099307058,38.990425722826032],[-76.933465131494174,38.990427387374311],[-76.933466354999595,38.990424686672647],[-76.933488636811902,38.990430830279934],[-76.933474948283617,38.990461072124901],[-76.933484639308901,38.990463746991097],[-76.933486531160895,38.990459565374302],[-76.93349292536908,38.990461328370209],[-76.933708738429559,38.990520841501414],[-76.933667919881373,38.990610992251298],[-76.933660452186416,38.990608934612496],[-76.933658265687001,38.990613766258377]]]},"properties":{"BUILDINGID":"802","NAME":"College Park Fire Station"}},{"type":"Feature","geometry":{"type":"Polygon","coordinates":[[[-76.933084326662097,38.983791963028551],[-76.933117995518955,38.983829298760106],[-76.933134940440141,38.983819989268923],[-76.933163010097843,38.983804569810459],[-76.933181560308455,38.983825137001517],[-76.933239954395162,38.983793057934662],[-76.933229640837396,38.98378162077325],[-76.933236182369285,38.983778027413507],[-76.933240290365092,38.983775769867329],[-76.933248226980623,38.983771411190062],[-76.933265774671383,38.983761770007185],[-76.933270268942749,38.983759301579248],[-76.933279277248417,38.983769289808727],[-76.93328471475084,38.983775319475363],[-76.933287169846508,38.983778041379125],[-76.933314536123333,38.983763005966779],[-76.933310403873023,38.983758423838339],[-76.933307953268923,38.983755704726953],[-76.933297484302599,38.983744097876858],[-76.933303390725598,38.983740853656442],[-76.933320824330309,38.983731276013096],[-76.933340984321916,38.983720203345243],[-76.933351597018685,38.983731970106028],[-76.933411644903856,38.983698982530925],[-76.933393309390581,38.983678656210849],[-76.933402678819007,38.983673509165904],[-76.93343588594179,38.983655267214317],[-76.933413440636102,38.983630378995237],[-76.933396817311788,38.983611947099369],[-76.933346397569821,38.983556040384258],[-76.933338024373057,38.983560640681183],[-76.933309572033068,38.983576271074554],[-76.933305037337504,38.983578762552277],[-76.933286573365152,38.983558290256305],[-76.933268442667782,38.983568249884463],[-76.933265862706293,38.983569667401376],[-76.933225861625004,38.983591642401173],[-76.933235666736323,38.983602515379943],[-76.933216694317522,38.983612938662347],[-76.933198514212805,38.983622924817624],[-76.93319345400279,38.983625708176213],[-76.933175444577998,38.983605735865012],[-76.933146199923911,38.983621803374021],[-76.933163782648975,38.983641302942779],[-76.933161118245849,38.983642765846646],[-76.933145156979862,38.983651534889816],[-76.933135794737979,38.983656679143238],[-76.933132636261448,38.983658415075553],[-76.933124654730136,38.983662800992867],[-76.933118494083914,38.983655970385684],[-76.933114784041805,38.983651854703602],[-76.933098694316755,38.98366069357396],[-76.933053890841933,38.983685308055428],[-76.933072974651836,38.983706466028437],[-76.933029006610269,38.983730620325773],[-76.933084326662097,38.983791963028551]]]},"properties":{"BUILDINGID":"249","NAME":"Leonardtown 249"}},{"type":"Feature","geometry":{"type":"Polygon","coordinates":[[[-76.940094138640561,38.990474441567493],[-76.940120260750703,38.990474272599201],[-76.940120689247095,38.990514845225455],[-76.940123924080439,38.99051482567539],[-76.940124099251918,38.990531350343844],[-76.940121447425213,38.990531515820905],[-76.940122322384298,38.990572584147039],[-76.940048295814975,38.99057280897231],[-76.940048329052644,38.99057575334534],[-76.940021602376305,38.990575925106242],[-76.940021573630233,38.99057322929778],[-76.939938451618673,38.990573765527003],[-76.939939477494718,38.990643949375126],[-76.939953598112666,38.990644151857296],[-76.939953619672238,38.99066503055937],[-76.939940054213139,38.99066510875938],[-76.939940477319638,38.990756291983018],[-76.939940528523607,38.990767123364975],[-76.939940579727576,38.990775126284063],[-76.940046527930519,38.990774354060342],[-76.940139419120769,38.990773676095436],[-76.940139113693576,38.990769107686802],[-76.94015129035725,38.990769028788733],[-76.940151628123814,38.990774079662579],[-76.94032615641045,38.990773186648013],[-76.940326103409859,38.990768193725799],[-76.940337795881589,38.990768115525896],[-76.940337847085573,38.990772825671868],[-76.940547045850622,38.990771517918631],[-76.940546351452895,38.990665996189598],[-76.940546324503444,38.990661878122225],[-76.940545794497439,38.990640933787049],[-76.940545699276001,38.990636828984307],[-76.940545499850018,38.990625505341136],[-76.940544517991398,38.990570111767333],[-76.940524379559378,38.990570395242692],[-76.940515225726628,38.990570523714261],[-76.94048830411586,38.990570902845086],[-76.940488197216354,38.990557389588339],[-76.940487621396272,38.990482681913122],[-76.940487618701326,38.990482391455245],[-76.940487546836081,38.990473095406884],[-76.940521548069597,38.990472873374159],[-76.9405443005991,38.990472726050569],[-76.940542971092498,38.990378871083394],[-76.940542707886109,38.990360340401381],[-76.940541632602702,38.99028436664905],[-76.940541435871665,38.990270560085975],[-76.940510937169464,38.990270807953429],[-76.940509995735027,38.990270815633806],[-76.940358995223974,38.990272043799379],[-76.940359430906909,38.99026376572548],[-76.940296927027745,38.990263937487136],[-76.940296909061445,38.990257979591441],[-76.94029684707769,38.990236365545279],[-76.940295668488034,38.990236372527484],[-76.940181907637097,38.990237109147898],[-76.940182204979436,38.990265341603823],[-76.940135898623183,38.99026564113943],[-76.940118457831929,38.99026575425075],[-76.940118542273567,38.990273802610695],[-76.940079423337892,38.990274056063868],[-76.939937666491119,38.990274971427716],[-76.939936292967047,38.990274979806323],[-76.939936334289541,38.990278799058885],[-76.939936382798564,38.990283322114955],[-76.93993639627331,38.990284767426125],[-76.939936442087372,38.990289136175697],[-76.939937227214941,38.990363023650026],[-76.939937421251045,38.990381141685084],[-76.939937634151761,38.990401169338483],[-76.939937761712528,38.990413197518187],[-76.939938419279329,38.990475519613092],[-76.939938239616268,38.990504285410807],[-76.940035493025547,38.990504628932953],[-76.940032127038194,38.990474842343538],[-76.940094138640561,38.990474441567493]]]},"properties":{"BUILDINGID":"083","NAME":"J.M. Patterson Building"}},{"type":"Feature","geometry":{"type":"Polygon","coordinates":[[[-76.942419587653632,38.989207064014678],[-76.942420414103708,38.989207046558981],[-76.942420768039895,38.989217406175591],[-76.942505695665204,38.989215631976997],[-76.942504756027404,38.989188206254802],[-76.94272497891761,38.989183602832433],[-76.942725921250357,38.989211028556412],[-76.942810846180677,38.989209254357668],[-76.942809905644566,38.989181827934807],[-76.942869913105554,38.989180573915824],[-76.942869633729501,38.98917370334371],[-76.942869524135048,38.989170962096985],[-76.942867972744537,38.989132569968824],[-76.942867862251774,38.989129826625827],[-76.942863876426841,38.989031106703919],[-76.942863767730685,38.989028363356994],[-76.942862217238513,38.988989972547913],[-76.9428621049491,38.988987231294061],[-76.942861851624201,38.988980935347193],[-76.942849313837769,38.988981230000583],[-76.942845812204794,38.988879204442199],[-76.942960024010034,38.988876817885803],[-76.94295578845346,38.988753399715968],[-76.942969845291017,38.988753106458063],[-76.942967586028075,38.988687283299299],[-76.942953530088829,38.988687577255725],[-76.942952070326498,38.988645126728763],[-76.94294967541795,38.988559068623125],[-76.942690650697358,38.988563458426249],[-76.942690641714194,38.988563158185244],[-76.942690655188912,38.988546175015074],[-76.94267017000719,38.988546545777886],[-76.942525225937771,38.988549168348861],[-76.942514286254251,38.988549365949396],[-76.942514275474466,38.988566347722305],[-76.942514278169412,38.988566397995193],[-76.942514283559305,38.988566447569873],[-76.942252700436782,38.988570880663104],[-76.942248313064923,38.988570955374243],[-76.942241057372385,38.98857108035827],[-76.942244068525198,38.988679225681921],[-76.942244497021605,38.988694637096259],[-76.94223194755709,38.988694850755785],[-76.942232099372362,38.988700259273251],[-76.942232157762859,38.988702404246759],[-76.942233825934338,38.988762367820648],[-76.942233886121471,38.988764509999342],[-76.942234084649144,38.988771678756613],[-76.942248426252647,38.988771436469762],[-76.942251149046285,38.98886935797654],[-76.942251833562537,38.98889394620884],[-76.942313268446497,38.988892904447198],[-76.942332850821373,38.988892572787151],[-76.942337330719695,38.98889249667986],[-76.942370615995912,38.988891933905116],[-76.94237191136655,38.988938546440522],[-76.942372576119865,38.988962444098362],[-76.942372581509744,38.988962659851744],[-76.942372842919511,38.988971993802906],[-76.942373305551868,38.988988696880376],[-76.942357355964006,38.988988969888638],[-76.942359043898421,38.989049639130421],[-76.942362786279901,38.989184279416158],[-76.942362860840078,38.989186995526119],[-76.942362975824409,38.989191061312148],[-76.942419114241488,38.989190110324643],[-76.942419584958685,38.989206960676867],[-76.942419587653632,38.989207064014678]]]},"properties":{"BUILDINGID":"144","NAME":"Biology-Psychology Building"}},{"type":"Feature","geometry":{"type":"Polygon","coordinates":[[[-76.951817118962339,38.990393088176837],[-76.951820083402779,38.990393620916286],[-76.95182693934504,38.990394853269045],[-76.951833796185596,38.990396086320018],[-76.951840653026153,38.99039731937097],[-76.951847510765035,38.990398552421851],[-76.951854366707281,38.990399785472761],[-76.951861224446162,38.9904010199201],[-76.951868081286733,38.99040225227273],[-76.951915292246483,38.990242358353747],[-76.951919511633378,38.990243116618863],[-76.951953003522107,38.990249140846586],[-76.951954032991438,38.990245656038994],[-76.951919515226635,38.990239450274181],[-76.951916402564166,38.990238888906617],[-76.951865358493095,38.990229710126997],[-76.951817118962339,38.990393088176837]]]},"properties":{"BUILDINGID":"422","NAME":"CSPAC Grounds Storage Facility"}},{"type":"Feature","geometry":{"type":"Polygon","coordinates":[[[-76.942901275088744,39.002454715410543],[-76.942936319266309,39.002460442605269],[-76.942936656134535,39.002459179048202],[-76.942944220847536,39.002430985663622],[-76.942953310899895,39.002432639457979],[-76.942956999382446,39.002420308252248],[-76.942982440569608,39.002424938039439],[-76.942985557723659,39.002425506291345],[-76.942995396970971,39.002392586766739],[-76.943017645545595,39.002396637134062],[-76.943046969251441,39.002298563309481],[-76.943051871357923,39.002299458971052],[-76.943060759289367,39.002269732495861],[-76.943052496585381,39.00226822878912],[-76.943081219318273,39.002172168108892],[-76.94305816495482,39.002167972523814],[-76.943068198238223,39.002134414815004],[-76.943038691276072,39.002129042229257],[-76.94304510075564,39.002107604239704],[-76.94307514491031,39.002113073165063],[-76.943084873664844,39.002080533262323],[-76.943106153855609,39.002084406329736],[-76.943135364373703,39.001986711142003],[-76.94314156993569,39.001987842068033],[-76.943150714785276,39.001957257493636],[-76.943141779243149,39.001955630914111],[-76.943158982879154,39.001898093956157],[-76.943170788538609,39.001858611312997],[-76.943147618292485,39.001854393369989],[-76.943157496167359,39.001821348619032],[-76.943150743531362,39.001820119257644],[-76.943127908356843,39.001815963443576],[-76.943131388430245,39.001804327442201],[-76.943035262406639,39.001786831550277],[-76.943031307124443,39.001800064817253],[-76.94300261852753,39.001794842298551],[-76.94299235976699,39.001829154818886],[-76.942970214498601,39.00182512466413],[-76.942941724429375,39.001920406732431],[-76.942915864627281,39.001915699422753],[-76.942914770479263,39.001919353294781],[-76.942907211156154,39.001944637190377],[-76.942906505080344,39.001946992589531],[-76.942934483109866,39.001952086646085],[-76.942905403745797,39.002049342775557],[-76.942929510036464,39.002053730345693],[-76.942919758824047,39.002086342165192],[-76.942949794893892,39.002091809696019],[-76.942943420448628,39.002113135296085],[-76.942913460735582,39.00210768103085],[-76.942902985481055,39.002142725009207],[-76.9428806183288,39.00213865228816],[-76.942851968359435,39.002234485433277],[-76.942827831526074,39.002230095081913],[-76.942827155094662,39.0022323527376],[-76.942819390955663,39.002258329734438],[-76.942818561810654,39.002261101190641],[-76.942846409584462,39.002266167998691],[-76.942817838666841,39.002361723127748],[-76.942841901838364,39.002366103697568],[-76.94283185777519,39.002399698295655],[-76.942860172672923,39.002404852356101],[-76.942857104926233,39.002415124872833],[-76.942863367082083,39.002416266263452],[-76.942856248831774,39.002442784916823],[-76.942855508619985,39.002445541007646],[-76.942855072038739,39.002447165481627],[-76.942891951474422,39.002453192160921],[-76.942901275088744,39.002454715410543]]]},"properties":{"BUILDINGID":"990","NAME":"Courtyard 400"}},{"type":"Feature","geometry":{"type":"Polygon","coordinates":[[[-76.94257895507323,38.982395384576847],[-76.94257065913159,38.982402384293216],[-76.94257132208827,38.982425942691158],[-76.942583791602729,38.982437374485279],[-76.942616630416254,38.982436813754084],[-76.942626054641906,38.982428998432049],[-76.942650051338092,38.982428587834356],[-76.942656405122079,38.982428480296861],[-76.942690115301446,38.982427902108228],[-76.942689158595655,38.982393927931874],[-76.942714166794858,38.982393497781665],[-76.942714662664898,38.982411057125255],[-76.942806990611473,38.98240947618396],[-76.942848541286622,38.982408765318993],[-76.942848028348607,38.982390541197269],[-76.942874685854676,38.98239008381352],[-76.942875193402784,38.982408055850641],[-76.942878210843844,38.982408004875076],[-76.942880906688004,38.982407957390954],[-76.942995195748338,38.982405998671638],[-76.943006013260998,38.982405812925023],[-76.943005499424643,38.982387575534894],[-76.943033801745997,38.982387091615855],[-76.943034312887391,38.982405250797015],[-76.943037209954184,38.982405200519707],[-76.943040516652729,38.982405144656049],[-76.943071765448224,38.982404609063309],[-76.943166286182418,38.982402989715574],[-76.943165790312378,38.982385397550104],[-76.943192329240816,38.982384940864627],[-76.943193314692678,38.982420036507911],[-76.943258859369067,38.982418912252115],[-76.943268106626604,38.982426035564465],[-76.943268968110971,38.982426020201963],[-76.943273857641046,38.982425935708243],[-76.94329632001471,38.982425550947433],[-76.943313281105603,38.982414712004335],[-76.943313219121848,38.982412581504555],[-76.943313120307167,38.982409013912232],[-76.943312620843869,38.982391334461312],[-76.943301591328819,38.982383230738009],[-76.943301165527373,38.982368002998051],[-76.943300733437738,38.982352706123471],[-76.943299871055046,38.982322053707499],[-76.943298625091742,38.982277705581971],[-76.943305994870343,38.982277579888539],[-76.943306074820399,38.982254476032658],[-76.943322243597194,38.982254198808732],[-76.943319954689855,38.982172799658976],[-76.943308986260234,38.982172988199387],[-76.943306510503319,38.982173030795607],[-76.943296007401017,38.982173210956461],[-76.943295449547222,38.982153369515594],[-76.943318862338472,38.982152966597553],[-76.943318155364338,38.982127799927561],[-76.943318034990099,38.982123538910557],[-76.943316555464818,38.982070923499741],[-76.943316309326434,38.982062240151627],[-76.943315910474439,38.982048029764513],[-76.943301751228944,38.982048272074323],[-76.943293871207274,38.982048406846111],[-76.943292035949142,38.98204843826953],[-76.943291464620629,38.982028078655574],[-76.943315039108626,38.982027675038516],[-76.943314297100201,38.982001232530521],[-76.943312124973843,38.981924041746652],[-76.943301856331843,38.981924217020065],[-76.943301064017746,38.981924230287788],[-76.943289735363692,38.981924423716997],[-76.943289195476211,38.981905199504126],[-76.943311584188038,38.981904815438803],[-76.943334281022004,38.981904426485336],[-76.943331854672422,38.98181818002319],[-76.943230183348561,38.981819922983611],[-76.943221484063358,38.981820071721849],[-76.943199564272106,38.98182044810634],[-76.943149431991046,38.981821307017071],[-76.943148944205831,38.98180389696379],[-76.943019991945135,38.981806105691696],[-76.943019938944531,38.981806108484896],[-76.943019886842237,38.981806108484896],[-76.94301763566412,38.981806148288086],[-76.943018136924053,38.981824079273679],[-76.942990550560012,38.981824552023717],[-76.942990035825332,38.981806234877482],[-76.942858102056206,38.98180849597793],[-76.942858624875697,38.981827153894692],[-76.94283134483716,38.981827621058301],[-76.942830813034504,38.981808752254622],[-76.942828980471333,38.981808783678204],[-76.942828667857597,38.981808789962919],[-76.942825405176492,38.981808845128747],[-76.942698528922392,38.981811018941393],[-76.942699036470529,38.981829027437215],[-76.942646276617253,38.981829931039158],[-76.942520393001544,38.981832088091963],[-76.942518133738602,38.981832126498553],[-76.94251938778676,38.981876695566243],[-76.942520060624901,38.981900637506158],[-76.942520543020208,38.981917805225386],[-76.942538874041887,38.981917490291899],[-76.942565848653246,38.981917028016959],[-76.942566439744695,38.981938011245049],[-76.942543129361397,38.981938408577918],[-76.942545110146582,38.982008871928329],[-76.942546058767533,38.98204265774865],[-76.942570077023277,38.982042246450398],[-76.942570614215811,38.982061323284952],[-76.942547202322899,38.98206172410864],[-76.942548061112305,38.982092228597985],[-76.942550143407132,38.98216622099357],[-76.942573491519667,38.982165820868794],[-76.942574062848195,38.982186139243645],[-76.942550664430001,38.9821865421615],[-76.942551605864409,38.982219982938055],[-76.942552277804253,38.982243875881075],[-76.942553582158027,38.98229025048515],[-76.942575987937857,38.982289864326987],[-76.942577016508849,38.982326455070115],[-76.942577056933033,38.982327914509661],[-76.942577148561213,38.982331161588007],[-76.94257895507323,38.982395384576847]],[[-76.942869608576672,38.98225195099014],[-76.942768745736558,38.982253969068928],[-76.942761360686632,38.982248335207224],[-76.942756535835244,38.982244657974029],[-76.942752143971816,38.982241308940296],[-76.94275191939299,38.982234386020721],[-76.942751814290091,38.982231216448952],[-76.942751804408616,38.982230923164082],[-76.942751604084322,38.982224762784249],[-76.942775515440573,38.982224285847089],[-76.942772100045858,38.982120150068141],[-76.942747862601152,38.982120634687263],[-76.942747168203454,38.982099517439977],[-76.942771149628271,38.982099037708778],[-76.942767761183021,38.981995728532468],[-76.942744911635458,38.981996187315389],[-76.942744294492854,38.981977346488627],[-76.942758972964597,38.981966332203619],[-76.942782656148751,38.98196586015284],[-76.942783253528404,38.981984108126113],[-76.942874964332404,38.981982274390781],[-76.942897549775282,38.981981821892475],[-76.942916141308388,38.981981449000344],[-76.942915558301763,38.981963638162206],[-76.942941993923952,38.981963110945721],[-76.942942596693513,38.981981388946572],[-76.942965103982942,38.981980937844831],[-76.942983628142429,38.981980566349314],[-76.942985462502236,38.981980531434353],[-76.943074997586606,38.981978740295162],[-76.943074405596832,38.981960590082558],[-76.943097918101074,38.981960121523201],[-76.943114735461506,38.981971642076623],[-76.943115356197367,38.981990616280122],[-76.943091350518031,38.981991095313795],[-76.94309470213237,38.98209319644004],[-76.943118318841172,38.982092724390064],[-76.943119023120374,38.98211411397584],[-76.943094906948232,38.982114596500125],[-76.943098323241273,38.982218701562154],[-76.94312196061135,38.98221822741813],[-76.943122478939273,38.982233976818456],[-76.943106691048143,38.982247027296552],[-76.943002934734508,38.982249101937583],[-76.943002349931263,38.982231261140008],[-76.942999620849434,38.982231314908887],[-76.942982962490802,38.982231647996755],[-76.942871480665715,38.982233876961971],[-76.942869017485222,38.982233927937649],[-76.942869351658501,38.982244123078331],[-76.942869608576672,38.98225195099014]]]},"properties":{"BUILDINGID":"996","NAME":"South Campus Commons 1"}},{"type":"Feature","geometry":{"type":"Polygon","coordinates":[[[-76.935616945145966,38.981448295758227],[-76.935621796946819,38.981449357182001],[-76.935629705714589,38.981427338920646],[-76.935718213126265,38.981446695242923],[-76.935722266324845,38.981447582090397],[-76.935729648679825,38.981427017001849],[-76.935730338585969,38.981425093170685],[-76.935730782353744,38.981423855773642],[-76.935731642041461,38.981421460586247],[-76.935737314902482,38.981405657235669],[-76.935737811670819,38.981404275288988],[-76.935762020369424,38.981336840589272],[-76.935753365999958,38.981334948877716],[-76.935749982046303,38.981334207974861],[-76.935745672827878,38.981333267356355],[-76.935741806478902,38.981332421009171],[-76.935738882462644,38.981331781360637],[-76.935701195441524,38.981323539251449],[-76.935700248617238,38.981323331156126],[-76.935696154096163,38.981322435927439],[-76.935673973793484,38.981317585491382],[-76.935668816565439,38.98131645772655],[-76.935618420179679,38.981305430070933],[-76.935615353331301,38.981304765283113],[-76.935611872359573,38.981304004827287],[-76.935602175046071,38.981301884768641],[-76.935597740961839,38.981300913424228],[-76.935522019271588,38.981284355177209],[-76.935514213810094,38.98130609904856],[-76.935513653261353,38.981307660461894],[-76.935507303968919,38.981325350658032],[-76.935506633825725,38.981327214437592],[-76.935498018083834,38.981351217315925],[-76.935497414415963,38.981352895345381],[-76.935490863002585,38.981371146269851],[-76.935490136265528,38.981373169960243],[-76.935483777091648,38.981390883882447],[-76.935579114394415,38.981411733191784],[-76.935569698253616,38.981437963635159],[-76.935571559562888,38.981438370747064],[-76.935574025438328,38.98143891123528],[-76.935614922139962,38.981447853731105],[-76.935616945145966,38.981448295758227]]]},"properties":{"BUILDINGID":"171","NAME":"House 171"}},{"type":"Feature","geometry":{"type":"Polygon","coordinates":[[[-76.941776217840413,38.97885909369672],[-76.941792206954148,38.978866310943538],[-76.941826090508343,38.978881605778049],[-76.941840157227375,38.978887954997916],[-76.941846199295981,38.978890681977923],[-76.941838990315816,38.978900411813775],[-76.941818566219524,38.978927983981002],[-76.941816315041422,38.978931023112928],[-76.941801472177985,38.978951056799183],[-76.941796982398202,38.978957117602732],[-76.941796853040813,38.978957293581779],[-76.941884085743084,38.978996666794451],[-76.941889418142608,38.978999073935462],[-76.941924945613792,38.97895111895054],[-76.941949142634272,38.978918457363051],[-76.941965398547666,38.97889651513092],[-76.94196672535935,38.978894723913754],[-76.941989550652394,38.978863917066313],[-76.941992091986336,38.978860486168003],[-76.941831225278506,38.978787873712136],[-76.941776217840413,38.97885909369672]]]},"properties":{"BUILDINGID":"265","NAME":"Graduate Gardens Apartment 4311"}},{"type":"Feature","geometry":{"type":"Polygon","coordinates":[[[-76.956729627958765,38.984528790538896],[-76.956732341769253,38.984541747025155],[-76.956736510850476,38.984561656227577],[-76.956736924973825,38.984563635137178],[-76.95673840270247,38.984570687708079],[-76.956756415720548,38.984568391083826],[-76.956780885828877,38.984565270495757],[-76.956799794467301,38.984655558709733],[-76.956863606293496,38.984647419633667],[-76.956961166028321,38.984634971509955],[-76.956952496387501,38.984593567360342],[-76.956948623750307,38.98457507985335],[-76.956947453245505,38.984569488771079],[-76.956947284362215,38.984568682962497],[-76.956947031037316,38.984567472154801],[-76.95694242088328,38.984545462544169],[-76.956953536636604,38.984544045046789],[-76.95695858786344,38.984543400539373],[-76.957001252449544,38.984537957488826],[-76.957033054607223,38.984533899814821],[-76.957053144530249,38.984531337146734],[-76.957069974467089,38.984529190650321],[-76.957076586067586,38.984528345737914],[-76.957078806702967,38.984528062936647],[-76.957083121311285,38.984527512696154],[-76.957110411231298,38.984524029701682],[-76.957112441423845,38.9845237692452],[-76.957112924717478,38.98452370849526],[-76.957128693743968,38.984521697463919],[-76.957135018781884,38.984520890956517],[-76.957137453216291,38.984520580922506],[-76.957138189834836,38.984520486655427],[-76.957140624269243,38.984520176621423],[-76.95718865359423,38.984514047863172],[-76.957283959455992,38.984501888103566],[-76.957285052705686,38.98450174914683],[-76.957299903653976,38.984499854028506],[-76.957302778262871,38.984513580018991],[-76.957305142628698,38.984524867631379],[-76.957307907643141,38.984538067117981],[-76.957310775963833,38.984551760282123],[-76.957319091668438,38.984591454382958],[-76.957482832086839,38.984570561320425],[-76.95746399621197,38.984480627023579],[-76.957510214533329,38.98447473008931],[-76.957518302065836,38.984473698038443],[-76.95753237327645,38.984471902074468],[-76.957570963104416,38.984466978535281],[-76.957627074572017,38.984459818419687],[-76.957632798636993,38.984459087325284],[-76.957650879028733,38.984456780921604],[-76.957655617641848,38.984456176215083],[-76.957658060161108,38.984455864085938],[-76.957693840957177,38.984451298760995],[-76.957781451850224,38.984440119369552],[-76.957767749847193,38.984374707674569],[-76.957735053865775,38.984378879176731],[-76.957694048468014,38.984384112756658],[-76.957687817753211,38.984354373169261],[-76.957675027540176,38.984293305376646],[-76.957639802801268,38.984297799487571],[-76.957629494633395,38.984299115041431],[-76.957542719173574,38.984310186920503],[-76.957548930125455,38.98433984133672],[-76.957550434803551,38.984347022412734],[-76.9575519367867,38.984354190919092],[-76.957552866543026,38.984358624974355],[-76.957553366904634,38.984361022157195],[-76.957555657608623,38.984371954371305],[-76.95756150653942,38.98439987424414],[-76.957529109697006,38.984404008736192],[-76.957512572610952,38.984406119624346],[-76.957489190362438,38.984409101960757],[-76.95748740540995,38.984409328900426],[-76.957470207163837,38.984411523581542],[-76.957469510969489,38.984411612262619],[-76.957466427053134,38.984412006090174],[-76.957461907628925,38.984412582866078],[-76.957451759361149,38.984413876771249],[-76.957447940622899,38.984414364167769],[-76.957443636794366,38.984414913710857],[-76.957414441547641,38.984418639012389],[-76.957410442247991,38.984419148753723],[-76.957407764370117,38.984419490908877],[-76.957394380370701,38.984421198891454],[-76.957390313697417,38.984421717710347],[-76.957387984365894,38.984422015175873],[-76.957373892494019,38.984423812537685],[-76.957372059930833,38.98442404646007],[-76.957350920775582,38.984426743899242],[-76.957348853752094,38.984427007149172],[-76.957344981114915,38.984427500830137],[-76.957330523628741,38.984429345674585],[-76.957328971339919,38.984429543286574],[-76.957323258953039,38.984430273682989],[-76.957289426602799,38.98443458972487],[-76.957287902161752,38.984434783845515],[-76.957284236137099,38.984435251690208],[-76.957271639960183,38.984436859120727],[-76.957266249170161,38.984437546922209],[-76.957263783294692,38.984437861146255],[-76.957247077325349,38.984439992981663],[-76.957205566176086,38.984445288703604],[-76.957192260330089,38.984446986909731],[-76.957176842544868,38.984448953951876],[-76.95717060194859,38.984419164814085],[-76.957170014450412,38.984416354952181],[-76.957157703039442,38.984357586637351],[-76.957118766461761,38.984362554175576],[-76.957114656669333,38.98436307927939],[-76.957023761535638,38.984374675553887],[-76.95703013957413,38.984405125279388],[-76.95703203591772,38.984414178426427],[-76.957032861469457,38.984418117400381],[-76.957035788180647,38.984432091992851],[-76.957036112472466,38.984433638673465],[-76.957042501290758,38.984464137951164],[-76.95701109888337,38.984468210991224],[-76.957010912033795,38.984468235430867],[-76.95701042604523,38.98446829967218],[-76.956952570947678,38.984475801243526],[-76.956931034737053,38.984478595042717],[-76.956890219782125,38.984483889365251],[-76.956868994388586,38.984486642664166],[-76.956831247180347,38.984491538270973],[-76.956809997532304,38.984494292966112],[-76.956771370873383,38.984499303787793],[-76.956749811306565,38.984502100379167],[-76.956743993816801,38.984502854516158],[-76.956735326870927,38.984503979437143],[-76.956724792327591,38.984505344564695],[-76.956724581223511,38.984504697962073],[-76.956729627958765,38.984528790538896]]]},"properties":{"BUILDINGID":"291","NAME":"Graduate Hills Apartment"}},{"type":"Feature","geometry":{"type":"Polygon","coordinates":[[[-76.948003528934436,38.989663467331717],[-76.948005763942874,38.989664773010709],[-76.9481241430327,38.9897329482733],[-76.948206323609838,38.989779951259713],[-76.94826671554975,38.989820528473274],[-76.948344734232194,38.989872693357015],[-76.948410239382696,38.98981430381918],[-76.948329825791731,38.989759049255163],[-76.948326440041413,38.98975672277566],[-76.94831807852276,38.989751300374472],[-76.948282828631008,38.989728432862556],[-76.948273348709805,38.989722284306701],[-76.948267161114146,38.989718668207161],[-76.948215400187465,38.98968841208054],[-76.948108389277564,38.989626146546968],[-76.948091073352145,38.989644129315174],[-76.948046970563269,38.989617814634208],[-76.948003528934436,38.989663467331717]]]},"properties":{"BUILDINGID":"364","NAME":"Maryland Stadium Concessions"}},{"type":"Feature","geometry":{"type":"Polygon","coordinates":[[[-76.93667209549892,38.992294712147284],[-76.936673901112641,38.992491755948791],[-76.93667698772397,38.992491739192111],[-76.936835252910711,38.992490855275712],[-76.936833069106257,38.992252857950675],[-76.936870332122552,38.992252649189325],[-76.936902908628028,38.992252468355908],[-76.937112923063353,38.992251293985966],[-76.937112066968879,38.992157940589863],[-76.937111793881044,38.992128032511246],[-76.937111474979105,38.992093505128317],[-76.93712090459465,38.992093452763321],[-76.937122815311255,38.99209344229029],[-76.937137201830538,38.992093361299062],[-76.937137410239686,38.992116242709145],[-76.937139883301654,38.992116228745118],[-76.937141952121749,38.992116216875729],[-76.937197310801139,38.992115908271366],[-76.937197042204872,38.992086770988017],[-76.937196974831224,38.992079454548097],[-76.93719695147503,38.992076720395922],[-76.937196936203662,38.992074951854597],[-76.937181592080307,38.992075036336857],[-76.93718139265431,38.992053164511404],[-76.937196633471416,38.992053080029116],[-76.93719661370848,38.992050815066655],[-76.937196566996093,38.992045736355898],[-76.937196254382371,38.992011777966525],[-76.93713684070778,38.992012110310164],[-76.937137067083242,38.992036824523247],[-76.937109428616893,38.992036978127381],[-76.937109402565767,38.992033877418194],[-76.937112783824489,38.992033857170391],[-76.937112706569366,38.992025686825421],[-76.937109744823871,38.992025702185842],[-76.937108826745643,38.9919258196079],[-76.937144921952097,38.991925620620414],[-76.937144274266757,38.991855084752736],[-76.937144126943068,38.991839072175893],[-76.937143919432245,38.991816383380218],[-76.937142827080848,38.991697391363928],[-76.937142624061593,38.991675242234685],[-76.937141931460502,38.991599517058376],[-76.937141878459911,38.991593894413469],[-76.937135841781199,38.991593927927354],[-76.936969743285161,38.99159485514361],[-76.936958035542048,38.991594920774901],[-76.936932594354914,38.991595062510477],[-76.936910202948127,38.99159518748921],[-76.93689775499324,38.991595257309697],[-76.936805415368553,38.991595772584979],[-76.936802427571919,38.991595788643714],[-76.9366935239117,38.99159639678026],[-76.936620330978997,38.991596806626625],[-76.936616521223883,38.991596827572764],[-76.936546994315819,38.991597216472918],[-76.936546555937966,38.99159721856757],[-76.936546766143749,38.99162050300216],[-76.936492053353049,38.991620807419444],[-76.936492079404189,38.991623760825533],[-76.936492462984816,38.991665777377563],[-76.936545392619678,38.991665482037128],[-76.936545539943381,38.991681324989671],[-76.936545730386229,38.991702151718705],[-76.936545759132315,38.991705239874761],[-76.936508206858491,38.991705449335946],[-76.936499773474594,38.991705496115614],[-76.936477116166515,38.991705623188693],[-76.936405276096593,38.991706022561338],[-76.936406323532225,38.991820250725631],[-76.936549267053493,38.991819451283419],[-76.936549511395256,38.991846051408849],[-76.936549991095617,38.991898453584824],[-76.936550241725584,38.991925892919078],[-76.936530204803177,38.991926006725961],[-76.936530630604608,38.991972498569012],[-76.936530806674412,38.991991501511073],[-76.936531443579938,38.992061171474241],[-76.936533221345897,38.992255085203936],[-76.936625339086703,38.992254570631658],[-76.936785640754195,38.992253676937523],[-76.936786009063468,38.992294076787005],[-76.93667209549892,38.992294712147284]]]},"properties":{"BUILDINGID":"223","NAME":"Energy Research Facility"}},{"type":"Feature","geometry":{"type":"Polygon","coordinates":[[[-76.946540450017721,38.993156116510455],[-76.946533579702432,38.993156117208606],[-76.94649557916928,38.993156113717696],[-76.946443754462223,38.993156111623094],[-76.946443730207719,38.99349533670874],[-76.946443726614447,38.993546270775241],[-76.946443725716136,38.993548347179676],[-76.946443720326243,38.993631336979973],[-76.94655784589321,38.993631341867307],[-76.9465578521814,38.993550930466931],[-76.9465578521814,38.993550734974896],[-76.946557853079725,38.993549557833752],[-76.946557877334243,38.993162591520672],[-76.946557879130864,38.993160397809014],[-76.946557879130864,38.993160235829052],[-76.946557879130864,38.993156117208606],[-76.946540450017721,38.993156116510455]]]},"properties":{"BUILDINGID":"399","NAME":"Aquatic Center"}},{"type":"Feature","geometry":{"type":"Polygon","coordinates":[[[-76.947375001086343,38.991376000347124],[-76.947405656993723,38.991378397990552],[-76.947413160621295,38.991379127617044],[-76.947427681887859,38.991380540090063],[-76.947430135186906,38.991364468058222],[-76.947506737226121,38.991370142388689],[-76.947511070699051,38.991291015216518],[-76.947442117814489,38.991285932261974],[-76.947458701612931,38.99117727424629],[-76.947459327738684,38.991173161096114],[-76.947461606764563,38.991158231985857],[-76.947461952615953,38.991155957219824],[-76.947472304801295,38.991088114977643],[-76.947463753738091,38.991087347644836],[-76.947464293625586,38.991083256133997],[-76.947464988023299,38.991077959512204],[-76.947465059888515,38.991077514752369],[-76.947466126188758,38.991072091055933],[-76.947467193387325,38.991066662471582],[-76.947468258789257,38.991061234585025],[-76.9474693250895,38.991055805999885],[-76.947470392288039,38.991050376716103],[-76.947471457689986,38.991044949526525],[-76.947472524888525,38.991039520241863],[-76.947473591188768,38.991034091655067],[-76.947474659285646,38.991028663067787],[-76.947475725585889,38.991023235178375],[-76.947476669715257,38.991017857559626],[-76.94747763809913,38.991012354262587],[-76.947451602227261,38.991009518130411],[-76.947431513202545,38.991006714814006],[-76.947397204745215,38.991000866599911],[-76.947377458876943,38.990996879815718],[-76.947362485757793,38.990993376193231],[-76.94735237342266,38.990991009258053],[-76.947343821461146,38.990989007487137],[-76.947324507682538,38.990983852595186],[-76.947291738937608,38.99097400083663],[-76.947272997385824,38.990967716237847],[-76.947243537136075,38.99095551080665],[-76.947222584830399,38.990947433897603],[-76.947216336149296,38.99094488752052],[-76.947206968517506,38.990941071794964],[-76.947203495630617,38.990939657218497],[-76.94718175819736,38.990928237968774],[-76.947165168110701,38.990919051598198],[-76.947098314588942,38.990881753120064],[-76.947089723999895,38.99087696129061],[-76.94700403550155,38.990829153993602],[-76.94697107272053,38.99081015423053],[-76.946962582742771,38.990805261853538],[-76.946842045001318,38.990735781964595],[-76.946833554125249,38.990730887487793],[-76.946716159588973,38.990663220788164],[-76.946707669611229,38.990658326306395],[-76.946586541676638,38.990588506242482],[-76.946578050800568,38.990583611755554],[-76.946461231186078,38.990516275171103],[-76.946452740310022,38.990511380679173],[-76.946290336584738,38.990417767346194],[-76.946280818035987,38.990412023815949],[-76.94628068239038,38.99041216415749],[-76.946279086084118,38.990413819629268],[-76.94627271253718,38.9904101574827],[-76.946253858695997,38.990398298969168],[-76.946252403425234,38.99039970866891],[-76.946252247118366,38.990399858087336],[-76.946247822915609,38.990404142345554],[-76.946246803327739,38.990405130322237],[-76.946243399611149,38.990408425905272],[-76.946238975408363,38.990412709464742],[-76.946234552103917,38.990416993722178],[-76.946230128799456,38.990421277979351],[-76.946225704596671,38.990425562934441],[-76.94622128129221,38.990429845096457],[-76.9462168597844,38.990434127956405],[-76.946212435581614,38.99043841291077],[-76.946208005988964,38.990442706243456],[-76.946207979039499,38.990442728586402],[-76.946199392942006,38.990436948750883],[-76.946198597034652,38.990436413917081],[-76.946185783465467,38.990427788150569],[-76.946172162310802,38.990439021755492],[-76.946151955606794,38.990455685386628],[-76.946125864039359,38.990477201615576],[-76.946116770393743,38.99048470115374],[-76.946115240562818,38.990485962131743],[-76.946105030311301,38.990494381917529],[-76.946098152809483,38.990500053524848],[-76.946001914496478,38.990579418974363],[-76.945962081400154,38.990557408440154],[-76.945927765756281,38.990595234939647],[-76.94592723395364,38.990595821440138],[-76.945923126856158,38.990600349363476],[-76.945919020656987,38.990604874493627],[-76.945914912661209,38.990609403114561],[-76.945910805563727,38.990613928942402],[-76.945906699364556,38.990618455468137],[-76.945904776969854,38.990620574549553],[-76.945903823857321,38.990621626759008],[-76.945928456560736,38.990635235658893],[-76.945928927277961,38.990635497489279],[-76.945931911481324,38.99063714737008],[-76.945931510832708,38.990637477625548],[-76.945926686879631,38.990641455353256],[-76.945921862926539,38.990645433080694],[-76.945917039871802,38.990649410109732],[-76.945912028170824,38.990653543538542],[-76.945908109719554,38.990657911567126],[-76.945907921073342,38.990658121031416],[-76.945909805738793,38.990659211642075],[-76.945924314428964,38.990667618141124],[-76.945950799458487,38.99068296698151],[-76.946035019211308,38.990731770029711],[-76.946043713106647,38.990736806941968],[-76.946157620382976,38.990802813221137],[-76.946166327753019,38.990807859205155],[-76.946260791893366,38.990862596273345],[-76.946278099733931,38.990872972404766],[-76.94628662474598,38.990877894800164],[-76.946333002069167,38.990904677512773],[-76.946400765584286,38.990943805991009],[-76.946409278019928,38.990948722097585],[-76.946521140730681,38.991013317095245],[-76.946529645081483,38.991018227611328],[-76.946641473656271,38.99108280229742],[-76.946649977108734,38.991087707921231],[-76.946740039504178,38.991139673579511],[-76.946762577336344,38.991152677730476],[-76.946771073602292,38.991157579858331],[-76.946808832488642,38.99117936677905],[-76.946899718639187,38.991231805755476],[-76.946908988354622,38.991235819058396],[-76.947010896833703,38.991279943731143],[-76.947055641918013,38.991297501568688],[-76.947070145218262,38.99130227521632],[-76.947221288561465,38.991348223565495],[-76.947237319896004,38.9913524016388],[-76.947375001086343,38.991376000347124]]]},"properties":{"BUILDINGID":"368","NAME":"Maryland Stadium Building Upper Deck"}},{"type":"Feature","geometry":{"type":"Polygon","coordinates":[[[-76.953612709281487,38.997454078982159],[-76.953681546283391,38.997509213740699],[-76.953688871146213,38.997503645322624],[-76.953725832328587,38.997475545609447],[-76.95373353089056,38.997469693042902],[-76.953671017129949,38.997419623314279],[-76.953664692092033,38.997414558253624],[-76.953612709281487,38.997454078982159]]]},"properties":{"BUILDINGID":"213","NAME":"Plant Operations & Maintenance Storage Building"}},{"type":"Feature","geometry":{"type":"Polygon","coordinates":[[[-76.94197081808376,38.979242068358133],[-76.941999971109695,38.979255268131325],[-76.942053623888356,38.979183075076733],[-76.94205617690038,38.979179640003906],[-76.942057743562231,38.979177532451558],[-76.942061389823976,38.97917262530401],[-76.94206342899966,38.979169882273368],[-76.94206611855563,38.979166264238103],[-76.942066241624829,38.979166097337789],[-76.942077086985265,38.979151503685806],[-76.942117466257258,38.979097171670439],[-76.942025446432822,38.979054757292204],[-76.941907536263571,38.979213413906123],[-76.94197081808376,38.979242068358133]]]},"properties":{"BUILDINGID":"264","NAME":"Graduate Gardens Apartment 4309"}},{"type":"Feature","geometry":{"type":"Polygon","coordinates":[[[-76.940890955077364,38.978981726736173],[-76.940901141074363,38.978986326631961],[-76.940954488425845,38.978911177271812],[-76.94093907064061,38.978904214920085],[-76.940920425208574,38.97889579515244],[-76.940862010460592,38.978869417816171],[-76.940849204976203,38.978863636337394],[-76.940753628721566,38.978820478096729],[-76.940741375701094,38.978837008288437],[-76.940698516180575,38.978894832853307],[-76.940725800710695,38.978907154191837],[-76.940725850118028,38.978907177236756],[-76.940725902220308,38.97890719958329],[-76.940821941107345,38.978950564476762],[-76.940890955077364,38.978981726736173]]]},"properties":{"BUILDINGID":"270","NAME":"Graduate Gardens Apartment 4316"}},{"type":"Feature","geometry":{"type":"Polygon","coordinates":[[[-76.953052517175365,38.997731452326931],[-76.95307765203701,38.997758194047947],[-76.953169135567236,38.99770583460883],[-76.953143228154431,38.997678272547603],[-76.953140361630375,38.997679912490177],[-76.953119995924553,38.997691568019775],[-76.953096762796363,38.997666850196275],[-76.953070132239759,38.997638518763679],[-76.953069837592352,38.997638688413019],[-76.95300188183775,38.997677579289629],[-76.953052517175365,38.997731452326931]]]},"properties":{"BUILDINGID":"167","NAME":"Golf Course Maintenance Office"}},{"type":"Feature","geometry":{"type":"Polygon","coordinates":[[[-76.942513899080353,39.00380943745742],[-76.942520649919715,39.003810524374977],[-76.942522714248241,39.003802712809076],[-76.942538846194111,39.003741707870041],[-76.94253887134694,39.003741616420832],[-76.942545435336726,39.003716795300008],[-76.942545458692919,39.003716707341219],[-76.942545667102081,39.003715919900898],[-76.94254661033311,39.003712350589971],[-76.942547493377035,39.003709011647125],[-76.942548220114105,39.003706261888304],[-76.942550735396907,39.003696754660886],[-76.942543615349962,39.003695609102394],[-76.94254340065261,39.003695574198098],[-76.942518334062925,39.003691538564986],[-76.942498422904649,39.003688332955498],[-76.942467703216863,39.003683386320041],[-76.942440194107931,39.003787421264853],[-76.942437686909969,39.003796901254745],[-76.942437618637996,39.00379715675372],[-76.942449255414218,39.003799031110923],[-76.942513899080353,39.00380943745742]]]},"properties":{"BUILDINGID":"995","NAME":"Courtyard Maintenance Shed"}},{"type":"Feature","geometry":{"type":"Polygon","coordinates":[[[-76.94044578146358,38.978255054668672],[-76.940488841308422,38.978274426523257],[-76.940541931741706,38.978202532055271],[-76.94037849944543,38.978129004102087],[-76.94032501734668,38.978200723362093],[-76.940340044364746,38.978207484661944],[-76.940344613196288,38.97820953986789],[-76.940348499308215,38.978211288503829],[-76.940395006887087,38.978232210678165],[-76.940396915807071,38.978233070330823],[-76.940408141154862,38.9782381193058],[-76.940410064447889,38.978238985243372],[-76.940441845944321,38.978253284385374],[-76.94044578146358,38.978255054668672]]]},"properties":{"BUILDINGID":"279","NAME":"Graduate Gardens Apartment 4325"}},{"type":"Feature","geometry":{"type":"Polygon","coordinates":[[[-76.938791670411788,38.990865613946596],[-76.938792431284853,38.990938079958724],[-76.939199289056802,38.990935478422657],[-76.939202015443698,38.99093546236378],[-76.939202004663926,38.990934439483894],[-76.939201422555612,38.990879023809079],[-76.939201369555008,38.990873996681927],[-76.939201263553812,38.990863979431793],[-76.939201153959331,38.99085342455669],[-76.939201116230109,38.990849924418185],[-76.939201065026111,38.990844847017698],[-76.939200923092315,38.990831435054055],[-76.939200360746952,38.990777824877675],[-76.939200248457524,38.99076710521144],[-76.939193905453308,38.990767146406036],[-76.939164480237864,38.990767334225339],[-76.939135357754679,38.99076751925184],[-76.939115315442365,38.990767647024882],[-76.939105018952574,38.990767713355119],[-76.939075630568055,38.990767900476243],[-76.939060475989208,38.990767996829675],[-76.939045105814714,38.990768095975959],[-76.939016322894688,38.990768279606009],[-76.939008283871217,38.990768329877326],[-76.938993774282721,38.99076842343792],[-76.938978742773074,38.990768519093123],[-76.938962794981848,38.990768621032267],[-76.93894827730854,38.990768713894568],[-76.938947671844048,38.990710818034891],[-76.93894756763946,38.990700958557952],[-76.938947338569065,38.990679008806147],[-76.93896952066838,38.990678866370466],[-76.938969505397026,38.990677387553063],[-76.93896941466717,38.990668792537342],[-76.938969299682839,38.990657884336777],[-76.938969219732769,38.99065009156692],[-76.938946866953543,38.990650234002658],[-76.938946601950533,38.990625132494522],[-76.938945839280862,38.990552527915348],[-76.939012808685291,38.990552101305809],[-76.939012931754476,38.990563515030509],[-76.939009130982527,38.990563541562665],[-76.939009637632338,38.990611705826751],[-76.939014080699735,38.990611677199936],[-76.939038328924212,38.990611522196303],[-76.939063453904396,38.990611360210501],[-76.939083452199242,38.990611233833626],[-76.939083792660725,38.990611230342545],[-76.939083165636674,38.990551405883352],[-76.939358667256201,38.990549645682535],[-76.939358850512505,38.990567057076071],[-76.939358931360886,38.990574905712243],[-76.939359274517329,38.990607478136525],[-76.93935938231516,38.990617734910586],[-76.939359686844043,38.990646738741582],[-76.939361466406623,38.990816188883144],[-76.939361984734532,38.990865643969713],[-76.939362253330813,38.990891322115615],[-76.939362267703856,38.99089233731582],[-76.93936632449568,38.990892351978253],[-76.939518869210715,38.990892952440539],[-76.939539346307612,38.990893032734931],[-76.939569993231842,38.99089315282739],[-76.939592951475561,38.990893242896689],[-76.939592955967129,38.990889846793777],[-76.939592920034542,38.990886542156396],[-76.939592859847409,38.990880656927146],[-76.939591685749321,38.990768812342637],[-76.939726183310299,38.990767952144004],[-76.939738518975773,38.990767872547707],[-76.939741646011285,38.990767853695949],[-76.939744911387336,38.990767832749562],[-76.939750552807325,38.990767795744262],[-76.939749091248359,38.990628396647644],[-76.939722878408375,38.990628563520943],[-76.939722690660474,38.99061066409039],[-76.939748471410809,38.990610499311735],[-76.939748440868087,38.990607573791948],[-76.939747691673148,38.990536111475258],[-76.939585750580235,38.990537147627016],[-76.93954439394119,38.990537412948846],[-76.939544181040475,38.990517281299887],[-76.939542405969462,38.990347988938055],[-76.939549719154201,38.990347942157484],[-76.93954899241713,38.990278714574529],[-76.939290677365605,38.990280364463644],[-76.939253771878782,38.990280600461318],[-76.939207234655498,38.990280897902167],[-76.939129424382216,38.990281395033357],[-76.939043316370658,38.99028194592735],[-76.938990459499337,38.990282283166664],[-76.938947875761613,38.990282555471659],[-76.938884669399911,38.99028295904165],[-76.93878553581672,38.990283592325341],[-76.938786257163912,38.990352485457464],[-76.938794104846224,38.990352434487576],[-76.938797014489438,38.990629881051774],[-76.938797119592309,38.990640070794008],[-76.938798485031555,38.990770220638588],[-76.938790669688586,38.990770269513504],[-76.93879140900205,38.990840731753579],[-76.938791670411788,38.990865613946596]],[[-76.939129526790168,38.990346254566191],[-76.939043794274383,38.990347139207543],[-76.939043558017474,38.990333143439855],[-76.939042911230473,38.990294835728172],[-76.939290710603274,38.99029227606151],[-76.939291359186896,38.990330412013037],[-76.939291599037091,38.990344580241008],[-76.939206463900973,38.990345459296655],[-76.939129526790168,38.990346254566191]]]},"properties":{"BUILDINGID":"090","NAME":"Chemical & Nuclear Engineering Building"}},{"type":"Feature","geometry":{"type":"Polygon","coordinates":[[[-76.942465807771626,38.979258546076913],[-76.942559270290417,38.979299350691043],[-76.942660981140151,38.979162492570559],[-76.942499649105002,38.97908944327083],[-76.942446661079657,38.979162435307707],[-76.942462517242745,38.979169615512255],[-76.942502164387804,38.979187566718693],[-76.942514430882994,38.979193120516292],[-76.942512281214533,38.979196009496469],[-76.94248286588055,38.979235590677867],[-76.942481688189204,38.979237177974923],[-76.942465807771626,38.979258546076913]]]},"properties":{"BUILDINGID":"261","NAME":"Graduate Gardens Apartment 4303"}},{"type":"Feature","geometry":{"type":"Polygon","coordinates":[[[-76.933062367344974,38.98438261914395],[-76.933062680857006,38.984383869058256],[-76.933063626782996,38.984387609723505],[-76.933069142438853,38.984409478331493],[-76.933112243606189,38.98440285308947],[-76.933183051511804,38.984391969061171],[-76.933220842737512,38.984386160102297],[-76.933210981032317,38.984347074783479],[-76.933210208481171,38.984344010746071],[-76.93324182648422,38.984339148646328],[-76.93322802746313,38.984284463792171],[-76.933210448331366,38.984287166124631],[-76.933208661582242,38.984280087689264],[-76.933207272786817,38.984274581075255],[-76.933206447235079,38.984271309646346],[-76.933206352911967,38.984270931878349],[-76.933205573174305,38.984267843397937],[-76.93320214969475,38.984254270980848],[-76.933200848035909,38.984249118391539],[-76.933229653413804,38.984244692708728],[-76.933223186442092,38.984219063125842],[-76.933194122349377,38.984223530008606],[-76.933193027303034,38.984219193703765],[-76.933192232294004,38.984216039582968],[-76.933188309351181,38.984200493822499],[-76.933186642078013,38.98419388531957],[-76.933185446420367,38.984189145408159],[-76.933183844724212,38.984182798060189],[-76.933201936794049,38.984180016120035],[-76.933187747904114,38.984123783757369],[-76.933156498210337,38.984128587216496],[-76.933146438875781,38.984088718984665],[-76.933112316369716,38.984093963758482],[-76.932993896855706,38.984112165795132],[-76.933003671424302,38.984150898613031],[-76.932972196253388,38.984155734889384],[-76.932984052218501,38.984202711553237],[-76.932986544145095,38.984212592185365],[-76.9330032599959,38.984210021824573],[-76.933008114491699,38.984229266359975],[-76.933012228775709,38.984245578124572],[-76.933013232193872,38.98424955341838],[-76.932982533167362,38.984254270980848],[-76.932989443008523,38.984281657416311],[-76.933019418891234,38.984277051580044],[-76.933020200425531,38.984280150534225],[-76.933024161995931,38.984295847803331],[-76.933028664352136,38.984313692968605],[-76.933024172775717,38.984314384262674],[-76.933019391941784,38.984315120246421],[-76.933011839805175,38.984316282179066],[-76.933026227222769,38.984373303441039],[-76.933058757015857,38.984368305877702],[-76.933062367344974,38.98438261914395]]]},"properties":{"BUILDINGID":"247","NAME":"Leonardtown 247"}},{"type":"Feature","geometry":{"type":"Polygon","coordinates":[[[-76.953920748778913,38.987657544485003],[-76.954049860041451,38.987598187447823],[-76.954069193582995,38.98758929949372],[-76.954143486951935,38.987555145552371],[-76.954036989878389,38.987413629330135],[-76.954081726877831,38.987392966823606],[-76.954042055478268,38.98734057178563],[-76.954040423239391,38.98733841490067],[-76.954029660523972,38.987324199288381],[-76.954027936656928,38.987321922304396],[-76.954018597771253,38.987309588465337],[-76.954016738258616,38.987307132031304],[-76.954006097714071,38.987293078406182],[-76.954004240896381,38.987290626161084],[-76.953967670481163,38.987242325573447],[-76.953923198484702,38.987263051664478],[-76.953822916854605,38.987129996939181],[-76.953913953922125,38.987087671163017],[-76.953869300465968,38.98702868092753],[-76.953865126893163,38.987023168941292],[-76.953865108926877,38.987023143106072],[-76.953849914822143,38.987003081679056],[-76.953843934737293,38.986995203320326],[-76.953840305543551,38.986990409831229],[-76.95383758724148,38.986986819427365],[-76.953832356351597,38.986979911635075],[-76.953830238124155,38.986977113745077],[-76.95379999095023,38.986937166818585],[-76.953795733834085,38.986939130998529],[-76.953782262698113,38.986945345431685],[-76.953781997695089,38.986945466927317],[-76.953777011146954,38.986947766965713],[-76.953738662067465,38.986965454356074],[-76.953709293445897,38.986979000418089],[-76.953609288496892,38.986846354334467],[-76.953654633655788,38.98682526503034],[-76.953602165755001,38.986755138143735],[-76.953592559171341,38.98674229936907],[-76.953541901375843,38.986674596736648],[-76.953495767496108,38.986695841796141],[-76.953467476852865,38.986658203137758],[-76.953467387021348,38.986658082339908],[-76.953470097238551,38.986584848055472],[-76.953473321292108,38.986497742156878],[-76.953409117800433,38.986496293975357],[-76.953391039205329,38.98649588619422],[-76.953372885151765,38.986495493076475],[-76.953358662125865,38.986495183749383],[-76.953354866743794,38.986495101355267],[-76.953344620559662,38.986494878611786],[-76.953335757781076,38.986494685893334],[-76.953320149553008,38.986494347239493],[-76.953312150055396,38.986494107039647],[-76.953293743575244,38.986493691577763],[-76.953216129134688,38.986491941051568],[-76.953212510720718,38.986590002569585],[-76.953208020940934,38.986711687257554],[-76.953272209161241,38.986797355191385],[-76.953227737164781,38.986818080714457],[-76.953340640124637,38.986968677481158],[-76.953385820891853,38.986948005069223],[-76.953496583166398,38.987095458040791],[-76.953464155781262,38.987110455039954],[-76.953463467671767,38.98711077413985],[-76.953463917727703,38.987111369746451],[-76.953464113560429,38.987111628098681],[-76.953554578401125,38.987231294651366],[-76.953554665537709,38.987231410560533],[-76.953556418150825,38.987233730838859],[-76.953556942766966,38.987233492037987],[-76.953589455492036,38.98721862424086],[-76.953700463904951,38.987365449623141],[-76.95365564515879,38.987386320913423],[-76.953696360400741,38.987440414750061],[-76.953726524031353,38.987480487775017],[-76.953768991886392,38.987536909488767],[-76.953813812429189,38.987516033355185],[-76.953920748778913,38.987657544485003]]]},"properties":{"BUILDINGID":"346","NAME":"UMUC Administration Building"}},{"type":"Feature","geometry":{"type":"Polygon","coordinates":[[[-76.946322729833881,38.984413700805717],[-76.946322974175644,38.984419319831332],[-76.946324170731586,38.984446968056282],[-76.946351220801432,38.984446254418685],[-76.94636917902227,38.984445781686155],[-76.946395207707639,38.984445095281274],[-76.946394953484401,38.98443923535266],[-76.94639406774553,38.984418776572717],[-76.946393766809919,38.984411828029835],[-76.946322729833881,38.984413700805717]]]},"properties":{"BUILDINGID":"423","NAME":"Grounds Storage Facility"}},{"type":"Feature","geometry":{"type":"Polygon","coordinates":[[[-76.935165441104402,38.980868700846891],[-76.935164727842064,38.980870619106696],[-76.935152560161526,38.980903384540262],[-76.935151305215086,38.980906769251092],[-76.935141426441902,38.980933367192669],[-76.93517360858695,38.980940647774268],[-76.935151392351671,38.981000478261087],[-76.935287368539591,38.981031238788852],[-76.935294089734555,38.981013143499737],[-76.935309144600396,38.980972594756388],[-76.935312939982481,38.980962376388405],[-76.93531357419306,38.980960670417296],[-76.935313682889216,38.980960376428847],[-76.935314591085969,38.980957928852526],[-76.935318440366956,38.98094756244069],[-76.935318840117262,38.980946484249934],[-76.935319177883798,38.980945575050249],[-76.935319531820028,38.980944621158734],[-76.935330985339903,38.980913783779187],[-76.935331545888644,38.980912269842243],[-76.935333895881413,38.9809059403566],[-76.935334659449424,38.980903884530605],[-76.935338091912115,38.980894640994215],[-76.935338944413317,38.980892342854133],[-76.935348761202732,38.980865909000151],[-76.935353883396488,38.980852113169696],[-76.935355647687729,38.980847361163278],[-76.935365782480758,38.980820066274674],[-76.935362297017448,38.9808191905923],[-76.93532009326708,38.980809731266682],[-76.935313110662378,38.980808151686276],[-76.935286949026363,38.980802233496725],[-76.935285246718891,38.98080184872714],[-76.935258944945701,38.980795898414769],[-76.935256633580465,38.980795376077687],[-76.935230830372248,38.980789539589559],[-76.935224642776575,38.980806205492307],[-76.935223911547922,38.980808171937284],[-76.935209047124914,38.980848202628053],[-76.935200035225989,38.980846163559811],[-76.935197982575559,38.980845699183014],[-76.935175841798753,38.980840690895974],[-76.935165441104402,38.980868700846891]]]},"properties":{"BUILDINGID":"176","NAME":"House 176"}},{"type":"Feature","geometry":{"type":"Polygon","coordinates":[[[-76.938338480232431,38.991969217721071],[-76.938341662963481,38.991970387906477],[-76.938346159929807,38.991962940192685],[-76.938351952266757,38.991953340621095],[-76.938352161574201,38.991952996407761],[-76.938368868441856,38.991925316902602],[-76.938380153078469,38.991906621849843],[-76.938262504318971,38.991863375906377],[-76.938235774947685,38.991907660076116],[-76.938226279755128,38.991923388469338],[-76.938224014203982,38.991927141303819],[-76.93824770457465,38.991935849275379],[-76.938306260358132,38.991957372734554],[-76.938318608600028,38.991961912440203],[-76.938335296603071,38.991968046837442],[-76.938338480232431,38.991969217721071]]]},"properties":{"BUILDINGID":"057","NAME":"Animal Care Storage Facility"}},{"type":"Feature","geometry":{"type":"Polygon","coordinates":[[[-76.940143250435455,38.989225121599773],[-76.940187239138297,38.989225736040758],[-76.940210707625099,38.989225421139786],[-76.940253407245507,38.989217473205507],[-76.940255812933827,38.989217025641025],[-76.940273348048166,38.989213762121054],[-76.940298752404402,38.989209035113937],[-76.940366021846145,38.989196514478365],[-76.940387364020651,38.989192542255267],[-76.940402737788432,38.989189681612167],[-76.940412237472557,38.989186157651609],[-76.940413691845009,38.989185622808364],[-76.940416197246336,38.989183664974803],[-76.940416641912407,38.989183317955096],[-76.940418205879311,38.989182094658204],[-76.940418800564032,38.989181467648727],[-76.940420934062828,38.989179204689037],[-76.940422903169917,38.989176061262697],[-76.940426403904596,38.989169378513793],[-76.940424964803512,38.989093801474006],[-76.940424904616378,38.989090616150051],[-76.940423659551399,38.9890252373797],[-76.94042364338172,38.989024383443947],[-76.940356695536863,38.98902515917792],[-76.940284017338797,38.988972649441735],[-76.94028313788813,38.988926455867613],[-76.940456768757826,38.988924443564862],[-76.940470022501515,38.988924292048637],[-76.940468300431121,38.988833855668133],[-76.940467628491291,38.98879844341392],[-76.940467490150738,38.988791174113871],[-76.940467313182623,38.988781868766367],[-76.940465875878175,38.98870633250862],[-76.940465800419702,38.9887024244955],[-76.940465794131484,38.988702043260034],[-76.940465776165169,38.988701102041176],[-76.940321247117438,38.988702777103484],[-76.940319849338849,38.988629232125518],[-76.940317129240171,38.988629263546066],[-76.940268687588471,38.988629823529912],[-76.940267758730471,38.988581000180055],[-76.940267441625181,38.98856429491169],[-76.940267290708206,38.98855637134141],[-76.940266583734072,38.988519077902339],[-76.94026619206862,38.988498512075019],[-76.940265114988577,38.9884419109828],[-76.940309748681813,38.988441394288117],[-76.940313544063883,38.988441350997469],[-76.940311518362904,38.988335020028799],[-76.940464099010555,38.98833325279049],[-76.94046408912908,38.988332625773474],[-76.940464072959401,38.98833189262438],[-76.940464065772872,38.988331514179862],[-76.940464008280713,38.988328508268594],[-76.940462778487088,38.988263861944063],[-76.9404622152434,38.988234249669446],[-76.940462060733168,38.98822610821189],[-76.940461909816207,38.988218159467166],[-76.940461727458199,38.9882084846762],[-76.940461170502729,38.988179346482511],[-76.940439532782477,38.988179596451936],[-76.940424377305305,38.988179772408103],[-76.940414588363652,38.988179885522769],[-76.940382958682505,38.988180252098104],[-76.940229821977709,38.98818202632264],[-76.940229749214168,38.988178713179991],[-76.940226759620899,38.988178749488391],[-76.940225965510194,38.988137003179588],[-76.940201862812813,38.988137281776979],[-76.940100196878845,38.988138461102842],[-76.940076460694073,38.98813873551083],[-76.940077222465447,38.988178811631663],[-76.940072721905878,38.988178864697758],[-76.940072779398051,38.988181853159432],[-76.939841233243683,38.988184533697719],[-76.939842000404937,38.988224875123109],[-76.939842898720215,38.9882719817519],[-76.939843070298437,38.988280953408825],[-76.939843736848388,38.988316107574093],[-76.939843758407946,38.988317241511567],[-76.939844140191951,38.988337294885504],[-76.939845409511435,38.988337280920732],[-76.93989958241464,38.988336653205508],[-76.94004194742088,38.988335005365833],[-76.940043329928102,38.988407652717413],[-76.939900879581927,38.988409303348405],[-76.93985317634538,38.988409856351659],[-76.939852784679928,38.988389032843287],[-76.939796295021594,38.988389686392765],[-76.939795879101609,38.98838969267689],[-76.939781139544422,38.988389862348413],[-76.939781168290509,38.988391383806025],[-76.939781545582946,38.988411220705643],[-76.939777641504705,38.988411266789242],[-76.939778522752007,38.988457713460974],[-76.939778900942741,38.988477558720859],[-76.939779763325433,38.988522958694368],[-76.939780005870531,38.988535722434939],[-76.939753190261001,38.988536031054906],[-76.939719471098499,38.988536422066574],[-76.939720040630391,38.988566328869958],[-76.939704446775366,38.988580412964623],[-76.939696919791601,38.988582727612808],[-76.9396930525443,38.988584599580122],[-76.93968538542336,38.98858830092221],[-76.93968422479999,38.988589037559827],[-76.93967285212851,38.988596265684784],[-76.939661120130907,38.988605390213948],[-76.939653475467836,38.988613364749838],[-76.939647275295741,38.98862234753522],[-76.939646968071912,38.988623003177281],[-76.93964337391246,38.98863058530349],[-76.939643226588757,38.988631387574657],[-76.939641809047231,38.98863899343997],[-76.939640466065882,38.988647076896612],[-76.93963922459416,38.988654881756972],[-76.939640444506324,38.988665811213231],[-76.939644624367332,38.988677797095598],[-76.939649833697672,38.988687847472157],[-76.939657574480478,38.988696959421311],[-76.939659306432347,38.988698996168694],[-76.939659584011764,38.9886993271314],[-76.939660790449182,38.988700330493081],[-76.939669065729589,38.988707220661645],[-76.939670805766298,38.988708293148306],[-76.939684622753688,38.98871681788053],[-76.93969521838244,38.988722111886034],[-76.939696650297009,38.988722826178773],[-76.939707218976338,38.988726098798409],[-76.939709004827122,38.98882001670345],[-76.939659475315608,38.988820590650462],[-76.939647642706689,38.988820728202221],[-76.939646111079142,38.988820746356261],[-76.939646480286697,38.988840010585186],[-76.939646925851108,38.988863336424302],[-76.939647243854708,38.988863332933143],[-76.939710256180305,38.988862603280715],[-76.939710468182724,38.988873756837386],[-76.939697473153814,38.98887391044839],[-76.939699987538305,38.989006254588119],[-76.939700337881263,38.989024691363561],[-76.939935855487505,38.989021965472126],[-76.939956298448422,38.989021729470252],[-76.939956207718581,38.989016939609499],[-76.940034784254792,38.989016030513461],[-76.940036721920862,38.989118042608304],[-76.940037874459364,38.989178759917273],[-76.940038024478028,38.989186679926732],[-76.940038492500292,38.989211279918671],[-76.940143264808512,38.989210550269888],[-76.940143250435455,38.989225121599773]]]},"properties":{"BUILDINGID":"082","NAME":"John S. Toll Physics Building"}},{"type":"Feature","geometry":{"type":"Polygon","coordinates":[[[-76.94434927219018,38.993620628218729],[-76.944372594251575,38.993620617047789],[-76.944372620302715,38.993953927005904],[-76.944372619404405,38.993955988736573],[-76.944469307773375,38.993955349202096],[-76.944469314061593,38.993953221144167],[-76.94466914429654,38.993951761944295],[-76.94471145674305,38.993951453347933],[-76.944745378026496,38.993951205493424],[-76.944745548706393,38.9939539933332],[-76.94483926904168,38.993953914438627],[-76.94483892588525,38.993951083311622],[-76.945697911129585,38.993951437289738],[-76.94575019218081,38.993951459631575],[-76.945914978238207,38.993951526657007],[-76.94591495757696,38.994022110704286],[-76.946124605499662,38.994022100231604],[-76.946124581245144,38.993723199904295],[-76.946124582143455,38.993706528664219],[-76.946124579448522,38.993694672099338],[-76.946124576753562,38.993677857026555],[-76.946124576753562,38.993664821223099],[-76.946124574058615,38.993647758985794],[-76.946124574058615,38.993637723975439],[-76.946124572261994,38.993614586125169],[-76.946124567770426,38.993549389571001],[-76.946124567770426,38.99354731595934],[-76.946124562380518,38.993491220900538],[-76.946124563278829,38.993487253805803],[-76.946124559685586,38.99345767234211],[-76.946124559685586,38.993445718687589],[-76.94612455788895,38.993434697110551],[-76.946124556092329,38.993415593318822],[-76.946124556092329,38.993402441568001],[-76.946124553397368,38.993382543928547],[-76.946124552499057,38.993368979542751],[-76.946124550702422,38.993348204970097],[-76.946124548007489,38.993316437421612],[-76.946121477565839,38.993316440214357],[-76.945948954318894,38.993316596608473],[-76.94594917889772,38.993184321270782],[-76.945477538220715,38.99318408388644],[-76.945441838273013,38.993184066431674],[-76.945441835578052,38.993134182181983],[-76.945439968878915,38.993134181483839],[-76.945261393681889,38.993134189163904],[-76.945261411648204,38.993396698978174],[-76.945261411648204,38.993399227812318],[-76.945261413444825,38.993419751022635],[-76.945215567025983,38.993419753815367],[-76.945212827164383,38.993419753117223],[-76.945176151646265,38.993419755211775],[-76.945176154341212,38.993423876609619],[-76.945120748949449,38.993423880100565],[-76.944934733006932,38.993423887082393],[-76.944934734803553,38.993419704942283],[-76.944851199566955,38.993419707036885],[-76.944851197770348,38.993398058348738],[-76.944851197770348,38.993395217424819],[-76.944851196872023,38.993385779328804],[-76.944851196872023,38.993383298669144],[-76.944851195973712,38.993375300234057],[-76.944851195973712,38.9933705246317],[-76.944851195075401,38.993368980939152],[-76.944851193278751,38.99336774724177],[-76.94485119238044,38.993331595082275],[-76.944374285779247,38.993331967914571],[-76.944372490945327,38.993331969310972],[-76.944372315773833,38.993464144531998],[-76.94433220869135,38.993464057956857],[-76.94433221138631,38.993485697548387],[-76.944287589371186,38.993485699642982],[-76.944284559353733,38.993485699642982],[-76.944279735400656,38.993485700341182],[-76.944279665332076,38.993498347986062],[-76.944279411108838,38.993543228081599],[-76.944279576398856,38.993543229477993],[-76.944279550347702,38.993552715029601],[-76.944332788104703,38.993552910521579],[-76.944332752172102,38.993566752749999],[-76.944332674018668,38.9935948253897],[-76.944332673120371,38.993595985075423],[-76.944332608441655,38.993620638691532],[-76.944349153612563,38.993620629615123],[-76.944349212003061,38.993620629615123],[-76.94434927219018,38.993620628218729]]]},"properties":{"BUILDINGID":"068","NAME":"Eppley Recreation Center"}},{"type":"Feature","geometry":{"type":"Polygon","coordinates":[[[-76.943195516463433,38.992412029581232],[-76.943197313094004,38.992412037261374],[-76.943197531384612,38.992385956109239],[-76.943362973212174,38.992386793945876],[-76.943363014534683,38.992382123704623],[-76.943416164256774,38.992382393906951],[-76.943416585566652,38.992331634948599],[-76.943467549687668,38.992331895376353],[-76.943467601789962,38.992325489411741],[-76.943474054388645,38.992325520830647],[-76.943495618447045,38.992325629051322],[-76.943496530237041,38.992325633938684],[-76.943496776375426,38.992295798543573],[-76.943496781765333,38.992295123385965],[-76.94348079444822,38.992295043093172],[-76.94348135948853,38.992227179600533],[-76.943494870150403,38.99222725011861],[-76.943494876438621,38.992226380861126],[-76.943495099220797,38.992199486936812],[-76.943494163176268,38.992199482049436],[-76.943474154999947,38.99219938150879],[-76.943466168078771,38.992199339616811],[-76.943466234554094,38.99219151420138],[-76.943417093114789,38.992191264246074],[-76.943417522509478,38.992140129519285],[-76.943364300023845,38.992139860712399],[-76.943364329668256,38.992136051335059],[-76.943203303958626,38.992135234441442],[-76.943203338094619,38.992131149274918],[-76.943203479130119,38.992114301015278],[-76.943203586029639,38.992101443662989],[-76.943203968711956,38.992055430172002],[-76.943204067526636,38.992043518870872],[-76.943204344207743,38.99201050654267],[-76.943197753268507,38.992010471632611],[-76.943198095526611,38.991969358757736],[-76.94313284819259,38.99196902781032],[-76.943133150924851,38.991932339415563],[-76.943133178772612,38.991929031335907],[-76.943125966199204,38.991928993632996],[-76.943126149455509,38.991907322844597],[-76.943087468897687,38.991907127348014],[-76.943087371879642,38.991918954189707],[-76.943086129509595,38.991918947905887],[-76.942999193251353,38.991918508038729],[-76.942999292066034,38.991906862729529],[-76.94299892285845,38.991906862031314],[-76.942962894127362,38.991906677706005],[-76.942961421788596,38.991906668629383],[-76.94296137866948,38.991911830436152],[-76.942961375076209,38.991912368051608],[-76.942961285244692,38.991923101508398],[-76.942961226854194,38.991930292986382],[-76.942953669327693,38.991930253887105],[-76.94295333784936,38.991969730200836],[-76.942887510203661,38.991969396460625],[-76.942887144589335,38.992013249774018],[-76.942881764579084,38.992013223940617],[-76.942881664866107,38.992025249751777],[-76.942881592102566,38.992034068725197],[-76.942881058503289,38.992098215884241],[-76.942880784517129,38.99213099217998],[-76.94288073331316,38.992137296923246],[-76.942851429370279,38.992137147508544],[-76.942841894651849,38.992137098634558],[-76.942833668778803,38.992137058138965],[-76.942775867580139,38.992136763498713],[-76.94276345286292,38.99213670135893],[-76.942723234389334,38.992136496786451],[-76.942723207439869,38.992139445981813],[-76.942667142684684,38.992139162512736],[-76.942666707001763,38.992191543525728],[-76.942616989742362,38.992191290079468],[-76.942616943029975,38.992197151460935],[-76.9425889676954,38.992197011122933],[-76.942588110702616,38.992197006933722],[-76.942587842106335,38.992229055660609],[-76.942601716585898,38.992229125480527],[-76.942601168613564,38.992294866449079],[-76.94258778102089,38.992294798723862],[-76.942587549255563,38.992322709886167],[-76.942587530390952,38.992324951799425],[-76.942587521407788,38.992326154794227],[-76.942590304388531,38.992326169456412],[-76.942607256496245,38.992326254636531],[-76.942616567534188,38.992326302114016],[-76.942616532499883,38.99233045639081],[-76.942631835300759,38.992330534588937],[-76.942631885606417,38.992330534588937],[-76.94266619047049,38.992330707741992],[-76.94266602967204,38.992350209100955],[-76.942666024282147,38.992350778830193],[-76.942665998231007,38.992353862070523],[-76.942665950620295,38.99235964244766],[-76.942665940738834,38.992360866387834],[-76.942665828449421,38.992374502182983],[-76.942665750295987,38.992383829400495],[-76.942675225725608,38.992383876877874],[-76.942722353142031,38.992384117057739],[-76.942821697829316,38.992384621854342],[-76.942822362582632,38.99238462464713],[-76.942889006796932,38.992384963272791],[-76.942892733008719,38.992384981425914],[-76.942921752185654,38.992385128745525],[-76.942921738710936,38.992410634583699],[-76.942958232769357,38.992410821002281],[-76.942987694815713,38.992410971812824],[-76.942989077322949,38.992410978794808],[-76.942989089899356,38.99238547156034],[-76.943002058877113,38.992385536492691],[-76.943001843281436,38.992411043028923],[-76.943008778275427,38.992411077938797],[-76.943045602913884,38.992411267150146],[-76.943046858758635,38.992411272735715],[-76.943052745418697,38.992411303456379],[-76.943063173062527,38.992411357217577],[-76.943064919387439,38.992411364897713],[-76.94306688400296,38.992411374672479],[-76.943191437213727,38.992412007238919],[-76.943195516463433,38.992412029581232]]]},"properties":{"BUILDINGID":"097","NAME":"Cambridge Community Center"}},{"type":"Feature","geometry":{"type":"Polygon","coordinates":[[[-76.936156729325475,38.991315590039818],[-76.936160492368202,38.991315567697164],[-76.936424723724187,38.991313910850138],[-76.93650469444573,38.991313409536936],[-76.936506558449949,38.991313397667412],[-76.936527598790533,38.99131326710252],[-76.937118429736046,38.991309561015441],[-76.937118411769731,38.99130768562916],[-76.937116109387674,38.991084494758653],[-76.937062214063886,38.991084833390488],[-76.937040968907411,38.991084966050401],[-76.937009554821927,38.991085162945645],[-76.936523151231555,38.991088212727085],[-76.936491430820567,38.991088411716923],[-76.936480375254362,38.991088480141528],[-76.936480219845819,38.991073370875156],[-76.936480019521497,38.991053899187399],[-76.93647766324051,38.99082500591259],[-76.936477510526913,38.990810181460816],[-76.936477064064235,38.990766876895712],[-76.936476464887932,38.99070869267225],[-76.936476463091296,38.990708384061747],[-76.936475766896947,38.990640759233443],[-76.936475162330765,38.99058206311468],[-76.936474500272396,38.990517865008158],[-76.936474200235097,38.990488760581279],[-76.936516821702071,38.990488493164577],[-76.936639508213673,38.990487723730595],[-76.936796389096585,38.990486740642545],[-76.937004870107714,38.990485432884086],[-76.93703079638513,38.990485270897942],[-76.937058160865305,38.990485097740418],[-76.937108237450829,38.990484783543224],[-76.937106580957433,38.990323987713616],[-76.937105919797389,38.99025991505227],[-76.93705642621849,38.990260257877438],[-76.937030520602335,38.990260437319471],[-76.936895848768216,38.990261370837167],[-76.936888346038955,38.990261423901771],[-76.936384776541814,38.990264914294315],[-76.936320574846775,38.990265360455716],[-76.936319911890095,38.990227533081701],[-76.936416471799987,38.990226506700481],[-76.936416016354144,38.990200289288474],[-76.936327587095874,38.990201229090928],[-76.936290430080803,38.990201624981012],[-76.936290758864189,38.990220468506486],[-76.936248715912257,38.990220480376195],[-76.936233145413439,38.990220484565526],[-76.936196611829146,38.990220493642369],[-76.936196611829146,38.990220731036693],[-76.936196608235889,38.990226144325078],[-76.936196608235889,38.990226383115797],[-76.936196607337564,38.990226621208343],[-76.93619658308306,38.990266219264043],[-76.936151559521008,38.990266532065753],[-76.93614595583027,38.990266571864183],[-76.936147363490321,38.990403571902419],[-76.936122372359122,38.990403728302972],[-76.936121990575117,38.990366527303664],[-76.936075131754961,38.990366821253112],[-76.936075989646056,38.9904501659869],[-76.936123151198458,38.990449867848525],[-76.936122826906654,38.990418649193785],[-76.936147498237617,38.990418492095039],[-76.936148420807413,38.990508002711486],[-76.936150634256265,38.990723042360003],[-76.936150936988525,38.990752553748941],[-76.936151951186488,38.990851174218349],[-76.936156729325475,38.991315590039818]]]},"properties":{"BUILDINGID":"115","NAME":"A.V. Williams Building"}},{"type":"Feature","geometry":{"type":"Polygon","coordinates":[[[-76.931992296873474,38.983009943631949],[-76.932054072218932,38.983023685971979],[-76.932064224978262,38.983025945636946],[-76.932086967626319,38.98296366935481],[-76.932168116937518,38.982981722247978],[-76.932173724221514,38.982966364754773],[-76.932206748986303,38.982875922857353],[-76.932125594285239,38.982857872730364],[-76.932113769761131,38.982890251787737],[-76.932111270648008,38.982897095736341],[-76.932102075492764,38.98292227749527],[-76.932088010570368,38.982919151946568],[-76.932084001389256,38.98292087881925],[-76.932042477663558,38.98293877321138],[-76.932036994347072,38.98294113552781],[-76.932033264542014,38.98295135430849],[-76.931992780167093,38.982942348458174],[-76.931979522830133,38.982939399577901],[-76.93196009496549,38.982935077858492],[-76.931951977788586,38.982933272079357],[-76.931929116562912,38.982995888455413],[-76.931958645084606,38.983002457267659],[-76.931992296873474,38.983009943631949]]]},"properties":{"BUILDINGID":"243","NAME":"Leonardtown 243"}},{"type":"Feature","geometry":{"type":"Polygon","coordinates":[[[-76.93657841379121,38.989713196229182],[-76.936585599415153,38.989730442349547],[-76.93657677616244,38.989732777208587],[-76.936611548150466,38.989816000500049],[-76.936611624507265,38.989816183434385],[-76.936612711468754,38.989818784313364],[-76.936659690663149,38.989931223887346],[-76.936760176210839,38.990171729341881],[-76.93677318830774,38.990168004343097],[-76.936778701268636,38.9901664263679],[-76.936967400478892,38.990112420495514],[-76.936961821940997,38.990100808403632],[-76.937167300782448,38.990044252580596],[-76.937169450450924,38.990043661188011],[-76.937117979680082,38.989931850890187],[-76.937117803610306,38.989931471057702],[-76.937076614956197,38.989842002303703],[-76.937069069107821,38.989825608740176],[-76.937022451934453,38.989724345462463],[-76.937020354368258,38.989719788855901],[-76.937013767920618,38.989705482254621],[-76.936976322546315,38.989624142642789],[-76.936975843744264,38.989623104383007],[-76.93686847889812,38.989652794975967],[-76.936840681429985,38.98966048242373],[-76.936805651625477,38.989670169584258],[-76.93677936242868,38.989677440888698],[-76.936753075028534,38.989684710097727],[-76.936699846254669,38.989699428655207],[-76.936695062725803,38.989688588032948],[-76.936681773947782,38.989658456177388],[-76.936645156820191,38.98966879897052],[-76.936568892547498,38.98969034406587],[-76.93657841379121,38.989713196229182]]]},"properties":{"BUILDINGID":"081","NAME":"Wind Tunnel Building"}},{"type":"Feature","geometry":{"type":"Polygon","coordinates":[[[-76.945049390376525,38.984926611892057],[-76.945049424512518,38.984926611892057],[-76.945050378523334,38.984926612590343],[-76.945113917261708,38.984926712443041],[-76.945114211909114,38.9848133641487],[-76.94510819050177,38.984813354372882],[-76.945108502217153,38.984693509164451],[-76.945108504013803,38.984692426841136],[-76.945108558811029,38.984671824290068],[-76.945108611811634,38.984650890053146],[-76.945108673795389,38.984627293292256],[-76.945108728592615,38.984606272456134],[-76.945108777999948,38.984587091566205],[-76.945108780694909,38.984586008543019],[-76.945109051087812,38.984482598952688],[-76.945109051087812,38.984482301487468],[-76.945109051087812,38.984481958634376],[-76.945109092410306,38.984466362656413],[-76.945109130139556,38.984452145769126],[-76.94505097410638,38.984452052898476],[-76.945018678773593,38.984452002622682],[-76.945012101309075,38.984451992148529],[-76.94501182822124,38.984451992148529],[-76.945007109371062,38.984451985165762],[-76.944956052723555,38.984451902769251],[-76.944949805839073,38.984451892295105],[-76.944931106508122,38.984451863665839],[-76.944764832840619,38.984451598321144],[-76.944764544481416,38.984563302758609],[-76.944905886306529,38.984563526904687],[-76.94492728148164,38.984563559723576],[-76.944944340488888,38.984563587654549],[-76.944948125091173,38.984563593939022],[-76.944966969050896,38.984563623266524],[-76.944966730099026,38.984656122216379],[-76.944948161922113,38.984656092888926],[-76.944944208436553,38.984656086604453],[-76.944942445941948,38.984656083811373],[-76.94494244145038,38.984657832986393],[-76.944942366890203,38.984687089241312],[-76.944942364195242,38.984687881083062],[-76.944944162622463,38.984687885970949],[-76.944948177193467,38.984687893651973],[-76.944966644759063,38.984687920884625],[-76.944966556724196,38.984722658568849],[-76.944966548639343,38.984725575254323],[-76.944966503723563,38.984742958753067],[-76.944966497435388,38.984745872644609],[-76.944966319568934,38.984814604977863],[-76.944958433259075,38.984814591012444],[-76.94495821946002,38.984897126703224],[-76.944958216765087,38.9848974122961],[-76.944958142204911,38.984926463858635],[-76.944962025621905,38.984926473634445],[-76.945019175541958,38.98492656371139],[-76.945020823052189,38.984926567202749],[-76.945025233780228,38.984926573487193],[-76.945044714645462,38.984926603512818],[-76.945049355342249,38.984926611892057],[-76.945049390376525,38.984926611892057]]]},"properties":{"BUILDINGID":"051","NAME":"Worcester Hall"}},{"type":"Feature","geometry":{"type":"Polygon","coordinates":[[[-76.94078283115482,39.006994147360096],[-76.940794741018848,39.006993344599032],[-76.940795812708998,39.007003026594717],[-76.940798502264954,39.007002844402869],[-76.940815515458127,39.007001698897902],[-76.940822214195194,39.007001247955671],[-76.94082108321625,39.006991007517271],[-76.940827970599528,39.00699054540609],[-76.940821679697606,39.006933682674536],[-76.940829927130224,39.006931253447668],[-76.940827283388344,39.006907362555737],[-76.94081212341959,39.006908384506723],[-76.940809759952074,39.006887033128045],[-76.940728265687824,39.006892525417761],[-76.940730643528383,39.006914040837465],[-76.940724206201068,39.00691447363085],[-76.940724405627051,39.006916278100036],[-76.940724508933329,39.006917201625306],[-76.940733349254018,39.006997054751075],[-76.940733396864729,39.006997479865397],[-76.94073793515355,39.00699717411819],[-76.940765658061522,39.006995305430138],[-76.94078283115482,39.006994147360096]]]},"properties":{"BUILDINGID":"394","NAME":"Sample Preparation Building"}},{"type":"Feature","geometry":{"type":"Polygon","coordinates":[[[-76.944158658670034,39.004206569637653],[-76.944234992112996,39.004216571735626],[-76.94435630420223,39.003708578834129],[-76.944356598849637,39.003707346713206],[-76.94436579310657,39.003675965668116],[-76.944286456595606,39.003665387572859],[-76.944286638055303,39.003664608508984],[-76.944231833636451,39.003656819265686],[-76.944258300699673,39.003543422781007],[-76.944123932496097,39.003524328001092],[-76.944136645453995,39.003469854830378],[-76.944385024240162,39.003505150143653],[-76.944385714146293,39.003505248573994],[-76.944392464985668,39.003476326104526],[-76.944395206643904,39.003464577286003],[-76.94440351516198,39.003428975491744],[-76.944403830470634,39.003427625389016],[-76.944459830547132,39.003187682269086],[-76.944458550447848,39.00318750076552],[-76.944456331609103,39.003187185228555],[-76.94437307125699,39.003175353987267],[-76.944339152668505,39.003170534368486],[-76.944231479700221,39.003155235008606],[-76.944138744816811,39.003142058540504],[-76.944138710680846,39.003142054351933],[-76.944138676544853,39.003142049465318],[-76.944108807561662,39.003137804373239],[-76.944099225232534,39.00317886957226],[-76.944095386731306,39.003195317286014],[-76.94409416681917,39.003200541097534],[-76.944090464861887,39.003216403108468],[-76.944089969890143,39.003216331205131],[-76.943996869392436,39.003203102391574],[-76.943989153762445,39.003202004295254],[-76.943983943533794,39.003201262923128],[-76.943971092235344,39.003256324790513],[-76.943955291767807,39.003324024824764],[-76.943953053166112,39.003333619363382],[-76.943938922666703,39.003394161123545],[-76.943941479271999,39.003394524129575],[-76.943966572811149,39.003398089966083],[-76.943960755321356,39.003423011723491],[-76.943943222003654,39.003498139948569],[-76.943916741465713,39.003494377954489],[-76.94391523139771,39.003494163641605],[-76.94391148182973,39.003510218956869],[-76.943894553078195,39.003507811951295],[-76.943884701254476,39.003506412983945],[-76.943860107178622,39.00350291765978],[-76.943846430328421,39.00350097418405],[-76.943756902430579,39.003488252235414],[-76.943748927187485,39.003487119937162],[-76.94373612709299,39.003485299324481],[-76.943681964969556,39.003477601510916],[-76.94366063087989,39.003490993625626],[-76.943651150060376,39.00353161184384],[-76.943648410198762,39.003543345293323],[-76.94359966401818,39.003752198693235],[-76.943598441411098,39.003757439217708],[-76.94358291223476,39.003765740146164],[-76.943569312639696,39.003824002989177],[-76.943582605010931,39.003832842132816],[-76.943577207034394,39.003857818187612],[-76.94358904413491,39.003874477961006],[-76.943549908131246,39.004039333065926],[-76.943534187613764,39.004106691687078],[-76.943609227482696,39.00411735558037],[-76.943606708606652,39.004128137447829],[-76.943766355402303,39.004150823692306],[-76.944109498366103,39.004199582548701],[-76.944158658670034,39.004206569637653]]]},"properties":{"BUILDINGID":"796","NAME":"Laboratory for Physical Sciences"}},{"type":"Feature","geometry":{"type":"Polygon","coordinates":[[[-76.95385242291843,39.004891087396373],[-76.95383846489554,39.004899936877756],[-76.953985210087083,39.005040889693888],[-76.95448283722861,39.004725485939375],[-76.954338614506369,39.004586956217672],[-76.954467472444009,39.004505286067477],[-76.954464346306807,39.004502282937388],[-76.954418177392782,39.00445793684144],[-76.95441617504801,39.004456013636222],[-76.954412908773648,39.004452875775016],[-76.954404838309131,39.004445122918561],[-76.954400620718872,39.004441074064701],[-76.954398012909593,39.004438568661719],[-76.954397252036557,39.00443783847183],[-76.954266461822755,39.004520734523958],[-76.954282424885363,39.004536068492378],[-76.954227193766755,39.004571084042915],[-76.954224439532084,39.004572828537292],[-76.954200891993537,39.004587757609869],[-76.954199748438171,39.00458848360978],[-76.954198168301602,39.004589498613484],[-76.954168827527781,39.004608369721339],[-76.954154263142087,39.004607737961962],[-76.954147243706458,39.004607777054289],[-76.95414188795074,39.004607808467703],[-76.954137643411016,39.004607832202346],[-76.954121069494036,39.004608795548059],[-76.954120135246129,39.004608898863381],[-76.954117601997041,39.004609178792101],[-76.954104611459712,39.004610618226096],[-76.95409817503068,39.004611678604448],[-76.954092841732859,39.004612557482872],[-76.954088353749697,39.004613296047864],[-76.954072355652798,39.004616816447978],[-76.954071775341134,39.004616975609423],[-76.954069942777949,39.004617483809106],[-76.95405669532245,39.004621158483879],[-76.954051044919296,39.004623067025008],[-76.954046016150343,39.004624764747014],[-76.954041443725572,39.004626308892099],[-76.954026667337459,39.004632244635864],[-76.954026398741178,39.004632370987693],[-76.954026228061281,39.004632445681892],[-76.954022464120243,39.004634215305501],[-76.95401701853298,39.004636779339926],[-76.954012429040191,39.004638935697706],[-76.954007711088323,39.004641505316613],[-76.954003191664128,39.004643963941291],[-76.953998797105754,39.00464635485249],[-76.95398583261958,39.004654469290337],[-76.953973586785622,39.004663239220704],[-76.95396898561475,39.004667010227557],[-76.953965404930017,39.004669942844984],[-76.953962124282612,39.004672631135669],[-76.953951490924581,39.004682596169673],[-76.953950626745282,39.004683528100998],[-76.95394990539809,39.004684300871013],[-76.953949875753693,39.004684335774776],[-76.953948680096062,39.00468562163055],[-76.953944599049734,39.004690012527583],[-76.953941736118921,39.004693095928367],[-76.9539370280485,39.00469894580322],[-76.95393451635897,39.004702066201695],[-76.953932897594839,39.004704078055816],[-76.953925019369791,39.004715495082614],[-76.953923757236808,39.004717663305264],[-76.953921821367373,39.004720984748623],[-76.953918140071337,39.004727299539432],[-76.953913960210315,39.004735966843683],[-76.953912809468434,39.004738347280615],[-76.953912284852322,39.004739435580078],[-76.953907484255453,39.004751850150676],[-76.953906422446778,39.004755450124406],[-76.953905239365554,39.0047594612642],[-76.953903756247016,39.004764489499223],[-76.953901114301772,39.004777292893159],[-76.953872619740949,39.004795257151777],[-76.953786708460441,39.004849711152005],[-76.953823558251713,39.004885108393744],[-76.953837195576043,39.004876462748015],[-76.95385242291843,39.004891087396373]]]},"properties":{"BUILDINGID":"311","NAME":"Elkins Building"}},{"type":"Feature","geometry":{"type":"Polygon","coordinates":[[[-76.932898363720184,38.983741587551329],[-76.932894298843522,38.983751211978202],[-76.932908352986146,38.983754828382601],[-76.932906354234632,38.98375952293474],[-76.932906080248472,38.983760182811508],[-76.932876690067317,38.983829806410853],[-76.932879540421723,38.983830539606522],[-76.932880537551682,38.983830795875896],[-76.932881800582962,38.983831120576816],[-76.932967870865284,38.983853261686434],[-76.932973595828599,38.983854735060163],[-76.932981227915249,38.98383666912224],[-76.932967035432071,38.983833018506161],[-76.932967912187806,38.983830943911549],[-76.932999390951977,38.983756403707595],[-76.932911612972305,38.98373382125309],[-76.932902623531248,38.983731508541226],[-76.932898363720184,38.983741587551329]]]},"properties":{"BUILDINGID":"204","NAME":"Temporary Building (West of 201)"}},{"type":"Feature","geometry":{"type":"Polygon","coordinates":[[[-76.942365850433333,38.992766173043755],[-76.942365864806391,38.992871801257785],[-76.94261765988557,38.992871778217456],[-76.942617661682206,38.992876244554211],[-76.942885303043013,38.992876224306663],[-76.942885296754795,38.992849942246082],[-76.942885291364888,38.992807992027174],[-76.942885287771645,38.992784392399855],[-76.942885286873334,38.992781423681947],[-76.942885283280077,38.992758763116115],[-76.942844786328749,38.992758765908881],[-76.942834400905738,38.992758768003497],[-76.942817299677685,38.992758768701648],[-76.942746452246169,38.99275877498539],[-76.942708716716027,38.992758777080006],[-76.942660054078772,38.992758781967346],[-76.942643412788129,38.992758782665554],[-76.942637456059472,38.992758784061913],[-76.942633692118449,38.992758783363755],[-76.942633692118449,38.992754027269179],[-76.942574422174317,38.992754031458368],[-76.942567236550346,38.992754032156562],[-76.942564893744105,38.992754032854776],[-76.942551462133963,38.992754035647543],[-76.942492520074921,38.992754039138518],[-76.942463497304701,38.992754041931292],[-76.942455239990622,38.992754041931292],[-76.942451034078459,38.992754042629443],[-76.942365848636697,38.9927540503096],[-76.942365848636697,38.99276269254927],[-76.942365850433333,38.992766173043755]]]},"properties":{"BUILDINGID":"099","NAME":"Bel Air Hall"}},{"type":"Feature","geometry":{"type":"Polygon","coordinates":[[[-76.935669509166516,38.98333949300887],[-76.935697589603976,38.983339513957503],[-76.935697617451765,38.983315066944591],[-76.935740779704531,38.983315096970912],[-76.935750013487336,38.983315103255485],[-76.935750031453637,38.98330119268492],[-76.935750035046894,38.983297617456238],[-76.935750092539081,38.98324894893986],[-76.935750105115488,38.983239184787237],[-76.935750107810449,38.983237274971096],[-76.935750107810449,38.983235762480433],[-76.935750139251482,38.983209993573027],[-76.935744606527635,38.983209989383333],[-76.935726907021589,38.983209976115852],[-76.935559041539392,38.983209852518904],[-76.935519615379889,38.983209825285691],[-76.935518888642818,38.983209823190847],[-76.935518826659077,38.983258460311191],[-76.935518792523098,38.98328668717113],[-76.935518772760162,38.983301566268395],[-76.935518771861837,38.983302483118962],[-76.935518756590483,38.983314439883138],[-76.935571075370959,38.983314479685475],[-76.935571045726547,38.983339419688804],[-76.935600114310816,38.983339441335687],[-76.935669509166516,38.98333949300887]]]},"properties":{"BUILDINGID":"136","NAME":"House 11"}},{"type":"Feature","geometry":{"type":"Polygon","coordinates":[[[-76.935709661164765,38.988632953714102],[-76.935712231244793,38.988676535387143],[-76.935779810605297,38.988674104835169],[-76.9357830193875,38.988673989626612],[-76.935788111038548,38.988673805991127],[-76.935792402290645,38.988673652379681],[-76.935789827719034,38.988630070006622],[-76.93578413240013,38.988630275985734],[-76.935779040749111,38.988630458923133],[-76.935777063557168,38.988630528746548],[-76.935709661164765,38.988632953714102]]]},"properties":{"BUILDINGID":"299","NAME":"Gate House"}},{"type":"Feature","geometry":{"type":"Polygon","coordinates":[[[-76.944950668221736,38.982109521266189],[-76.944953361370978,38.982185716075122],[-76.94502006307745,38.982184277581574],[-76.945050721679763,38.982183616991819],[-76.945050528541998,38.982178151414345],[-76.945172788353844,38.982175516736291],[-76.945278240686733,38.982173246569644],[-76.945295049962326,38.982172884153002],[-76.945893194092577,38.982160000554501],[-76.945911268196099,38.982159610904176],[-76.946127559160303,38.982154951859179],[-76.946140214626027,38.982154678824621],[-76.94618407217483,38.982153735423829],[-76.946230469260939,38.982152735460858],[-76.946228087827123,38.982085236532214],[-76.946228006080432,38.982082927956263],[-76.946227910859008,38.982080254868187],[-76.946227441040122,38.98206691596188],[-76.946225448576811,38.982010633738099],[-76.946223216263334,38.981947484385962],[-76.946221955028676,38.981911819393488],[-76.94622123727477,38.981891514207639],[-76.9462199104631,38.981854002180583],[-76.946217417638181,38.981783505157559],[-76.946216106097864,38.981746395993632],[-76.946215388343944,38.98172609076039],[-76.946214022006401,38.98168746904264],[-76.946208829744066,38.981540599063464],[-76.945699758065814,38.98155156313679],[-76.945697714398534,38.981493803589025],[-76.945027127428844,38.981508245924452],[-76.945026978308505,38.981504006517604],[-76.945026944172511,38.981502999562451],[-76.94493027197322,38.98150507911339],[-76.944932801629065,38.981576702777772],[-76.944932926494886,38.981580197788361],[-76.944938131333643,38.98158008466315],[-76.944941135299956,38.981580019720887],[-76.944951071565299,38.98186103756386],[-76.94495222500214,38.981893702682108],[-76.94495298587519,38.981915236876212],[-76.944953893173619,38.981940905699616],[-76.944954613622471,38.981961298158772],[-76.94495559278613,38.981988986448506],[-76.944955756279512,38.981993629443515],[-76.944959346845721,38.98209518798803],[-76.944959822952811,38.982108641409951],[-76.944956651001547,38.982108709843232],[-76.944950644865557,38.982108840425092],[-76.944950668221736,38.982109521266189]]]},"properties":{"BUILDINGID":"404","NAME":"Mowatt Lane Parking Garage"}},{"type":"Feature","geometry":{"type":"Polygon","coordinates":[[[-76.946148983979853,38.988640565863356],[-76.946148983979853,38.988637358175552],[-76.946148983081514,38.98863422380213],[-76.946075252956263,38.988633816033357],[-76.946075332906318,38.988624327727806],[-76.946075355364215,38.988621673040818],[-76.946075382313666,38.988618619661956],[-76.946075525145801,38.98860180477962],[-76.946075554790212,38.988598414850813],[-76.946075569163241,38.988596764922491],[-76.946076183610899,38.988524473864999],[-76.94607266670657,38.988524465486186],[-76.945948213208794,38.988524154073218],[-76.945933947962061,38.988524117765003],[-76.945933845554137,38.988387267701015],[-76.94593380512994,38.988336445829106],[-76.945933806028265,38.988336166534239],[-76.945933762909121,38.988278575211105],[-76.945933761112485,38.988273629593095],[-76.945933240987955,38.988273629593095],[-76.945894019644328,38.988273630989553],[-76.945867531919859,38.98827363238604],[-76.945866906692416,38.988273633782491],[-76.945866581502287,38.988273633782491],[-76.945733512262606,38.988273637273693],[-76.945704603578463,38.988273637971936],[-76.945572530570445,38.988273642161374],[-76.945521019375406,38.988273644256083],[-76.945504807479495,38.988273644256083],[-76.945502874304992,38.988273644954333],[-76.945500219783341,38.988273644954333],[-76.945499852372393,38.988273644256083],[-76.94549985596565,38.988318825113879],[-76.945499857762272,38.988331260021482],[-76.94549988201679,38.988706908551244],[-76.945570166204618,38.98870694695411],[-76.945568017434454,38.988760326187474],[-76.945567877297279,38.988763787328239],[-76.946054286277544,38.988853802066153],[-76.946082019965289,38.988858934769844],[-76.946081992117513,38.988858160430546],[-76.946080245792615,38.988802650963478],[-76.946080241301047,38.988802271124932],[-76.946148992962975,38.988802266935522],[-76.946148992064664,38.988791457596349],[-76.946148992064664,38.988787308697674],[-76.946148991166353,38.988749877828376],[-76.946148990268043,38.988742988362148],[-76.946148988471421,38.988723296089809],[-76.946148987573096,38.988701100644683],[-76.946148986674785,38.988696493001278],[-76.946148986674785,38.988684676094636],[-76.946148985776475,38.988670526386713],[-76.946148984878164,38.988667787913428],[-76.946148983979853,38.988655663779042],[-76.946148983979853,38.988640565863356]]]},"properties":{"BUILDINGID":"179","NAME":"Union Lane Parking Garage"}},{"type":"Feature","geometry":{"type":"Polygon","coordinates":[[[-76.940955719117767,38.991116753452189],[-76.940963767124416,38.991116697595466],[-76.940964465115371,38.991178112795467],[-76.940980671621418,38.991177999685597],[-76.940987815922867,38.991177950112736],[-76.941015698730965,38.99117775740703],[-76.941015627764074,38.991171586634387],[-76.941015616984288,38.991170625200326],[-76.941015068113643,38.991122495528856],[-76.941015060028803,38.991121778467495],[-76.941014997146738,38.991116238871641],[-76.941079987562603,38.99111578643172],[-76.941079979477749,38.991114923444471],[-76.9410795761342,38.991079617761251],[-76.941079089247324,38.991037098149647],[-76.941078716446484,38.991004410020039],[-76.941077539653449,38.990901385443912],[-76.941077518093877,38.990899538673517],[-76.941077155174497,38.990867766534848],[-76.941076843459115,38.990867766534848],[-76.941075741226257,38.99077110667109],[-76.941075308238283,38.990733116883625],[-76.941014680939759,38.990733537906372],[-76.941006260132298,38.990733595858096],[-76.940976928341627,38.990733799038225],[-76.940968949505276,38.990733854197096],[-76.94096845363525,38.99073385768817],[-76.940906282132744,38.99073428918409],[-76.940894946292175,38.990734368082244],[-76.94089514931143,38.99075199866936],[-76.940895848200697,38.990813286412859],[-76.940895867065322,38.990815001223304],[-76.94089591647267,38.990819339917017],[-76.940896604582178,38.990879685015933],[-76.94089706721455,38.990920272072223],[-76.940897249572558,38.990936231792894],[-76.940899314799381,38.991117144449653],[-76.940925495300036,38.991116962915122],[-76.940955719117767,38.991116753452189]]]},"properties":{"BUILDINGID":"085","NAME":"Institute for Physical Science & Technology"}},{"type":"Feature","geometry":{"type":"Polygon","coordinates":[[[-76.941944848687228,39.001030294489752],[-76.941944891806358,39.001030448074381],[-76.941948133826216,39.001041977391935],[-76.941906783475375,39.001049056245364],[-76.941917185966361,39.001086044988355],[-76.941899922143236,39.001089001489994],[-76.941907372770203,39.001115486433406],[-76.941923860448924,39.00111266397024],[-76.941934540519341,39.001150639110456],[-76.941975931294365,39.001143551191753],[-76.94198232460424,39.001166285166669],[-76.94207139166636,39.001151034939234],[-76.942076974695823,39.001170883620937],[-76.942079804388996,39.00117039843412],[-76.942112958511188,39.001164720002699],[-76.94211654997568,39.001164104967245],[-76.942111224762684,39.001145172205014],[-76.94220100778206,39.001129801897939],[-76.942195007035963,39.001108467624206],[-76.942272959243056,39.001095119737599],[-76.942279338179887,39.001117811841446],[-76.942367666826826,39.001102689357893],[-76.942373300161975,39.001122719562026],[-76.942376054396647,39.001122247638996],[-76.94240808742137,39.001116761882351],[-76.942412394843146,39.001116025375183],[-76.942406744440007,39.001095940716439],[-76.942479523249389,39.001083478032733],[-76.942497732100193,39.001080358870965],[-76.942491607386586,39.001058596639815],[-76.942531932759692,39.001051690919063],[-76.94252320652501,39.001020664733147],[-76.942503102228955,39.000949171742711],[-76.942470929067056,39.000954681946283],[-76.942463344591118,39.000955980435833],[-76.942456974637437,39.00093333156309],[-76.942367656047054,39.000948625818573],[-76.942361478332842,39.000926652716814],[-76.942322047681756,39.000933404864981],[-76.942327900205839,39.000954215607031],[-76.942239426930144,39.000969367443027],[-76.942245791493917,39.000992003738205],[-76.942166683155051,39.001005548511891],[-76.942160053588267,39.000981975354158],[-76.942071139239758,39.000997201184106],[-76.942064529435896,39.000973697136807],[-76.942024907443653,39.00098048069551],[-76.942031303448488,39.001003216817146],[-76.941941556361698,39.001018586453597],[-76.941944848687228,39.001030294489752]]]},"properties":{"BUILDINGID":"989","NAME":"Courtyard 300"}},{"type":"Feature","geometry":{"type":"Polygon","coordinates":[[[-76.935718288584752,38.985985426897813],[-76.935690324928274,38.986028833541177],[-76.935851550063902,38.986092094465647],[-76.935880167693909,38.986047666307115],[-76.93588750872641,38.986036271405524],[-76.935893700813665,38.986026659159705],[-76.93590013005614,38.986016677533073],[-76.935905154333526,38.986008879364434],[-76.935911713831729,38.9859986959381],[-76.93594131152372,38.985952749702264],[-76.935988428160385,38.985879608953411],[-76.935688988235128,38.985762113108805],[-76.935340310750874,38.985625294713017],[-76.935339362129923,38.985624923934857],[-76.935339218399477,38.985625148077609],[-76.935314653968035,38.985663281655853],[-76.935256031709216,38.985754286283395],[-76.935236717032282,38.985784269674546],[-76.935315857710521,38.985815325583467],[-76.935281927443924,38.985868003149804],[-76.935441708986886,38.985930698626674],[-76.93546937260605,38.985887757663477],[-76.935518207719838,38.985906920744483],[-76.935718288584752,38.985985426897813]]]},"properties":{"BUILDINGID":"001","NAME":"Energy Plant"}},{"type":"Feature","geometry":{"type":"Polygon","coordinates":[[[-76.943748481623089,38.985041931220373],[-76.943865711767685,38.985040170184263],[-76.943865652478877,38.9850385222678],[-76.94388478928937,38.985038202460274],[-76.943910991349568,38.985037764645199],[-76.94391080809325,38.985033640664184],[-76.943910622141985,38.985029509002032],[-76.943910237663047,38.985020923076227],[-76.943908584762937,38.98498397062523],[-76.943908302691923,38.984977653374131],[-76.943908239809872,38.984976242169893],[-76.94390814638507,38.984974151548556],[-76.943908131113716,38.984973782163543],[-76.943907913721418,38.984968943149944],[-76.943906818675075,38.984944455501768],[-76.943906789030663,38.984943779575808],[-76.943904722007204,38.984888022644185],[-76.943904637565566,38.984885727426786],[-76.943983431494075,38.984885089206877],[-76.943983427900832,38.98488512900839],[-76.943983427900832,38.984885168809839],[-76.943983426104197,38.9848872657182],[-76.943983420714304,38.984899178223635],[-76.943983412629464,38.984918153737375],[-76.944092570512908,38.984916290052404],[-76.944092584885951,38.984915642056961],[-76.944093067281244,38.984896031115859],[-76.944093068179569,38.984896001788499],[-76.944093083450937,38.984895445964703],[-76.944093390674752,38.984882885462959],[-76.944168419763912,38.9848808953899],[-76.944169834610491,38.98493827999615],[-76.944170758976909,38.984975802259598],[-76.944170824553922,38.984978484315803],[-76.944170838926979,38.984979043630297],[-76.944171748920354,38.985015967454835],[-76.944171953736245,38.985024269883674],[-76.944172059737454,38.985028613820155],[-76.944172164840325,38.985032819499004],[-76.944207518038326,38.985032137289451],[-76.944207526123179,38.985033496820627],[-76.944215528315738,38.985033356468428],[-76.944330227007839,38.985031344055002],[-76.94433024587245,38.985029768060137],[-76.94437763559695,38.985028853326682],[-76.944379259750988,38.985028821904535],[-76.944378833051232,38.985016021221597],[-76.944377950905618,38.984989573545356],[-76.944377928447736,38.984988887844032],[-76.944377825141487,38.984985757498748],[-76.944374274999475,38.984879229314679],[-76.944390774356293,38.984878602267081],[-76.944390588405028,38.984873183681799],[-76.944389161880352,38.984831510836912],[-76.94438810905487,38.98480074567582],[-76.944386346560265,38.984749262757909],[-76.944386175880354,38.984744240781573],[-76.944386079760633,38.984741486096112],[-76.944385538076517,38.984725664633238],[-76.944385529991678,38.984725451660019],[-76.944384920035588,38.984707606598597],[-76.94438462987975,38.984699142133294],[-76.944377939227522,38.984699244081163],[-76.944369777134838,38.984699369072018],[-76.9441573408415,38.984702623722576],[-76.944113778838442,38.984703289875014],[-76.944114360946756,38.98468362999597],[-76.944114670865517,38.984673114699184],[-76.944114676255424,38.98467290312233],[-76.944111621085142,38.984672956889398],[-76.94409538493467,38.984673247371063],[-76.943965250491061,38.984675597060701],[-76.943954087127011,38.984675798861652],[-76.943952894164312,38.984675821904702],[-76.943948780778626,38.984675897318191],[-76.943947180879107,38.984705194065491],[-76.943947171895957,38.984705353271721],[-76.943927354162483,38.984705670985946],[-76.94391148182973,38.984705926553808],[-76.943893799391674,38.984706210750929],[-76.943893560439804,38.984706210750929],[-76.943889530597431,38.984706272897242],[-76.943877415019202,38.984706467715363],[-76.943693328657915,38.984709413728986],[-76.94368931408691,38.984709479366607],[-76.943676564298087,38.984709685357132],[-76.943679005919023,38.984805962465998],[-76.943679584434079,38.98482883924919],[-76.943681205893157,38.984892768793237],[-76.94369031391183,38.984892310727368],[-76.943700800844454,38.984891780739545],[-76.943704362664533,38.985041191752821],[-76.943704746245174,38.985041208511262],[-76.94374852833549,38.98504047742292],[-76.943748481623089,38.985041931220373]]]},"properties":{"BUILDINGID":"042","NAME":"Tydings Hall"}},{"type":"Feature","geometry":{"type":"Polygon","coordinates":[[[-76.943497760030667,38.995777212131799],[-76.943500957134773,38.995777947996423],[-76.943507953214194,38.99575944874907],[-76.943516184477147,38.995737684183254],[-76.943521295891131,38.995738861288011],[-76.943523807580647,38.995739440066039],[-76.943530155076445,38.995740902719874],[-76.943560016873121,38.995747780334263],[-76.943569335097564,38.995749925792367],[-76.943571891702859,38.995743168262415],[-76.943594637944173,38.995683036759701],[-76.943609638012802,38.995643382390675],[-76.943609512248656,38.995643353067706],[-76.943609164600645,38.995643272778715],[-76.943510899688334,38.995620638263205],[-76.943471447477691,38.995611550943018],[-76.943287824647086,38.995569253976392],[-76.943114477645025,38.995529323767904],[-76.943105614866425,38.995527281631759],[-76.943102704324914,38.995526611392172],[-76.943102241692543,38.995527838768361],[-76.943100963389881,38.995531218590997],[-76.943099745274381,38.995534437835182],[-76.943097929779171,38.99553923633097],[-76.943096726036686,38.995542419968352],[-76.943092472513825,38.99555366602663],[-76.943089024779766,38.995562781979018],[-76.943087845291799,38.99556589789325],[-76.943063924054101,38.995629133538145],[-76.943062059151572,38.995634064678903],[-76.943077464360385,38.995637614150546],[-76.943122298377887,38.995647941408471],[-76.943129856802699,38.995649681933898],[-76.943145706677569,38.995653331940503],[-76.943210351242044,38.995668223797992],[-76.943297803133262,38.995688369341408],[-76.943352148513,38.995700886734021],[-76.943361793724222,38.995703108293455],[-76.943394290279613,38.9957105947109],[-76.943448690456592,38.995723123968425],[-76.943433803575701,38.99576248296944],[-76.943471321713545,38.995771124143545],[-76.94348767374666,38.995774890737287],[-76.943497760030667,38.995777212131799]]]},"properties":{"BUILDINGID":"124","NAME":"Grounds Material & Equipment Building"}},{"type":"Feature","geometry":{"type":"Polygon","coordinates":[[[-76.934085283450585,38.984038548314537],[-76.934104764315833,38.984038842988504],[-76.934105800971665,38.983997247161511],[-76.934136759611306,38.983997715009103],[-76.934137347109498,38.983974118728781],[-76.934138717040312,38.983919023003558],[-76.934139237164871,38.983898205855184],[-76.934104563991511,38.983897678653094],[-76.934105536866966,38.983858684539427],[-76.934077279461377,38.983858255096422],[-76.934022735553981,38.983857426934783],[-76.934012468708588,38.9838572719163],[-76.934012413911361,38.983857271218007],[-76.934006672778381,38.983857183932869],[-76.933977344580981,38.983856738429374],[-76.933976793913715,38.983856730049958],[-76.933976466926964,38.983869924074845],[-76.93397576893598,38.983897923051401],[-76.933974825704937,38.983935778247826],[-76.933974681974476,38.983941543950259],[-76.933973927389644,38.983971806723012],[-76.933973307552094,38.983996678063328],[-76.933972345456425,38.98403536066828],[-76.933972306828863,38.984036836133036],[-76.93403834468036,38.984037836069398],[-76.934085283450585,38.984038548314537]]]},"properties":{"BUILDINGID":"132","NAME":"House 7"}},{"type":"Feature","geometry":{"type":"Polygon","coordinates":[[[-76.940683158582459,38.991774409507997],[-76.940681776075238,38.991776714276874],[-76.940680463636625,38.991778903143917],[-76.940677870200403,38.991783223625262],[-76.940677170412798,38.991784390322721],[-76.94080350947435,38.991830566671197],[-76.940813593961721,38.991813762326736],[-76.940909141470286,38.991654532796083],[-76.940944326683336,38.991595898960092],[-76.940942020707993,38.991595058321288],[-76.940825129228287,38.991552337237927],[-76.940817985825163,38.991549726647762],[-76.940683158582459,38.991774409507997]]]},"properties":{"BUILDINGID":"108","NAME":"Horse Barn"}},{"type":"Feature","geometry":{"type":"Polygon","coordinates":[[[-76.932446656659337,38.982863382247714],[-76.932465291311601,38.98286749169101],[-76.93246607464252,38.982867664168921],[-76.932477326041464,38.98287014519719],[-76.932500757697341,38.982805433834763],[-76.932515381371829,38.982808658545864],[-76.932528556063801,38.982802748204769],[-76.932544799400773,38.982795462926646],[-76.932565071681793,38.982786369071661],[-76.932568552653493,38.982776757781238],[-76.932599085491702,38.982783491410693],[-76.932651754615122,38.982795107496067],[-76.932697200385348,38.982669585938446],[-76.932655719778779,38.982660436203894],[-76.932614735042264,38.982651395401874],[-76.932618660680049,38.982640551605328],[-76.932618736138537,38.982640346307093],[-76.932618949937577,38.982639756249213],[-76.932618997548303,38.982639620780304],[-76.932619078396655,38.982639395231573],[-76.932619114329285,38.982639296073906],[-76.93259174895077,38.982601613361048],[-76.932577945438112,38.982598567403791],[-76.932600959377368,38.982535004487445],[-76.932520640109516,38.982517289454883],[-76.932502606430177,38.982567091107242],[-76.932497887579999,38.982580121971687],[-76.932482713238215,38.982622033561661],[-76.93250520435798,38.982626993540457],[-76.932510176533086,38.982628089861201],[-76.932529973605327,38.982632456988412],[-76.93256087385447,38.982639271633637],[-76.932548022556006,38.982674766574448],[-76.932531419892911,38.982720624159775],[-76.932530755139609,38.982722457875987],[-76.932525779371261,38.982736202366681],[-76.932515587984355,38.982764351226109],[-76.932505790059551,38.98276219071024],[-76.93249059415821,38.982758840304435],[-76.932435027069673,38.982746583879056],[-76.932420388123802,38.982787018483151],[-76.932407944660483,38.982821387005629],[-76.932396726499221,38.982852368100602],[-76.932431678150294,38.982860077235628],[-76.932446656659337,38.982863382247714]]]},"properties":{"BUILDINGID":"240","NAME":"Leonardtown 240"}},{"type":"Feature","geometry":{"type":"Polygon","coordinates":[[[-76.950491701473013,38.991566165893545],[-76.950793738427734,38.991737807589601],[-76.950798323428941,38.991732957168999],[-76.950809819169635,38.991720794460193],[-76.950823198677483,38.991706639075431],[-76.95083561069977,38.991693506556715],[-76.950854642407364,38.991673370349169],[-76.950873586978389,38.991653329091648],[-76.950985745234888,38.991534664259639],[-76.950858585113153,38.991461179477099],[-76.950858091039748,38.991461400808511],[-76.950724633727887,38.991521635741719],[-76.950618534607969,38.99137845663995],[-76.950644454597182,38.991366760272726],[-76.950805794717169,38.991293946991924],[-76.950812584184078,38.991290882556989],[-76.950885176143885,38.991388843168806],[-76.95088579508311,38.991389675431606],[-76.950888246585507,38.991388569471638],[-76.950949204464067,38.991361060108353],[-76.95096382274869,38.991369826100822],[-76.950967928049536,38.991372289375896],[-76.951161164650301,38.991163765294587],[-76.951160132486038,38.991163184384469],[-76.951029309034595,38.991089715275031],[-76.951028080139281,38.991089025443522],[-76.950965427139792,38.991117304339689],[-76.950917033997115,38.991052000055213],[-76.95090831405065,38.991040233813003],[-76.951109315688726,38.990949515265733],[-76.951057853002737,38.990880068334349],[-76.951070133870971,38.990874524530284],[-76.951085161787375,38.990867742097365],[-76.951148161536565,38.990839308796559],[-76.951222147681676,38.990805917475335],[-76.951223529290587,38.990805291876676],[-76.951157257877128,38.990715858439721],[-76.951209130194911,38.990692446632551],[-76.951414175150077,38.990599903902421],[-76.951431995928687,38.990591861863443],[-76.951521870576229,38.99055129905642],[-76.951530816898128,38.990547259880692],[-76.951582363127471,38.990523994643013],[-76.951575667983647,38.990514956939933],[-76.951573696181612,38.990512296738181],[-76.951525648890311,38.990447458303983],[-76.951523782191146,38.99044493983763],[-76.951496034130344,38.990407494484153],[-76.951428768281872,38.990437852941184],[-76.951451507336657,38.990468543037849],[-76.951055670096594,38.99064670173621],[-76.951040053783686,38.990653730659972],[-76.951027642659724,38.990659317770614],[-76.951014879396183,38.990665061280794],[-76.950971889619922,38.990602128414835],[-76.950962014440023,38.990587673272053],[-76.950979603453277,38.990579735265776],[-76.950932051133719,38.990515567180452],[-76.950918711151743,38.990521587893902],[-76.950916726773286,38.99051890953875],[-76.950902282761817,38.990499419544854],[-76.950899554578328,38.990495737852711],[-76.950912399588574,38.990489941962593],[-76.95086667354397,38.990428230819852],[-76.950848597643827,38.990436389479513],[-76.950828612823685,38.990409418769453],[-76.950847394799652,38.990401537996938],[-76.95080525662631,38.990343583186601],[-76.950800645573949,38.990337241976249],[-76.950781373117849,38.990346489865466],[-76.950779108465014,38.99034345401644],[-76.950736695407187,38.990286668673548],[-76.950780011271874,38.990268331373805],[-76.950772171674387,38.990257405656081],[-76.950781085656956,38.990253395090548],[-76.95078700196143,38.99025073487892],[-76.950865973756365,38.990215201843576],[-76.950872780291263,38.990212140154796],[-76.951002167336597,38.990153924055377],[-76.950931836436368,38.990058024975021],[-76.950851748035518,38.990094452508878],[-76.950804885622091,38.990030799968508],[-76.95080529974544,38.989938028054873],[-76.950806616675649,38.989641934796275],[-76.950659167204918,38.989641537506643],[-76.950653158373981,38.989641521447474],[-76.950650237950995,38.989641513068797],[-76.950649779810206,38.989744575786446],[-76.950545813290788,38.989744293704256],[-76.950540679418935,38.98974427973976],[-76.950498535855715,38.989744165929366],[-76.950493403780484,38.989744151964921],[-76.950461338416417,38.98974406608346],[-76.950456203646254,38.989744051420729],[-76.9504182435373,38.989743950876594],[-76.950418698983128,38.98964175255972],[-76.9501099659863,38.989640915388826],[-76.950095660315398,38.989640876986464],[-76.950095320752212,38.989716782305408],[-76.95009525607351,38.989731065164811],[-76.950095247988685,38.989732981788016],[-76.950095245293724,38.989733527100505],[-76.950095039579523,38.989779896798289],[-76.950095038681212,38.989780872913968],[-76.950095034189644,38.989781403563363],[-76.950094816797346,38.989829979612736],[-76.950094801525978,38.9898332431043],[-76.950094788949571,38.989835925674697],[-76.950109731526013,38.989835965473368],[-76.950123542225185,38.989836002479159],[-76.950154289760732,38.989836085567617],[-76.950619547009296,38.989837347953646],[-76.950635291781296,38.989837391243434],[-76.950649674707321,38.989837430343869],[-76.950649229142925,38.989937962422047],[-76.95064867937397,38.990061338029705],[-76.95063489113268,38.990067394390998],[-76.950634264108601,38.990067670187919],[-76.950625671722918,38.990071444067375],[-76.950600251197002,38.990082608605057],[-76.950549915896687,38.990104713546678],[-76.950574802823326,38.990137372068268],[-76.950426332866428,38.990136969195724],[-76.950421006755107,38.990136955231314],[-76.950304579704394,38.990136638937919],[-76.950304966878278,38.990049457114672],[-76.950116335939981,38.990048946715653],[-76.950116258684858,38.990066384764766],[-76.950115655016987,38.990202245697496],[-76.950115595728178,38.990215458089779],[-76.950115558897267,38.990223690086957],[-76.950115512184865,38.990234124962328],[-76.950115475353925,38.990242658587619],[-76.950098680451376,38.990242612505213],[-76.949982574099224,38.99024229970339],[-76.949963174082342,38.990242246638793],[-76.949963999634093,38.990057638859277],[-76.949964036465033,38.990049318168822],[-76.949912426455313,38.990049177128341],[-76.949907596214047,38.990049164560368],[-76.949907586332571,38.99003809357896],[-76.9499075827393,38.990033419691557],[-76.949892750655636,38.990033410614693],[-76.949870608980518,38.990033396650311],[-76.949849004497935,38.990033383384109],[-76.949848978446795,38.990049005366153],[-76.949844369191084,38.990048992099958],[-76.949790751446713,38.99004884756836],[-76.949791160180169,38.989956696397009],[-76.949761178009254,38.989956615403329],[-76.949731994440612,38.989956537900824],[-76.949732082475521,38.989937572116304],[-76.949732086068764,38.98993659460637],[-76.949649792303902,38.989936371175546],[-76.949649786914023,38.989937536507036],[-76.949649699777424,38.989957808663334],[-76.949589245853758,38.989957643184923],[-76.94958906259744,38.989998691595652],[-76.949588335860369,38.990161302137686],[-76.949646110109569,38.990161458538779],[-76.94964580917393,38.99022897629937],[-76.949622477231046,38.990228910666815],[-76.949622209533104,38.99028920599747],[-76.949645661850226,38.990289273026377],[-76.949645540577663,38.990306000928847],[-76.94964551991643,38.99031063779266],[-76.949645246828567,38.990377837722185],[-76.949645062673923,38.990420123129049],[-76.949644680889932,38.990509903952962],[-76.949644054764192,38.990509903254733],[-76.949643348688369,38.990509901160102],[-76.949642232082468,38.99076028995222],[-76.94967620816314,38.990760380719919],[-76.949676033889986,38.990799592365306],[-76.949726678210752,38.990799638447363],[-76.949726811161426,38.990811712641396],[-76.94972684350077,38.990814636756291],[-76.949773699625993,38.990814322560553],[-76.949773537929218,38.990799683132956],[-76.949818283013542,38.990799720138249],[-76.949823177035199,38.990799724327537],[-76.949823187814999,38.990792913260705],[-76.949823190509932,38.990790833982594],[-76.949823212967829,38.990774966393253],[-76.949823216561072,38.990773393319117],[-76.949823239018954,38.990757377006474],[-76.949823242612226,38.990755588882195],[-76.949823265968419,38.990739000030473],[-76.949823269561676,38.990737426955533],[-76.94982331268082,38.990706785152192],[-76.949919961523918,38.990706871032486],[-76.949976768287542,38.990739424544259],[-76.949939308540181,38.990780710592269],[-76.950002133117891,38.990816658082068],[-76.950003272181689,38.990815471818678],[-76.950008133863989,38.99081042234419],[-76.950039814749132,38.990777530929932],[-76.950044664753335,38.990772495417026],[-76.950044442869469,38.990771104576474],[-76.950023825635398,38.990642270169445],[-76.950020895330923,38.990623959494023],[-76.950001986692499,38.990505792160455],[-76.950011126152205,38.9904959403353],[-76.950024022366435,38.990482039554401],[-76.950026050762332,38.990479851345434],[-76.949963283676809,38.990442755816829],[-76.949963346558889,38.990425034384508],[-76.94996372834288,38.990319429051013],[-76.949963837039022,38.990289314919437],[-76.949982654049293,38.990289355416081],[-76.950099261661364,38.990289613058472],[-76.950107756130691,38.99028963330683],[-76.950115231012163,38.990289647969398],[-76.950113955404476,38.990642884598174],[-76.950113734418906,38.990704071195175],[-76.950144362478525,38.990719313899156],[-76.950096508325032,38.990769576187866],[-76.9501030839929,38.990773407981578],[-76.950109821357529,38.990777331939213],[-76.950145788104876,38.990798289500098],[-76.950121241639749,38.990823454484158],[-76.950121143723379,38.990823557121381],[-76.950128936608465,38.990828301476078],[-76.950132820025445,38.990830663529188],[-76.950118043637332,38.990845795190133],[-76.950238037898032,38.990913878547659],[-76.950168063628979,38.990989268618044],[-76.950166539187933,38.990990911508526],[-76.950154561051946,38.99100381723904],[-76.950153046492375,38.991005446863156],[-76.950141753770936,38.991017614582347],[-76.950140473671652,38.991018993548479],[-76.950127904444201,38.991032537438365],[-76.950126544394863,38.991034003680497],[-76.950098671468226,38.991064033011817],[-76.950097147027179,38.991065676598737],[-76.950085156314771,38.991078593487011],[-76.950083648941728,38.991080218920132],[-76.950072324779256,38.991092418045866],[-76.950071046476609,38.991093797708764],[-76.950058474554197,38.991107340886117],[-76.950057104623397,38.991108817599915],[-76.950043405315313,38.991123576357424],[-76.949996087456029,38.991095752696644],[-76.949985912238802,38.991106709006232],[-76.949932540632844,38.991075133157601],[-76.949906977274807,38.991101832010372],[-76.949987130354344,38.991147653415538],[-76.950000746119088,38.991133598458312],[-76.950020989654035,38.991145920459715],[-76.950024503863418,38.991143139491427],[-76.950054310862882,38.99116026028392],[-76.950129510631925,38.991203450102077],[-76.950220785753004,38.991326628703888],[-76.950261778574358,38.991308128292935],[-76.95028078063757,38.99129955360187],[-76.950292468617732,38.991315327513732],[-76.950304861775393,38.99133205238082],[-76.950314765701407,38.991345416073294],[-76.950337267600943,38.991375783902932],[-76.950414731124539,38.991340825358918],[-76.95042798127497,38.991334846607636],[-76.950523513512181,38.991463758651236],[-76.950509363249822,38.991470143747719],[-76.950502512697454,38.991473236103097],[-76.950504303938132,38.991475651896579],[-76.950528641994126,38.991508500395852],[-76.950535538360555,38.991517810272356],[-76.950510869724553,38.991545022837407],[-76.950491701473013,38.991566165893545]]]},"properties":{"BUILDINGID":"386","NAME":"Clarice Smith Performing Arts Center"}},{"type":"Feature","geometry":{"type":"Polygon","coordinates":[[[-76.939234098774065,38.989062527759167],[-76.939254810331263,38.989062911087473],[-76.93947009697898,38.989060980481497],[-76.939489770083725,38.989060804527519],[-76.939487154189607,38.988883072646303],[-76.939459383670922,38.988883322613297],[-76.939458582373675,38.988828882857817],[-76.939456220702809,38.988828903804773],[-76.939343004230921,38.988829919034558],[-76.939303387628556,38.988884029922026],[-76.939301232570202,38.988884048774288],[-76.939268167381215,38.988884345522813],[-76.939254962146535,38.988884464920446],[-76.93922979135229,38.988884693242234],[-76.939229882082117,38.988890705017354],[-76.939207964985826,38.988890898427528],[-76.939205509890158,38.988724146538011],[-76.939193834486403,38.988724252669513],[-76.939192917306499,38.988661955565483],[-76.939205051749354,38.988661846640959],[-76.939205026596525,38.988660277011022],[-76.939204467844419,38.988622343345796],[-76.939204048331177,38.988593761815423],[-76.939204031263188,38.988592803139277],[-76.939202754757176,38.988514617574694],[-76.939201980409393,38.988467181540088],[-76.939201963341418,38.988463106635422],[-76.93922880859536,38.988462811281615],[-76.939228806798738,38.98846679052798],[-76.939255318777711,38.988466404403567],[-76.939281631330701,38.988466020373828],[-76.939280695286172,38.988426862596306],[-76.939265077176643,38.988427092316023],[-76.939264967582176,38.988422629189692],[-76.939266039272312,38.98842261382849],[-76.939268091922727,38.988424277027327],[-76.939333439868065,38.988372770211697],[-76.939335749436665,38.988372738092828],[-76.939336009049796,38.988383533531241],[-76.939387932571535,38.988382779435575],[-76.939387464549256,38.988363139430803],[-76.939387052222543,38.988345791732918],[-76.939378632313392,38.988345913226141],[-76.93937808793433,38.988323101119164],[-76.939421325645597,38.988322471309132],[-76.93963553880657,38.988319350188348],[-76.93963552802677,38.988318902618182],[-76.939635508263819,38.988318017951485],[-76.939634654864307,38.988282285646342],[-76.939634446455173,38.988273554881637],[-76.939634823747582,38.988226849042675],[-76.939634446455173,38.9881863344552],[-76.939634444658537,38.988186212961644],[-76.939279466390857,38.988188252516728],[-76.939255539763266,38.988207335375748],[-76.939255538864955,38.988208271713518],[-76.939230903466608,38.98822764154307],[-76.939166723331127,38.988177147030491],[-76.939158782224027,38.988183520553378],[-76.939156693640996,38.988185193533234],[-76.939143516254077,38.988195769055125],[-76.939032395551749,38.98828494244075],[-76.939018816617917,38.988295839835246],[-76.939015987823097,38.988298108409062],[-76.939081725637266,38.988347019931901],[-76.939030960942247,38.98838554165998],[-76.93903159245788,38.988456963555585],[-76.939031626593859,38.988460766148563],[-76.93903172540854,38.988471974929183],[-76.939032439569189,38.988552878071665],[-76.939032511434419,38.98856092662637],[-76.939033363935636,38.988657553200248],[-76.939033080966311,38.988657553898491],[-76.939000887143166,38.988657693545314],[-76.938880641354174,38.988658092236911],[-76.938880644049107,38.988658217919024],[-76.938883048839131,38.98878381893045],[-76.938885872244072,38.988889659764489],[-76.938898381284403,38.988889574580234],[-76.938913736187558,38.988889469845475],[-76.938950322772442,38.988889219878558],[-76.938969473955979,38.988889089309197],[-76.938995340944601,38.988888910561876],[-76.938996611162423,38.989056844864955],[-76.938996648891646,38.989061880499975],[-76.939013353962665,38.989061791126531],[-76.93908014909394,38.989061437822151],[-76.939150547367817,38.989061064269052],[-76.939176757512854,38.989060925321326],[-76.93917668744426,38.989054894708396],[-76.939203958499661,38.989054712470335],[-76.939208873182579,38.989054681050021],[-76.939233852635681,38.989054513474777],[-76.939234098774065,38.989062527759167]]]},"properties":{"BUILDINGID":"084","NAME":"William E. Kirwan Hall"}},{"type":"Feature","geometry":{"type":"Polygon","coordinates":[[[-76.948950719756539,38.994126763780841],[-76.94897852081796,38.994138581873415],[-76.948980711808929,38.994135442856425],[-76.948981037897383,38.994134977868555],[-76.948990810669358,38.994120975169892],[-76.948991121486443,38.994120529730992],[-76.949007133058061,38.994097591718138],[-76.94904224550757,38.994112517415651],[-76.949042666817448,38.994112696847985],[-76.949187973806232,38.993904532026434],[-76.949177930641341,38.993900263340123],[-76.949209349218407,38.993855253609006],[-76.949237706336987,38.993867308430822],[-76.949244624262988,38.993870248477741],[-76.949233683681143,38.993885921976542],[-76.9492460418045,38.993891175799071],[-76.949249830898381,38.993885750921862],[-76.94926051456207,38.993890292598358],[-76.949259813876125,38.993891297980973],[-76.949265347498269,38.99389365015729],[-76.949262260886954,38.99389807034958],[-76.949329466548321,38.993926639265254],[-76.949333252947227,38.993921212994422],[-76.949343938407537,38.993925755366838],[-76.949343237721621,38.993926760050762],[-76.949348770445468,38.993929112924093],[-76.94934568473245,38.993933533114166],[-76.949412890393802,38.993962102015516],[-76.949416675894426,38.993956675747413],[-76.949427362253033,38.993961218815684],[-76.949426661567102,38.99396222280096],[-76.94943219518926,38.993964576371312],[-76.949429109476256,38.993968996559119],[-76.949490124846974,38.99399493400076],[-76.949501078005241,38.993979266809689],[-76.949533002333823,38.993992838060336],[-76.949527111182178,38.994001276279789],[-76.949562276632307,38.994016225037569],[-76.9495629000631,38.994016490346418],[-76.94959367903968,38.994029574259571],[-76.949594311453652,38.994029843059266],[-76.949630102131181,38.994045057119756],[-76.949635992384501,38.994036618207339],[-76.949639422152273,38.994038075310932],[-76.94964011475335,38.994038369245082],[-76.949640813642645,38.994037367355467],[-76.949660336728712,38.9940456673298],[-76.949659637839417,38.994046669219301],[-76.949680308972432,38.994055456522723],[-76.949681052777464,38.99405577210041],[-76.949689549043441,38.994059385883844],[-76.949694318199278,38.994052552788958],[-76.949691486709483,38.994051349125257],[-76.949694151112638,38.994047531472646],[-76.949723503564542,38.994060009359195],[-76.949766335237285,38.993998651816312],[-76.949770710032723,38.994000511771297],[-76.949768976284219,38.994002997296626],[-76.949777731264987,38.994006717904462],[-76.949793944059223,38.993983492203981],[-76.949883645331923,38.993854984110492],[-76.949892061647816,38.993842927890185],[-76.949912483947486,38.993813670532155],[-76.949916366466155,38.99380810950332],[-76.950009724780372,38.993674360518646],[-76.950012518540916,38.993670358524938],[-76.949995782028836,38.993663244024063],[-76.949994495641349,38.99366269664732],[-76.949993209253861,38.99366214927057],[-76.949992862504175,38.993662003350011],[-76.949992435804418,38.993661821822002],[-76.949991025449421,38.993661222779586],[-76.94997627960403,38.993654953081275],[-76.949980529533633,38.993648864212311],[-76.949981347898856,38.993647692658264],[-76.949981889582972,38.993646916276766],[-76.949982282146749,38.993647083142939],[-76.949982595658796,38.993647216496257],[-76.949983414024018,38.993646044942182],[-76.949988486810426,38.99363877753639],[-76.949989619585992,38.993637156351163],[-76.949990169354948,38.993636366005873],[-76.949992132173847,38.993633552320716],[-76.949994096789368,38.993630740031854],[-76.949996063201539,38.993627928441065],[-76.94999802691872,38.993625116152018],[-76.949999989737648,38.99362230176822],[-76.950001384821263,38.993620302864514],[-76.950005597021644,38.993614264261851],[-76.949999515427166,38.993611678184173],[-76.949999130948214,38.993612230448647],[-76.949988831763491,38.993607852129649],[-76.949989185699721,38.993607287996007],[-76.949982007262278,38.99360423553037],[-76.949980016595603,38.993603389329941],[-76.949873254519034,38.993558005880665],[-76.949872411899307,38.993559212345488],[-76.949871902554534,38.993559941949457],[-76.949825035649525,38.99362708922272],[-76.949824019654955,38.993628542843823],[-76.949823229137479,38.993629675998037],[-76.949822816810766,38.993630267360651],[-76.949822389212699,38.993630882461595],[-76.949819119345065,38.993635567980519],[-76.949785702016499,38.993683435520275],[-76.949784859396757,38.993684641284709],[-76.949732684346756,38.993759387471144],[-76.949731844421962,38.993760593234292],[-76.94972991394242,38.993763358041548],[-76.949731197634947,38.993763903322929],[-76.949730900292607,38.993764331309499],[-76.949729213256504,38.993766747722923],[-76.949724184487522,38.993773950184554],[-76.949683651603593,38.993832019480642],[-76.949673096398996,38.993827532956871],[-76.949673797983237,38.993826528271534],[-76.94966761847239,38.993823902405182],[-76.949656677890545,38.993839573819763],[-76.949656436243743,38.99383991942026],[-76.949636340930837,38.993868708985154],[-76.949627329031912,38.993864878755346],[-76.949628308195557,38.993863471917358],[-76.94957294771956,38.993839938271208],[-76.949432658719942,38.993780301559767],[-76.949360095506236,38.993749455109601],[-76.94925251506443,38.993703723360106],[-76.949184674294202,38.993674883458844],[-76.949179906036662,38.993681715193802],[-76.949182737526428,38.99368291886379],[-76.949180073123301,38.99368673653607],[-76.949149176467415,38.993673602290229],[-76.949105836348224,38.993735689717148],[-76.949102070610564,38.993734089479645],[-76.949100944123174,38.993733611223682],[-76.949103188114762,38.99373039608664],[-76.949094434032332,38.993726674067887],[-76.948985874426867,38.993882194380504],[-76.948915539933381,38.993982954604263],[-76.948915050351559,38.99398365488026],[-76.948913366908712,38.993986065700803],[-76.948894470846724,38.994013137680554],[-76.94889414475827,38.994013604065557],[-76.948878545513352,38.994035952142745],[-76.948872618429107,38.994044443418808],[-76.948872265391202,38.994044949599903],[-76.948868239142115,38.994050716573469],[-76.948862402787697,38.994059077288],[-76.948855232435093,38.994069348921819],[-76.948852898611989,38.994072693206881],[-76.948846176518728,38.994082321814496],[-76.948878900347893,38.994096233757389],[-76.948941683603095,38.994122922394141],[-76.948943744338351,38.99412379861014],[-76.948948656326337,38.994125888263071],[-76.948950719756539,38.994126763780841]]]},"properties":{"BUILDINGID":"419","NAME":"Oakland Hall"}},{"type":"Feature","geometry":{"type":"Polygon","coordinates":[[[-76.942623154880152,38.984024556187407],[-76.942634401787515,38.984024354384538],[-76.942637449771283,38.984127747885523],[-76.942687438321897,38.984126590139482],[-76.942690965107701,38.984126508440845],[-76.942702853412172,38.98412623401736],[-76.942705031826733,38.984126183741274],[-76.94272085565045,38.984125817843235],[-76.942723750920621,38.984125749411909],[-76.942729270169735,38.98412562162693],[-76.942739535218493,38.984125385608735],[-76.942741235729315,38.984125345806859],[-76.942743556975998,38.984125292737659],[-76.942759352951967,38.984124926839613],[-76.94276167419865,38.984124871675604],[-76.942788194262477,38.984124257888638],[-76.942787339066328,38.984105023100604],[-76.942787260014583,38.984103212463388],[-76.942786624905665,38.984088893554414],[-76.942786544955609,38.98408708291678],[-76.942785987101828,38.984074493642204],[-76.942785906253448,38.9840726830042],[-76.942785281026005,38.984058549831346],[-76.942785201075949,38.98405673919293],[-76.942784674663201,38.984044864951144],[-76.94278462525584,38.984043770048878],[-76.94278374221193,38.98402383765761],[-76.942796062606064,38.984023616302949],[-76.942821919713197,38.984023155438287],[-76.942866875901586,38.984022353114945],[-76.942943406075571,38.984020985184955],[-76.942960544134564,38.984020677941878],[-76.942960023111695,38.984003021936587],[-76.9429666760347,38.984002901832433],[-76.942966220588858,38.98398750336225],[-76.942966136147206,38.983984648095024],[-76.942965282747693,38.983955717646751],[-76.942965198306055,38.983952862378239],[-76.942965112067782,38.983949925410776],[-76.942964733877062,38.983937147576029],[-76.942964655723628,38.983934469670032],[-76.942963176198361,38.98388441271041],[-76.942957577897502,38.983884513262922],[-76.942957032620129,38.983866021381012],[-76.942842998681328,38.983868072931344],[-76.942841800328736,38.983868095974593],[-76.942838283424408,38.983868158819924],[-76.942834766520065,38.983868220966968],[-76.942831248717411,38.98386828451055],[-76.942828351650618,38.983868336183349],[-76.942800077177054,38.983868844532104],[-76.942800060109064,38.983868268450067],[-76.942799756478507,38.983857868946856],[-76.942815832728826,38.983857577763551],[-76.942815756372013,38.983854944544532],[-76.942815226365994,38.983836966590168],[-76.942815172467093,38.983835146170136],[-76.942786648261873,38.983835655217426],[-76.942778750273888,38.983835797666835],[-76.942778355015164,38.983822338986819],[-76.942778293929734,38.983820327237268],[-76.942778242725765,38.983818571058727],[-76.942778193318418,38.983816881915232],[-76.942777919332258,38.983807575913822],[-76.942777863636707,38.983805680776861],[-76.942777433343679,38.983791030822076],[-76.942777377648142,38.983789140572675],[-76.942776770386999,38.983768597811036],[-76.942728415871898,38.983769467172387],[-76.942726057794275,38.98376950976759],[-76.942724342910381,38.983769540492013],[-76.942712305485585,38.983769754864682],[-76.942689832332135,38.983770157773471],[-76.942676820235235,38.983770394491145],[-76.942675479050521,38.983770419629309],[-76.942674463954248,38.983770437086406],[-76.942627285333842,38.98377128480098],[-76.942626742751415,38.98377129457694],[-76.942629883261645,38.983877776945015],[-76.942616097715288,38.983878026929681],[-76.942592054306715,38.98387845916568],[-76.942592793620193,38.983903505807355],[-76.942593094555818,38.983913735621613],[-76.942593114318754,38.983914381531349],[-76.942595225359668,38.983986012534302],[-76.942595235241129,38.983986335837983],[-76.942595537075064,38.983996564941982],[-76.942596375203237,38.98402503590556],[-76.942620496765244,38.984024603670399],[-76.942623154880152,38.984024556187407]]]},"properties":{"BUILDINGID":"037","NAME":"Shoemaker Building"}},{"type":"Feature","geometry":{"type":"Polygon","coordinates":[[[-76.945076408107013,38.988615787623239],[-76.945243186627707,38.988619430312063],[-76.945243593564527,38.98860806375383],[-76.945244385878624,38.988585951362502],[-76.945244817069948,38.988573966162846],[-76.945247673712558,38.988494250743258],[-76.945248212701728,38.988479170249022],[-76.945248261210764,38.988477873625214],[-76.945248278278754,38.988477338078368],[-76.945254644639149,38.988299717148308],[-76.945251023530261,38.988299703881779],[-76.945253466049522,38.988225875000317],[-76.945274028486367,38.988226422419068],[-76.945274359066389,38.988226428005014],[-76.945298441102537,38.988226838569084],[-76.945298581239712,38.988209259720861],[-76.945298587527915,38.988208269618767],[-76.945298939667509,38.988163681495251],[-76.945299974526705,38.988032748319981],[-76.945299917034532,38.988002897150402],[-76.945313697190997,38.988002231029014],[-76.945313697190997,38.988001986644875],[-76.945313760073063,38.987919561405022],[-76.945299550521895,38.987919554422596],[-76.945299943085672,38.987894418430457],[-76.945300479379895,38.987859997209696],[-76.945301429797482,38.987799115380803],[-76.945301551968342,38.987791197310798],[-76.94530212419518,38.987754559816942],[-76.945302227501443,38.987747938379158],[-76.945302227501443,38.987747904165246],[-76.945302243671136,38.987747432153022],[-76.945152730770189,38.987744573546223],[-76.945138035230457,38.987744250957952],[-76.94513719081408,38.987767755210079],[-76.945070224104597,38.987766293787914],[-76.945070804416261,38.987750056848306],[-76.944944067401039,38.987747291107937],[-76.944944368336664,38.987738850746339],[-76.944944891156155,38.987724367787372],[-76.944944973801157,38.987721986777977],[-76.944942426179011,38.987721931616768],[-76.944936948252419,38.987721812217181],[-76.944825692802794,38.987719381632481],[-76.944814939070525,38.987719146324523],[-76.944814904036235,38.987720124563275],[-76.944814816001326,38.987722588663686],[-76.944814810611447,38.987722735992996],[-76.944814723474863,38.987725191714347],[-76.944814428827442,38.987733437965936],[-76.944814238384609,38.987738789300955],[-76.944814110823842,38.987742319617759],[-76.944813888939947,38.9877484543807],[-76.944676206851298,38.987748474629775],[-76.94467571726949,38.987762087573252],[-76.944603402889115,38.987761792216531],[-76.944603406482358,38.987757680264373],[-76.944603412770576,38.987749201500677],[-76.944599052348181,38.987749204991907],[-76.944598181880679,38.987749205690157],[-76.944596048381868,38.987749207086608],[-76.944563096380634,38.987749232921622],[-76.944555219952207,38.987749239205812],[-76.944470255496,38.987749304840619],[-76.944469157754739,38.987749306237127],[-76.94446466707663,38.987749309728343],[-76.944454378671665,38.987749317408998],[-76.944446317190312,38.98774932369318],[-76.944446296529065,38.987776319855399],[-76.944408182808203,38.987776381300762],[-76.944408198977868,38.987755547132366],[-76.944298523664841,38.987755540848177],[-76.944288973675043,38.987755540848177],[-76.94428896828515,38.98776248906286],[-76.944288961996946,38.987770317760997],[-76.944288955708743,38.987777749856434],[-76.944249266342865,38.987777680032131],[-76.944249113629255,38.987777680032131],[-76.944245100854886,38.987777673049742],[-76.94423981965933,38.987777663972579],[-76.944239823252587,38.987778001922031],[-76.944239860083513,38.98778237361924],[-76.944240006508906,38.987800016811775],[-76.94422671144271,38.987800099902628],[-76.944226441049793,38.987830615884278],[-76.94424026073213,38.987830893784626],[-76.944240382004693,38.987845542903457],[-76.944137001186846,38.987847683015133],[-76.944137117069516,38.98804454089705],[-76.944137128747613,38.988065517421276],[-76.944137144018981,38.988090481585722],[-76.944137157493714,38.988114585510488],[-76.94413716018866,38.988118511710283],[-76.944137198816208,38.988182792988688],[-76.944139266737992,38.988219529410749],[-76.944111423455766,38.98822048041135],[-76.94411277631859,38.988244525639857],[-76.944070048850421,38.988277745006471],[-76.944073165106118,38.988320646116804],[-76.944113132051442,38.988349939959228],[-76.94411699390885,38.988352772706783],[-76.944117967682601,38.988353485606758],[-76.94411919747624,38.988353472340293],[-76.944170016968485,38.988352920034785],[-76.944170465227828,38.988369742656836],[-76.944170470617706,38.988369959808537],[-76.944170581110484,38.988374086388077],[-76.944173119749479,38.988469388663603],[-76.944182235852992,38.988469237146461],[-76.944336248415198,38.988466659957851],[-76.944569620844518,38.988466475623582],[-76.944629709153887,38.988466429540019],[-76.944635430523917,38.988466423954137],[-76.944643350071487,38.988466418368262],[-76.944656810427702,38.988466407894698],[-76.944681425164788,38.988466389042379],[-76.944679531516186,38.988519179844715],[-76.944694107579977,38.988519498240009],[-76.944819374951393,38.988522232529661],[-76.944819491732389,38.98851896758115],[-76.944819944483285,38.988506367922923],[-76.944821381787747,38.98846623612868],[-76.944823849459823,38.988466289194612],[-76.944905877323365,38.988468080867868],[-76.94491296323433,38.988468235876255],[-76.944934202102601,38.988468699504857],[-76.944937871720526,38.988468779103741],[-76.944954991813191,38.988469153358146],[-76.944954459112253,38.988484076751476],[-76.944954177939579,38.988491932600986],[-76.944953645238613,38.98850676871006],[-76.944953638950395,38.988506939079549],[-76.944951762369783,38.988559294851278],[-76.944951161396844,38.988576076228412],[-76.944951159600208,38.988576125803093],[-76.944951157803573,38.988576175377773],[-76.944949836381795,38.988613023313192],[-76.944960149939575,38.988613248842931],[-76.944962738884229,38.988613304003451],[-76.945013136168285,38.988614405119108],[-76.94501603772666,38.988614468658476],[-76.945050220419844,38.988615214372814],[-76.945071441321801,38.988615678698693],[-76.945076408107013,38.988615787623239]]]},"properties":{"BUILDINGID":"163","NAME":"Stamp Student Union"}},{"type":"Feature","geometry":{"type":"Polygon","coordinates":[[[-76.938479249830706,38.986214164051511],[-76.938479322594262,38.986216804863552],[-76.938488011998004,38.98621665962591],[-76.938518355291663,38.986216146406228],[-76.938548968978225,38.986215630393517],[-76.938586531133524,38.986214997073425],[-76.93862284912214,38.986214383304521],[-76.93865190333338,38.98621389452385],[-76.938655536120379,38.986213833077137],[-76.938899673960094,38.986209713354256],[-76.938979990533014,38.98620835733692],[-76.938980591505938,38.98620834686303],[-76.93898076488081,38.98620834407],[-76.939044748285227,38.986207265261143],[-76.939057704686562,38.986207046706376],[-76.939149363388267,38.986205500064507],[-76.939158730121719,38.986205341559874],[-76.939257249257253,38.986203679705383],[-76.939278261750076,38.986203323593706],[-76.939311556907768,38.98620276289234],[-76.939352743765212,38.986202068125422],[-76.939357040407231,38.986201995506583],[-76.939387604686445,38.986201478795486],[-76.939419142739439,38.986200948817526],[-76.939421156762307,38.986200913206325],[-76.939446716527101,38.986200481682772],[-76.939451989637803,38.986200393702198],[-76.939461435423027,38.986200233801064],[-76.939460434699797,38.986164069601323],[-76.939459725929026,38.986138537771325],[-76.939456941151661,38.986038010072519],[-76.939456308737704,38.986015139964422],[-76.93945340807764,38.985910483970898],[-76.939452708290048,38.985885221578314],[-76.939451924060791,38.985856899394378],[-76.939442734295426,38.985857040443214],[-76.939437340810471,38.985857124932842],[-76.939413875018616,38.985857489425435],[-76.939413790576978,38.985857489425435],[-76.939412772785772,38.985857504088926],[-76.939378747297738,38.985858030578143],[-76.939346272301904,38.985858532628257],[-76.9393045006412,38.985859178520244],[-76.939281579228393,38.985859533237168],[-76.939269222003361,38.985859725259076],[-76.939268524012391,38.985859735034751],[-76.939262850253058,38.98585982301568],[-76.939257542108038,38.985859904712328],[-76.938792708864284,38.985867094013273],[-76.938788831735508,38.98586715406379],[-76.938788362814918,38.985867160348143],[-76.938645092306899,38.985869375931912],[-76.938609157898895,38.985869931049777],[-76.938578733756856,38.985870401678028],[-76.938509534733896,38.985871472112898],[-76.93847112995887,38.985872068428201],[-76.938473043370408,38.985947463170476],[-76.938397360307746,38.985948739591095],[-76.938397426783055,38.985951117168774],[-76.938397719633855,38.98596173492006],[-76.938402332482823,38.986128257305623],[-76.938402625333609,38.986138874332113],[-76.938402665757792,38.986140343468648],[-76.93847717023084,38.986139088697563],[-76.938479249830706,38.986214164051511]]]},"properties":{"BUILDINGID":"078","NAME":"Reckord Armory"}},{"type":"Feature","geometry":{"type":"Polygon","coordinates":[[[-76.939718509901127,38.986299313084004],[-76.939719873543751,38.986342474446715],[-76.939721583936034,38.986342440930393],[-76.939731160875283,38.986342256590589],[-76.939909750445324,38.986338818373817],[-76.939909401899016,38.986327755889413],[-76.939942045778125,38.986327127458104],[-76.939941014512186,38.986294495807002],[-76.939940284181844,38.986271369521283],[-76.939940026365363,38.986263218062355],[-76.939939537681866,38.986247705569532],[-76.939939272678842,38.986239296450741],[-76.939907960102985,38.986239901142021],[-76.93990757831898,38.986227863175777],[-76.939884182595733,38.986228312155653],[-76.939883174685974,38.986196416423184],[-76.939879761986205,38.986088496335384],[-76.939935045207122,38.986087431489864],[-76.939934978731785,38.98608531995356],[-76.939934622100623,38.986073908299772],[-76.939931111484483,38.985962891937866],[-76.9399308833124,38.985955591623146],[-76.939930793480869,38.985952831398741],[-76.939876538830973,38.985953874600206],[-76.939872128102934,38.985814385024504],[-76.939895459147493,38.985813935343728],[-76.93989506209212,38.985801365927543],[-76.939926778011554,38.985800754948158],[-76.939925699134903,38.985766629470916],[-76.939925148467637,38.985749201534695],[-76.939924046234779,38.985714377769561],[-76.939915353237765,38.985714544654442],[-76.939905282225126,38.985714738073298],[-76.939893142392364,38.985714971293135],[-76.939892787557838,38.985703790704754],[-76.93987971078225,38.985704042777748],[-76.939858638102308,38.985704449166903],[-76.93984632219977,38.985704685878105],[-76.939843357759329,38.985704743135656],[-76.93971735826095,38.985707166806897],[-76.939714214157462,38.98570722825405],[-76.93970893745346,38.985707329502191],[-76.939702646551538,38.985707451000003],[-76.939703939227229,38.985748358033391],[-76.939704114398722,38.985753930169459],[-76.939704636319888,38.98577043151014],[-76.93970590384275,38.985810566229269],[-76.939705912825914,38.985810836456693],[-76.939706091590637,38.985816500060203],[-76.939709477340955,38.985816434423555],[-76.939728235960729,38.985816074818608],[-76.939730596733284,38.985890785324486],[-76.939730900363841,38.985934964302352],[-76.939676269319861,38.985936323816183],[-76.939659441179629,38.985936742772701],[-76.939628499607977,38.985937338389178],[-76.939623307345641,38.985937437542226],[-76.939616535845019,38.985937569513517],[-76.939622122467796,38.986114286539284],[-76.939625570201855,38.986114218808154],[-76.939655050214512,38.986113651821746],[-76.939666495649547,38.986113431870159],[-76.939681251376399,38.986113148376958],[-76.939736330679736,38.986112088419645],[-76.939739387646668,38.986208831454213],[-76.939739530478775,38.98621334289998],[-76.939739758650859,38.986220571965788],[-76.939740091027531,38.986231050723312],[-76.939716366520884,38.986231507383977],[-76.939717798435439,38.986276800568177],[-76.939718509901127,38.986299313084004]]]},"properties":{"BUILDINGID":"077","NAME":"Main Administration Building"}},{"type":"Feature","geometry":{"type":"Polygon","coordinates":[[[-76.935447167150542,38.980666858704339],[-76.935533333552598,38.980684778805482],[-76.935536118329978,38.9806766169269],[-76.935538226675959,38.980670446635493],[-76.935538541984627,38.980669519974462],[-76.935538782733104,38.980668815376838],[-76.935549785298704,38.980636586837441],[-76.935550362017125,38.980634896221432],[-76.935550708766826,38.980633882969038],[-76.935551384299913,38.980631903949586],[-76.935553267168757,38.980626389370357],[-76.935561090596565,38.980603472123718],[-76.935561532567689,38.980602178148906],[-76.935561625094138,38.980601906504944],[-76.935564735061675,38.9805927977037],[-76.935579405448564,38.980549822078594],[-76.935562694987667,38.980546347966502],[-76.93549373042498,38.980532004595482],[-76.935451812338883,38.980523286142848],[-76.935446423345482,38.980522164650196],[-76.935445145941145,38.980525910407714],[-76.935409922998858,38.980518583694689],[-76.935401112322552,38.980544389195693],[-76.935397680758172,38.980543675518803],[-76.935385970320127,38.980541239799408],[-76.935383848499427,38.980540758661043],[-76.93538210127619,38.980540435341631],[-76.93537576995007,38.980539119019596],[-76.935358140512633,38.980535452172305],[-76.935352040951841,38.980534184033893],[-76.935351186654017,38.980534006662076],[-76.935327438791163,38.980529068184445],[-76.935324512079973,38.980537642085345],[-76.935323920988509,38.980539378792457],[-76.935323643409077,38.980540187440155],[-76.935322012068539,38.980544970192952],[-76.935319264122072,38.98055301197671],[-76.935318725132902,38.980554595752714],[-76.935318398146137,38.980555551046137],[-76.935316720093198,38.98056046717587],[-76.935315251347689,38.980564769487479],[-76.935313397224945,38.980570198877189],[-76.935300668995694,38.980607481141007],[-76.935299764392198,38.98061013473189],[-76.935295098542611,38.980623798628301],[-76.935294192142493,38.980626451520244],[-76.93529145587415,38.980634472345315],[-76.935362312288788,38.980649210242433],[-76.935364598501195,38.98064968509528],[-76.93538310110111,38.980653532799707],[-76.935385010919404,38.980653930139781],[-76.935447167150542,38.980666858704339]]]},"properties":{"BUILDINGID":"175","NAME":"House 175"}},{"type":"Feature","geometry":{"type":"Polygon","coordinates":[[[-76.95367782905474,38.99740217101958],[-76.953748721402036,38.997458312546726],[-76.95375798033767,38.997451193539661],[-76.953794845400267,38.997422848755946],[-76.953800801230628,38.997418269606186],[-76.953729908883346,38.997362126650899],[-76.95367782905474,38.99740217101958]]]},"properties":{"BUILDINGID":"214","NAME":"Plant Operations & Maintenance Storage Building"}},{"type":"Feature","geometry":{"type":"Polygon","coordinates":[[[-76.925254677121046,38.979529550788158],[-76.925248154453769,38.979546001903735],[-76.925240815217904,38.979564512372029],[-76.925233484066851,38.979583007472421],[-76.925226975772631,38.979599463463828],[-76.925208510003642,38.979646164520098],[-76.925189150410944,38.979695122523559],[-76.925196157270165,38.979696903245667],[-76.925237165362887,38.979707327103014],[-76.925268144663775,38.97971520138455],[-76.925295970878011,38.979722273991428],[-76.925323845601284,38.979729359167401],[-76.92535146071144,38.979736378002087],[-76.925379718117014,38.979743560243378],[-76.925408043794548,38.979750759243679],[-76.925437644181471,38.979758282962855],[-76.925466050707385,38.979765502911299],[-76.925494685405383,38.979772781518044],[-76.925521032992663,38.979779478422145],[-76.925506038313941,38.979815421722272],[-76.925722927556137,38.979870548573729],[-76.925733556422585,38.979845066149736],[-76.925743724453298,38.979820694047177],[-76.925754374879304,38.979795167610966],[-76.925764228499645,38.979771544790395],[-76.925774462107356,38.979747012746813],[-76.925788343773448,38.979713739097875],[-76.92579680500512,38.979693458421252],[-76.92580431312426,38.97967546125377],[-76.925813963725361,38.979652330012527],[-76.925827774424533,38.979619228106522],[-76.925840634706134,38.979588402021271],[-76.925853538106878,38.979557469079026],[-76.925866687645993,38.979525953720973],[-76.925868496852985,38.979521612938491],[-76.925869026859004,38.979520339893618],[-76.925690079759477,38.979474857330707],[-76.925688275044052,38.979474398531501],[-76.925686221495326,38.979473877581349],[-76.925651400998277,38.979465026316767],[-76.925629063490433,38.979518569641947],[-76.925451586034697,38.979473459983247],[-76.925444254883658,38.979471596154902],[-76.925443247872209,38.979471340568139],[-76.925433573016605,38.979468881068833],[-76.925428006156793,38.979467466263102],[-76.92541475241309,38.979464097544955],[-76.92538008283303,38.979455285385335],[-76.925369075775848,38.979452486499653],[-76.925364342552612,38.979451284682682],[-76.925352433586895,38.979448257444609],[-76.925337179295056,38.979444380345015],[-76.925316650994176,38.979439162461425],[-76.925296176592212,38.979433958543915],[-76.925294234434574,38.979433464828176],[-76.925292905826268,38.979433128235513],[-76.925292823181266,38.979433334939728],[-76.925285966340709,38.979450631748961],[-76.925274852383993,38.979478663199515],[-76.925254677121046,38.979529550788158]]]},"properties":{"BUILDINGID":"806","NAME":"Technology Ventures Building"}},{"type":"Feature","geometry":{"type":"Polygon","coordinates":[[[-76.942344519038585,38.98933659507199],[-76.942344572937515,38.989338527066934],[-76.942349339398419,38.989338446072544],[-76.943045962239992,38.989325536547227],[-76.943045954155153,38.989333360184872],[-76.943238657156641,38.98933009317912],[-76.94323845144244,38.989322671021874],[-76.943374745633974,38.989320359190785],[-76.9433741536442,38.989299121203047],[-76.943373943438431,38.989291575456228],[-76.943373825759124,38.989287322550929],[-76.943391951066616,38.989287012537801],[-76.943390428422219,38.989232372701323],[-76.943390415845784,38.989231901397176],[-76.943390410455905,38.989231674472983],[-76.943390295471545,38.989227622653836],[-76.943372254605706,38.989227926383172],[-76.943372052484762,38.989220668298913],[-76.943371385036485,38.989196645745345],[-76.943371381443242,38.989196515176552],[-76.943371269153829,38.989192460562535],[-76.943251387182542,38.989194494502755],[-76.94324932105738,38.989120200835522],[-76.943246068257736,38.989003382765816],[-76.943246064664478,38.98900327803122],[-76.943245878713199,38.988996620402254],[-76.943245006449075,38.988965290087812],[-76.943244527647025,38.988948042384514],[-76.94324451866386,38.98894774982567],[-76.943244389306471,38.988943052824716],[-76.943244377628375,38.988942685555081],[-76.943243713773384,38.98891884654202],[-76.943243710180113,38.988918668493007],[-76.94324360956881,38.988915036991322],[-76.943242698677111,38.988882301100183],[-76.943238174761333,38.988719891503941],[-76.943236801237262,38.988670555712517],[-76.943235583121734,38.988626758979635],[-76.943231679043507,38.988626826010169],[-76.94322617506576,38.988626918875283],[-76.943174717769665,38.988627790969964],[-76.943175122909864,38.988618544252624],[-76.94317354187497,38.988610443336881],[-76.943172810646317,38.988606692421286],[-76.943169661152936,38.988602160181031],[-76.943168398121642,38.988600353848206],[-76.943165195627657,38.98859615955309],[-76.943159442816579,38.988591079197946],[-76.943159175118609,38.988590916509281],[-76.943151012127615,38.98858597649896],[-76.943149090631238,38.988584990591569],[-76.943144103184792,38.988582428768332],[-76.943136514217258,38.988579397033071],[-76.943128724925444,38.988578418107892],[-76.943119194698582,38.98857898367806],[-76.943110317546953,38.988579850885657],[-76.943099334744275,38.988581955365177],[-76.943088953812861,38.98858577051972],[-76.943078479456645,38.988591789302596],[-76.943078263860983,38.98859191358838],[-76.943073688741237,38.988596115564349],[-76.94307302308961,38.988596725123124],[-76.943068225187687,38.988601131681513],[-76.943065282306819,38.988608409379879],[-76.943065011015591,38.988609081081471],[-76.943063004179251,38.98861941145973],[-76.943063035620284,38.988629685279534],[-76.943036068195454,38.988630142622966],[-76.943028160326008,38.988630276683978],[-76.94301445203476,38.988630509195964],[-76.94301483292044,38.988644064016441],[-76.942952070326498,38.988645126728763],[-76.942953530088829,38.988687577255725],[-76.942967586028075,38.988687283299299],[-76.942969845291017,38.988753106458063],[-76.94295578845346,38.988753399715968],[-76.942960024010034,38.988876817885803],[-76.942845812204794,38.988879204442199],[-76.942849313837769,38.988981230000583],[-76.942861851624201,38.988980935347193],[-76.942905671443768,38.988979857977071],[-76.943006504639456,38.988977376464682],[-76.943028308548023,38.988976840223373],[-76.943036979985465,38.989191637350871],[-76.943018663336829,38.989192087010132],[-76.943022914164743,38.989179513306212],[-76.943023464832009,38.989173271140039],[-76.94302247578689,38.989168429620598],[-76.943022356310962,38.989167843108284],[-76.943021646641881,38.989166655420846],[-76.943020242575102,38.98916430448385],[-76.943019600279655,38.989163229211186],[-76.943019093629857,38.989162733468575],[-76.943014490662321,38.98915822360722],[-76.943009897576289,38.989154803681217],[-76.943008951650285,38.989154094280472],[-76.943006905288073,38.989153386276143],[-76.943005047572072,38.989152742508935],[-76.942998377581063,38.989151003918451],[-76.942992861026909,38.989149690549425],[-76.942979264126777,38.989150864272595],[-76.942977765736885,38.98915099414323],[-76.942976430840361,38.989151583448589],[-76.942965493851787,38.989156417986884],[-76.942965454325915,38.989156435442588],[-76.942965421986571,38.989156455691266],[-76.942960726492572,38.989159937759574],[-76.942956526868628,38.989163912079114],[-76.942952417076185,38.989173891865541],[-76.942951170214585,38.98917901058141],[-76.94294900437643,38.989193800463426],[-76.942928125732593,38.989194313661521],[-76.942927730473883,38.989194323436735],[-76.94287052395994,38.989195728971069],[-76.942869913105554,38.989180573915824],[-76.942809905644566,38.989181827934807],[-76.942810846180677,38.989209254357668],[-76.942725921250357,38.989211028556412],[-76.94272497891761,38.989183602832433],[-76.942504756027404,38.989188206254802],[-76.942505695665204,38.989215631976997],[-76.942420768039895,38.989217406175591],[-76.942420414103708,38.989207046558981],[-76.942419587653632,38.989207064014678],[-76.942363273166777,38.989208018493109],[-76.942342155571083,38.989208377382631],[-76.942342972139656,38.989237837035994],[-76.942343015258814,38.989239395481434],[-76.942326775515099,38.989239671281624],[-76.942328029563228,38.989284738409872],[-76.942328477822571,38.989300852109416],[-76.942328994353844,38.989319431246493],[-76.942332903821963,38.989319365613142],[-76.942343985439308,38.989319177091701],[-76.942344056406213,38.989321483336973],[-76.942344519038585,38.98933659507199]]]},"properties":{"BUILDINGID":"413","NAME":"Bioscience Research Building"}},{"type":"Feature","geometry":{"type":"MultiPolygon","coordinates":[[[[-76.939958244199332,38.996389310596811],[-76.939958258572375,38.996389353184426],[-76.939958272047107,38.996389396470207],[-76.939958322352766,38.996389388790497],[-76.939958616101848,38.996389342712085],[-76.939959138023028,38.996389258933149],[-76.939986617487577,38.996384882880413],[-76.939987585871464,38.996388925213779],[-76.939991459406968,38.99638847071305],[-76.939990542227051,38.996384258727367],[-76.939986536639196,38.996369669322959],[-76.939980762268561,38.996350902835744],[-76.939979010553742,38.99634520865807],[-76.939978410479142,38.996343262193129],[-76.939969206340749,38.99631707148253],[-76.939967311793808,38.996312284908115],[-76.93996400689187,38.996303934234078],[-76.939961383811237,38.996297307312709],[-76.939958936800409,38.996291126514087],[-76.939953043852157,38.996277764453666],[-76.939949517066353,38.99626976983658],[-76.939947610841301,38.996265447534725],[-76.939935240141523,38.996240062471045],[-76.939934021127698,38.996237780886744],[-76.9399309120585,38.996231968711065],[-76.93992183817582,38.996215002042376],[-76.93991627311263,38.996205463787469],[-76.939911327886989,38.996196987432043],[-76.939907415723908,38.996190285099445],[-76.939891990752173,38.996165940965241],[-76.939888498102349,38.996160918402552],[-76.93988434429248,38.996162911649279],[-76.939887913299103,38.996167645871743],[-76.939862218787027,38.996178884150886],[-76.939868418959122,38.996187362602946],[-76.93987850614144,38.996202534309994],[-76.93988759709211,38.996218088605161],[-76.939852623881478,38.996230419495625],[-76.939850496670886,38.996226725534726],[-76.939846465930216,38.99622815396868],[-76.939848484444667,38.996231879346681],[-76.93985653514622,38.996246699172005],[-76.939874485282232,38.996281329252518],[-76.939876558593909,38.996285606871268],[-76.939881249596326,38.996284235687469],[-76.939879058605356,38.996279817040573],[-76.939893850264809,38.996274927834321],[-76.939900719681802,38.996289340624131],[-76.939903763173973,38.996296408782534],[-76.939907550471219,38.996305206977127],[-76.939909993888776,38.996310879515121],[-76.939914249208272,38.996322169435217],[-76.9399171588515,38.996329888273863],[-76.939918209880361,38.996332683001491],[-76.939925353283527,38.996354716175183],[-76.939926815740804,38.996358983317101],[-76.939930980330459,38.996357967497197],[-76.939929400193861,38.996353461585123],[-76.939946112451409,38.996348284044664],[-76.939958244199332,38.996389310596811]]],[[[-76.939793763569114,38.996093878955719],[-76.939802065798972,38.996089255735818],[-76.939810317723186,38.996084661838388],[-76.939841511721411,38.996067291597427],[-76.939845237034902,38.996071215959724],[-76.939849746577622,38.996068656501976],[-76.939817688400083,38.996031753104361],[-76.939815071607654,38.99602873914219],[-76.939797573324242,38.996008595790151],[-76.939792469995126,38.996012154319097],[-76.939795676980665,38.996015846894849],[-76.939792676607624,38.996017516198762],[-76.939752126655705,38.996045788238547],[-76.939754607802513,38.996048656284287],[-76.939755070434899,38.996049189679383],[-76.939755870833807,38.996050112648284],[-76.93975615919301,38.996050444972951],[-76.93975830975981,38.996052928331821],[-76.9397598665402,38.996054726794647],[-76.939793763569114,38.996093878955719]]],[[[-76.93975530938674,38.996218404173256],[-76.939777036040212,38.996202228516125],[-76.939777058498095,38.996202288557825],[-76.939778468853092,38.996205971349461],[-76.939781322800755,38.996204104470834],[-76.939779999582342,38.996200110299952],[-76.939778924298949,38.996197367929078],[-76.939773822766441,38.996186262303226],[-76.939773591001099,38.996185853181622],[-76.93977252200591,38.996183973037454],[-76.939767695357887,38.996175478527306],[-76.939766076593742,38.996173115256241],[-76.93976343015693,38.996169254432125],[-76.939760569921049,38.996165076643244],[-76.939756854489048,38.996160500902896],[-76.939753965507094,38.996156941683225],[-76.93975248059192,38.996155111805834],[-76.939743478574457,38.99614563777358],[-76.939740602168925,38.996142502336369],[-76.939737283792255,38.996144388765089],[-76.939740484489619,38.996147964043075],[-76.939704585115919,38.996175845759346],[-76.939704365926985,38.996176014714024],[-76.93975530938674,38.996218404173256]]]]},"properties":{"BUILDINGID":"409","NAME":"Maryland Softball Stadium"}},{"type":"Feature","geometry":{"type":"Polygon","coordinates":[[[-76.93359356722361,38.986056803035218],[-76.933591172315076,38.986060520569474],[-76.933527591355883,38.986158464679399],[-76.933519516399784,38.9861710088949],[-76.933501100936482,38.986199617239066],[-76.933500828746944,38.986200039685272],[-76.933494863035136,38.986209306968],[-76.933494757932252,38.986209470360414],[-76.933476014583846,38.986238589813794],[-76.933475902294447,38.986238763679985],[-76.933469207150637,38.986249164229974],[-76.933450489853371,38.986278241073322],[-76.933450237426783,38.986278634890546],[-76.933444123492947,38.986288131889644],[-76.933426493157171,38.986315519633067],[-76.933420539123475,38.986324769444273],[-76.933475128844975,38.986346172414812],[-76.933475953498416,38.986346495707664],[-76.933476798813103,38.986346828077899],[-76.933488878458718,38.986351564353555],[-76.933521674153113,38.986364422750285],[-76.933550832568926,38.986375855304921],[-76.933554446491314,38.986377271369136],[-76.933583100952248,38.986388507013395],[-76.933614400951683,38.98640078026466],[-76.933621519201992,38.986403570496599],[-76.93362708785844,38.986394920497922],[-76.933629174644835,38.98639167919206],[-76.933630574220047,38.986389504123473],[-76.933646154600353,38.986365301157093],[-76.933652479638255,38.986355470401655],[-76.933654367896992,38.986352537723427],[-76.93365469218881,38.98635203428033],[-76.933671117883776,38.986326515086773],[-76.93367759114372,38.986316459487156],[-76.933679139839271,38.986314053991407],[-76.933680320225548,38.986312219669962],[-76.933683669144926,38.986307017654163],[-76.933689560296571,38.986297866294969],[-76.933697947866364,38.98628483611477],[-76.933702165456637,38.986278282968804],[-76.933704043833885,38.986275364950778],[-76.933704766977698,38.986274240057938],[-76.933722307481929,38.986246989855324],[-76.933722382940402,38.98624687324628],[-76.933722460195526,38.986246753844206],[-76.933723098897687,38.986245761619848],[-76.933805764565079,38.986117337931411],[-76.933810336091554,38.986110235239963],[-76.933811880295536,38.986107836719867],[-76.93381959053562,38.986095860177926],[-76.933826370121068,38.986085324841355],[-76.933772203506081,38.986064086581244],[-76.933760712256941,38.986059580712038],[-76.93369520890306,38.98603389732196],[-76.933680968809185,38.986028314734007],[-76.933625820335578,38.986006691715438],[-76.933618379590072,38.986018251411203],[-76.93359356722361,38.986056803035218]]]},"properties":{"BUILDINGID":"011","NAME":"Building 011"}},{"type":"Feature","geometry":{"type":"Polygon","coordinates":[[[-76.945395602883664,38.984046462614593],[-76.945496622928928,38.984044381043432],[-76.945496990339876,38.984055197392067],[-76.945537350747273,38.984054367137858],[-76.945538236486144,38.984080479989544],[-76.945565756374876,38.98407991298685],[-76.945569665842996,38.984079832684735],[-76.945574010994022,38.98407974330501],[-76.945576671803892,38.984079688140959],[-76.945581716742538,38.984079584097373],[-76.945585873247367,38.984079498907327],[-76.945645646248039,38.984078265048026],[-76.945651930861771,38.984078135866376],[-76.945658778719192,38.984077994813987],[-76.945663786826898,38.98407789286523],[-76.945672210329306,38.984077718295445],[-76.945690298805872,38.98407734401782],[-76.945689428338369,38.984051671081019],[-76.945729473437098,38.984050846413048],[-76.945729119500868,38.984040331720514],[-76.945814909508812,38.984038561581862],[-76.945826242654462,38.984038328356498],[-76.945829895204412,38.98403825364057],[-76.945835184484793,38.98403814401069],[-76.945848316955932,38.984037871681636],[-76.945855268119601,38.984037729232632],[-76.94585979473031,38.98403763566315],[-76.945870150508895,38.984037422687869],[-76.945923559844132,38.984036321501016],[-76.945942003155224,38.984035940938597],[-76.945954901166076,38.984035675592395],[-76.945954704435024,38.984029865207695],[-76.945954612806858,38.984027110494488],[-76.945954331634184,38.984018865905917],[-76.945954238209382,38.984016104907759],[-76.94595379444165,38.984002966074229],[-76.945953546506615,38.983995637626194],[-76.945953504285811,38.983994440774275],[-76.945953480031278,38.983993692218142],[-76.945953383013233,38.983990811114779],[-76.945951572009633,38.983937378008619],[-76.945951506432607,38.983935448659437],[-76.945951455228652,38.983933980175379],[-76.945951413007819,38.983932678580331],[-76.945951313294813,38.983929728344727],[-76.945951307904934,38.983929535619289],[-76.945951224361608,38.983927063705792],[-76.945877867935508,38.983928576879975],[-76.945859135366902,38.983928962330857],[-76.945729701609181,38.983931631857715],[-76.945718796061627,38.983931857402325],[-76.945718958656698,38.983936608503434],[-76.945719185032161,38.983943273591116],[-76.945641710728779,38.983944885920742],[-76.945605977543408,38.983945314664986],[-76.945498919921107,38.983947526817488],[-76.945498523764087,38.983935792213458],[-76.945497385598614,38.983935814558457],[-76.94549703345902,38.983935821541223],[-76.945493249755046,38.983935899748673],[-76.94541507027418,38.983937512078469],[-76.945392413864411,38.983937978529916],[-76.945266344297423,38.983940578228342],[-76.945270013017037,38.98404905183488],[-76.945374789816839,38.984046891358176],[-76.945395602883664,38.984046462614593]]]},"properties":{"BUILDINGID":"065","NAME":"Carroll Hall"}},{"type":"Feature","geometry":{"type":"Polygon","coordinates":[[[-76.940248968669664,38.978805137857513],[-76.940448415323999,38.97889508145888],[-76.940502503785567,38.978822107302996],[-76.940411571820945,38.978781101294423],[-76.940399668245107,38.978775733220637],[-76.940374015055539,38.978764165359017],[-76.940302999639059,38.978732141262292],[-76.940248968669664,38.978805137857513]]]},"properties":{"BUILDINGID":"274","NAME":"Graduate Gardens Apartment 4320"}},{"type":"Feature","geometry":{"type":"Polygon","coordinates":[[[-76.94874489775863,38.98706927438154],[-76.948787114983745,38.987069292536034],[-76.948787117678691,38.987065174259392],[-76.948810571792436,38.987065184733162],[-76.948810659827345,38.986942543350835],[-76.948828250637234,38.98694256010883],[-76.948828983662494,38.986942560807101],[-76.94882899354397,38.986928822719051],[-76.948842332627606,38.986928828305047],[-76.948841194462162,38.986879405380378],[-76.948829028578274,38.986879399794383],[-76.948829038459735,38.986865683339879],[-76.948828305434461,38.986865677753826],[-76.948810715522882,38.986865663788819],[-76.948810898779186,38.986610662517442],[-76.948810901474147,38.986607010647937],[-76.948810902372458,38.986605736333992],[-76.948810929321922,38.986567302315706],[-76.948810932016855,38.986563651840498],[-76.948810933813505,38.986560890941533],[-76.948810942796655,38.986549278965285],[-76.948810954474752,38.986532517357013],[-76.948717139816353,38.986532476160008],[-76.948717143409638,38.986526985082762],[-76.948667891477555,38.986526963436866],[-76.948667886087648,38.986532454514098],[-76.948635051765706,38.98653244054897],[-76.948635032901095,38.986557151787657],[-76.948582263166344,38.986557128745225],[-76.948582031401003,38.986875632028941],[-76.948324991957179,38.986875518213992],[-76.948318177337427,38.986875515420927],[-76.94828182341621,38.98687549936119],[-76.94828182161956,38.986877955111936],[-76.948281817128006,38.98688392306768],[-76.948281791076852,38.986916685020013],[-76.948270270183343,38.986916680132282],[-76.948266499954087,38.986916678037531],[-76.94826233895769,38.986916676641009],[-76.948249936816865,38.986916671055013],[-76.948247784453457,38.986916669658491],[-76.948247781758525,38.986919872536532],[-76.948247775470307,38.986928688654857],[-76.948247765588832,38.986942295471728],[-76.948240730881849,38.986942292678734],[-76.94824071381386,38.986966046472638],[-76.948240707525642,38.986974182489121],[-76.948240703034074,38.986980732777674],[-76.948247737741056,38.986980736268933],[-76.948247735046124,38.986985312602805],[-76.948247732351177,38.986987914284114],[-76.948247732351177,38.986988057425442],[-76.948247730554527,38.98699065980486],[-76.948247696418562,38.987038443160969],[-76.948247684740466,38.98705395478229],[-76.948608290055077,38.987054113983241],[-76.948634675371594,38.987054123758746],[-76.948634667286768,38.987065107227437],[-76.948673072960105,38.987065123985452],[-76.948744901351915,38.987065156104904],[-76.94874489775863,38.98706927438154]]]},"properties":{"BUILDINGID":"417","NAME":"Knight Hall"}},{"type":"Feature","geometry":{"type":"Polygon","coordinates":[[[-76.938217552622149,38.991825878938123],[-76.938269685451345,38.991845264534582],[-76.938399369839033,38.991893485877213],[-76.938412467275867,38.991872038502706],[-76.938563261174394,38.99162506088274],[-76.938578977200294,38.991599320164568],[-76.938552989837447,38.991589657007026],[-76.938532790319968,38.991582145716507],[-76.938483880646004,38.991563960961145],[-76.938447617454614,38.99155047652043],[-76.938445674398665,38.99154975387777],[-76.938398314318562,38.991532142340944],[-76.938393411313754,38.991540172403539],[-76.938359772999618,38.99159526429176],[-76.938321790432752,38.991581140999301],[-76.938293347075927,38.991570565285009],[-76.938282283424897,38.991588685803762],[-76.938262587862283,38.991620944965767],[-76.938244647607746,38.991650328208912],[-76.938235677031315,38.991665019127673],[-76.938226707353209,38.991679711439815],[-76.938199903421761,38.991723613807011],[-76.93821138119614,38.991727881228186],[-76.938265170518733,38.991747885459809],[-76.938228024283404,38.991808724792904],[-76.938222995514437,38.991816961492169],[-76.938217552622149,38.991825878938123]]]},"properties":{"BUILDINGID":"087","NAME":"Central Animal Resources Facility"}},{"type":"Feature","geometry":{"type":"Polygon","coordinates":[[[-76.955946933936545,39.00200045817494],[-76.955994805158056,39.002000596399206],[-76.956043952885551,39.002000738113992],[-76.956043929529372,39.002005804940694],[-76.956134174282809,39.002006066030958],[-76.956169716127008,39.002006169350082],[-76.95616974038154,39.002000532871861],[-76.956238290820863,39.00200073183106],[-76.956238299804014,39.001998747824111],[-76.956238309685489,39.001996762420987],[-76.956238545044087,39.001947731880506],[-76.956238547739019,39.001946937439406],[-76.956238553128941,39.001945902850935],[-76.956238553128941,39.001945748570179],[-76.956238564807023,39.001943763863629],[-76.956167531424242,39.001943557923269],[-76.956167547593935,39.001939884505639],[-76.956116877222016,39.001939739300212],[-76.956079179421124,39.001939628999949],[-76.956043937614197,39.001939528473137],[-76.956043915156314,39.001944637888499],[-76.955958066757873,39.001944390760045],[-76.95594719983788,39.001944360043517],[-76.95594718905808,39.001946443880684],[-76.955947179176619,39.001948427889047],[-76.955946951004549,39.001996413369753],[-76.955946947411277,39.001997284601565],[-76.955946942021384,39.001998398074839],[-76.955946933936545,39.00200045817494]]]},"properties":{"BUILDINGID":"221","NAME":"Astronomical Observatory"}},{"type":"Feature","geometry":{"type":"Polygon","coordinates":[[[-76.954403887891544,38.987439016861565],[-76.954416511017925,38.987444847215549],[-76.954448023019779,38.987404441805204],[-76.954501497932014,38.987429555627443],[-76.954731514255471,38.987125296326347],[-76.954761315865014,38.987139384897198],[-76.954797211645456,38.987091906744247],[-76.954794753854827,38.987090798622404],[-76.954794076525104,38.987090494185644],[-76.954793894167096,38.987090411093952],[-76.954769683671884,38.987079501643606],[-76.95500792317344,38.98676061942772],[-76.955006708651183,38.986760081074884],[-76.95495287261619,38.986736156139905],[-76.954984108835248,38.986695341846762],[-76.954835401723116,38.986626191688842],[-76.954719310642318,38.986572207554197],[-76.954717797879383,38.986572176830997],[-76.954641028753528,38.986570657429027],[-76.954557523161341,38.98656900396216],[-76.954537390119185,38.986568605258803],[-76.954487044039098,38.986567610245999],[-76.95448399605533,38.986567548799584],[-76.954428746072097,38.98656645533282],[-76.954376827940251,38.986634246048702],[-76.954319955599615,38.986608086657697],[-76.954300543006312,38.986633311086628],[-76.954326115347527,38.986645474669615],[-76.954315481091186,38.986659522139028],[-76.954290353416056,38.986647347386416],[-76.954271877765606,38.986671305867581],[-76.954274147808334,38.986672367911261],[-76.954277447320379,38.986673913844669],[-76.95432957835294,38.986698344336112],[-76.954276345985832,38.986768506889838],[-76.954273543242152,38.986772202740944],[-76.954103729314099,38.98699592461297],[-76.954044542014969,38.986967969454973],[-76.954032665388581,38.986984533355276],[-76.954028222321199,38.986990729629937],[-76.954019494289895,38.987002900832223],[-76.954013607629861,38.987011108066007],[-76.954010759970402,38.98701507971321],[-76.954009732297706,38.987016514617345],[-76.954007941057029,38.987019013654717],[-76.954003025475799,38.987025866979685],[-76.953997688584707,38.987033310325266],[-76.953998108996245,38.987033511421295],[-76.954001704054008,38.987035243779538],[-76.954035915493293,38.987051734347872],[-76.954039599484261,38.98705351139364],[-76.954055479901868,38.987061166305971],[-76.954004265150886,38.987127984585364],[-76.954126349791267,38.987289660484798],[-76.954128204812321,38.987292115522912],[-76.954136004883949,38.987302444696908],[-76.954137859006678,38.987304900432839],[-76.954144202010909,38.987313299649578],[-76.954145934861089,38.987315591995277],[-76.954150930392387,38.987322209284002],[-76.954155620496479,38.987324375246672],[-76.954158722379162,38.98732580804981],[-76.954163173531384,38.987327862292815],[-76.95418278465236,38.987336918557325],[-76.954217035617503,38.987352734548828],[-76.954356470319269,38.987417121957897],[-76.954403887891544,38.987439016861565]]]},"properties":{"BUILDINGID":"347","NAME":"UMUC/Marriott Garage"}},{"type":"Feature","geometry":{"type":"Polygon","coordinates":[[[-76.940257676938032,39.004405950945703],[-76.940266761600498,39.004407467172427],[-76.940344729078959,39.004420468885293],[-76.940355988562729,39.004422346018281],[-76.940394086113926,39.004428697833909],[-76.940397006536912,39.004429185092604],[-76.940408523837178,39.004387134932074],[-76.940417721687368,39.004388669309243],[-76.940463774718722,39.004220529851899],[-76.940467975240992,39.004205188834263],[-76.940468121666385,39.004204653406426],[-76.94045745776566,39.004202876093217],[-76.940268333652241,39.004171340293944],[-76.940262915014472,39.004170436977212],[-76.94023322749095,39.004278830714732],[-76.940289902202224,39.004288282017527],[-76.940286838947102,39.004299463858587],[-76.940279604814123,39.004325886867278],[-76.940276051078868,39.004338858577682],[-76.940257676938032,39.004405950945703]]]},"properties":{"BUILDINGID":"886","NAME":"Crane Aquaculture Building"}},{"type":"Feature","geometry":{"type":"Polygon","coordinates":[[[-76.948447937183587,38.990942442384068],[-76.948504777184894,38.990975692602191],[-76.948557044761372,38.990920180606494],[-76.948584561955172,38.990930678218263],[-76.948587642278255,38.990926068625313],[-76.948598127414272,38.99091037701568],[-76.948638396193502,38.990850119219452],[-76.948656801775371,38.990813305264616],[-76.948670121096072,38.990786667745752],[-76.948696242307918,38.990734423939337],[-76.948704941593121,38.990736678470704],[-76.948713330061253,38.99070571897974],[-76.94874232498367,38.990598714842498],[-76.948749097382603,38.990573723634121],[-76.948741119444563,38.990572303464596],[-76.948747497483069,38.990470861813606],[-76.948749621100404,38.990437091187054],[-76.948747619653957,38.990421657809151],[-76.948745737683439,38.990407148168622],[-76.948733279847076,38.990311081859083],[-76.94874244086634,38.990310412268329],[-76.94868645336625,38.990147265138241],[-76.948679023400544,38.990149595794243],[-76.94860992229394,38.990026555486267],[-76.948532079681314,38.989937050544953],[-76.948473155588559,38.989869295110374],[-76.94838999135618,38.989913725059665],[-76.948410384011467,38.989936996083699],[-76.948522859373227,38.990065344416784],[-76.948581416055035,38.990169953770753],[-76.948481782110235,38.990189911662036],[-76.948534506030896,38.990346915778026],[-76.948535847215609,38.990350908882839],[-76.948634594523227,38.99033029890181],[-76.948648265085225,38.990441050772354],[-76.948641478313235,38.990555744593159],[-76.948540622659664,38.990538898751339],[-76.948495442790772,38.990702056848328],[-76.948596144832436,38.99071930970991],[-76.948547665451485,38.990817750784963],[-76.948501998695718,38.990885656823572],[-76.948447937183587,38.990942442384068]]]},"properties":{"BUILDINGID":"365","NAME":"Maryland Stadium Concessions"}},{"type":"Feature","geometry":{"type":"Polygon","coordinates":[[[-76.938843759223545,38.982398017850116],[-76.938843740358934,38.982398057652972],[-76.938843723290944,38.982398096059264],[-76.93889301564721,38.982411785447574],[-76.938893028223617,38.982411756817434],[-76.938905981031709,38.982383342465369],[-76.938856693167025,38.982369651674937],[-76.938843759223545,38.982398017850116]]]},"properties":{"BUILDINGID":"401","NAME":"South Gate"}},{"type":"Feature","geometry":{"type":"Polygon","coordinates":[[[-76.940618530187663,38.981604081869399],[-76.940655621625751,38.981602658028393],[-76.94066016440614,38.981716947188623],[-76.940801879930405,38.981712947312033],[-76.94080022882693,38.981678102707257],[-76.940796437038117,38.981598094614341],[-76.940793474394297,38.981535555910398],[-76.940792891387687,38.981523257375002],[-76.940768428465859,38.981523963360701],[-76.94065876033936,38.98152712807596],[-76.940658922934418,38.981538296056222],[-76.940623719755067,38.981539333037951],[-76.940595725555866,38.981540143070859],[-76.940595353653336,38.981532374436185],[-76.940584355579318,38.981532691466327],[-76.940582443066077,38.981532748029004],[-76.94043034032218,38.981537138966104],[-76.940429053036368,38.981537175976229],[-76.940428822169338,38.981530757861769],[-76.940428814982823,38.981527117601431],[-76.94039556923245,38.981527942298797],[-76.940395571927411,38.981538141730987],[-76.940368061021843,38.981538937099479],[-76.940292204584296,38.981541127679733],[-76.940286040344816,38.981541305747299],[-76.940287202764793,38.981565817616662],[-76.940288101978396,38.981584837318714],[-76.940288167555408,38.981586229038072],[-76.940290202239524,38.981629088115774],[-76.940290266019929,38.981630479135958],[-76.940291053842429,38.981647106434075],[-76.94033410021251,38.981645862756174],[-76.940335462058485,38.9816746125896],[-76.940360446003169,38.9816738912427],[-76.940373101468893,38.981673526728621],[-76.940439314491869,38.981671615473608],[-76.940446132704864,38.981671419250496],[-76.940456440872751,38.981671122471731],[-76.940484665938982,38.981670308250543],[-76.94048344243356,38.98164448081419],[-76.940595721962609,38.981641236497602],[-76.940593992705686,38.981604789250866],[-76.940600932191259,38.981604589536047],[-76.940618530187663,38.981604081869399]]]},"properties":{"BUILDINGID":"025","NAME":"Charles Hall"}},{"type":"Feature","geometry":{"type":"Polygon","coordinates":[[[-76.945349747481657,38.987087116054695],[-76.945350190351093,38.987100328330257],[-76.945458817330191,38.987098116974479],[-76.94546395389699,38.98709801223707],[-76.94546131195176,38.987018951510493],[-76.945478308076915,38.987018605178378],[-76.945536306904913,38.987017425135591],[-76.9455379220758,38.98701739301611],[-76.945548472788815,38.987017178653275],[-76.945562539507847,38.987016892370747],[-76.945590675640872,38.987016319805576],[-76.945615293971244,38.987015819160199],[-76.94564342920593,38.987015246595021],[-76.945657496823273,38.987014960312436],[-76.945667334273949,38.987014761311137],[-76.945671565338927,38.987014674029851],[-76.94574022447442,38.987013276831199],[-76.945742537636292,38.987082549502908],[-76.945742853843257,38.987091981456956],[-76.945747649050247,38.98709188370205],[-76.945828340220643,38.987090243514054],[-76.945836434041354,38.987090078028942],[-76.945837556935459,38.987090054986737],[-76.94585438866892,38.987089712146222],[-76.945852910940275,38.987045482218548],[-76.945852901058814,38.987045193143096],[-76.945852382730905,38.987029680123371],[-76.945852193186383,38.98702396075695],[-76.9458512598368,38.986996064961275],[-76.945850515133429,38.986973769823003],[-76.945849245813932,38.986935780790404],[-76.945848499313925,38.986913485633146],[-76.9458484984156,38.986913445832776],[-76.945848412177327,38.986910857415566],[-76.94574720258754,38.986912916558403],[-76.945746532444332,38.986892855798416],[-76.945614278874942,38.986895546161044],[-76.945578470231098,38.986896275135479],[-76.945575374636633,38.986896338676338],[-76.945575169820742,38.986884547304513],[-76.945551770504224,38.986865810421648],[-76.945540731107698,38.98685696915846],[-76.945491848383199,38.986898037521883],[-76.945448570247748,38.986898918016863],[-76.945446275950516,38.986898966196186],[-76.945446356798897,38.98690140099859],[-76.945446483461353,38.986905165271338],[-76.945446938907196,38.986918844710878],[-76.94534419858816,38.986920935274796],[-76.945345343940133,38.986955208224757],[-76.945347873595978,38.987030976773703],[-76.945348474568902,38.987048979053938],[-76.945349747481657,38.987087116054695]]]},"properties":{"BUILDINGID":"062","NAME":"St. Mary's Hall"}},{"type":"Feature","geometry":{"type":"Polygon","coordinates":[[[-76.941155923950191,38.990035743369098],[-76.94135368716168,38.990174978155096],[-76.941403759255607,38.990174369308093],[-76.941403553541406,38.990179698115547],[-76.941403849985463,38.990182975555342],[-76.941404080852493,38.990185542906389],[-76.941404222786289,38.990187110407859],[-76.941405991569098,38.990194410984358],[-76.941406050857907,38.990194557610288],[-76.941408838330233,38.990201498603412],[-76.94140978964613,38.990203161062269],[-76.941411176644905,38.990205583183076],[-76.941412720848888,38.99020828389304],[-76.941415429269469,38.990211832938591],[-76.941416923167793,38.990213790743695],[-76.941417591514366,38.990214666309868],[-76.941423378461408,38.990220564162442],[-76.941423929128689,38.990221007531247],[-76.941425558672606,38.990222318087469],[-76.941430008926531,38.990225897155703],[-76.941432419106448,38.990227431840012],[-76.941435105069147,38.990229140380691],[-76.941437385891646,38.99023059337334],[-76.941443127024627,38.990233446294006],[-76.941444875146175,38.990234315575968],[-76.941445415033641,38.990234583691851],[-76.941453987656416,38.990237819934251],[-76.941455366570381,38.990238194877541],[-76.941458240280951,38.990238971296371],[-76.941462977097459,38.990240253923574],[-76.941466863209371,38.990240923514996],[-76.941470151941644,38.990241491166522],[-76.94147227466064,38.990241857032949],[-76.941481746497004,38.990242603428371],[-76.941482999646823,38.99029502773805],[-76.941483214344174,38.990295227428348],[-76.941618056858218,38.990293628509519],[-76.941629797838985,38.990293489564152],[-76.94170829352683,38.990292559537977],[-76.94172057888666,38.990292412214011],[-76.941903478573451,38.990290242152831],[-76.941903455217243,38.990290866359629],[-76.941903489353237,38.99029167699058],[-76.941904950912189,38.990291596695513],[-76.941907273057197,38.990291518495091],[-76.9419104710596,38.990291410271361],[-76.941931257176975,38.990290709260599],[-76.941936866257606,38.990290520043523],[-76.941936223063863,38.990258414581362],[-76.941972109861155,38.990257978893219],[-76.941965646482686,38.989933976974392],[-76.941953947722723,38.989347354055589],[-76.941956614820811,38.989347319144265],[-76.941955666199874,38.989303038958361],[-76.941919044580686,38.98930351794251],[-76.941918371742545,38.989272270853021],[-76.94191833580993,38.989270590916618],[-76.941894443318304,38.989270905119156],[-76.94188916571602,38.989270972847272],[-76.941888248536102,38.989270984717137],[-76.941886991793041,38.989261868652534],[-76.941885398181711,38.989252916670353],[-76.941884694800862,38.989248970983134],[-76.941883977945267,38.989245070680504],[-76.941883787502405,38.989244037302747],[-76.941882548725644,38.989241509716607],[-76.941882105856209,38.989240606209215],[-76.941879892407343,38.989236090767051],[-76.941874958859799,38.989229625172804],[-76.94186915843801,38.989223408147282],[-76.941864493486747,38.989219257877444],[-76.941862593549914,38.989218084853654],[-76.941859826738849,38.989216379081483],[-76.941853852942188,38.98921289492128],[-76.941846958372395,38.989209394003396],[-76.941845159046878,38.989208481418679],[-76.941843893320637,38.989208070162071],[-76.941839204114856,38.989206548023759],[-76.941837121820029,38.989205873534928],[-76.941836302556496,38.989205707356518],[-76.941829541835659,38.9892043388285],[-76.941819042326614,38.989202651209951],[-76.941810167869932,38.989202252521423],[-76.94181012205587,38.989200087314401],[-76.941809005449954,38.989148204019578],[-76.941804698926489,38.989148260576108],[-76.941775294372292,38.989148645998625],[-76.941764141788042,38.989148792626729],[-76.94149662349642,38.989152294245855],[-76.941474123393505,38.989152588898534],[-76.941401950048643,38.98915353290429],[-76.941021614137114,38.989158509881136],[-76.940990425528767,38.98915891764694],[-76.940964667236301,38.989159255589797],[-76.940965226886732,38.989185312096538],[-76.94092288479581,38.989185864395495],[-76.940923542362611,38.989216523614779],[-76.940924906903533,38.989280091005412],[-76.940926357682699,38.989347606813851],[-76.940926749348179,38.989365848695016],[-76.94092712214902,38.989383205918095],[-76.940929455073814,38.989491766841752],[-76.940929762297642,38.989506174030751],[-76.940930361473917,38.989534038115252],[-76.940930777393902,38.989553415262513],[-76.94093615291257,38.989803664302627],[-76.940934112838548,38.989804187271432],[-76.940934163144206,38.989806463477379],[-76.94093465003111,38.98982914593514],[-76.940935132426404,38.989851523262502],[-76.940970529641859,38.98985106173761],[-76.940971171038967,38.989880868838],[-76.940998655893409,38.989880510650181],[-76.941001437077517,38.989886601239817],[-76.941001502654544,38.989892133949731],[-76.941001528705684,38.989894193005831],[-76.941003638848287,38.989904051198693],[-76.941006221504722,38.989911394395897],[-76.941011267341679,38.989919085306731],[-76.941017853789347,38.989926006776585],[-76.941018187064316,38.989926278384765],[-76.941025864066731,38.989932206983106],[-76.941027548407888,38.989933507769621],[-76.941033948005966,38.989937560944774],[-76.941037783812234,38.989939469183753],[-76.941039928989127,38.989940536065966],[-76.941042148726197,38.989941639255676],[-76.941050892028869,38.989944963487339],[-76.941051312440422,38.989945080788516],[-76.941052703032469,38.989945461319117],[-76.941060063827905,38.989947486160823],[-76.941060200371837,38.989947511296798],[-76.94106335705176,38.989948074761379],[-76.941066782327923,38.989948687101389],[-76.941069542850798,38.989949180045606],[-76.941079206926617,38.989950015816447],[-76.941079848323724,38.989982182861951],[-76.941080875098095,38.989982904822376],[-76.941115921970592,38.990007579247226],[-76.941155923950191,38.990035743369098]]]},"properties":{"BUILDINGID":"202","NAME":"Regents Drive Parking Garage"}},{"type":"Feature","geometry":{"type":"Polygon","coordinates":[[[-76.948413161602303,38.990978971401567],[-76.948470394167387,38.991012205543726],[-76.948504777184894,38.990975692602191],[-76.948447937183587,38.990942442384068],[-76.948413161602303,38.990978971401567]]]},"properties":{"BUILDINGID":"366","NAME":"Maryland Stadium Ticket Booth"}},{"type":"Feature","geometry":{"type":"Polygon","coordinates":[[[-76.937356742899453,38.989472302399399],[-76.937356874053492,38.989483431422045],[-76.937432065737724,38.989482901468648],[-76.937483991954394,38.989482536994721],[-76.937500061916509,38.989482424580387],[-76.937513432441207,38.989482330319909],[-76.937545222920804,38.9894821068876],[-76.937573893551388,38.989481905100341],[-76.937607024317387,38.98948167328934],[-76.937637988346921,38.989481455442871],[-76.937669644977518,38.989481232010611],[-76.937698435084073,38.989481029525109],[-76.937733308581713,38.989480783749606],[-76.937764592411483,38.989480563808421],[-76.937795767545111,38.989480344565536],[-76.937827343327328,38.989480122529685],[-76.937843830107752,38.989480006624198],[-76.93785913560356,38.989479897700946],[-76.937890618859328,38.989479672872207],[-76.937922437186685,38.989479445948803],[-76.937944809728833,38.989479286753308],[-76.937959569048957,38.989479182019423],[-76.937979630225882,38.989479038184896],[-76.937994765041793,38.989478929959866],[-76.938023854287323,38.989478722586753],[-76.9380529929402,38.989478514515454],[-76.938080930545539,38.989478314822847],[-76.938110115012478,38.989478107449777],[-76.938153944713505,38.989477770206634],[-76.938561140252006,38.989474886533621],[-76.938561126777302,38.989473495667518],[-76.938560202410855,38.989388764501712],[-76.938559753253216,38.989347560032613],[-76.938621223171481,38.989348021560794],[-76.938619168724429,38.989251969174767],[-76.938558705817599,38.989251486000889],[-76.938558383322402,38.9892216646709],[-76.938558121014353,38.98919767144325],[-76.938557880265847,38.989175537591009],[-76.938557703297747,38.989159469247859],[-76.938557687128053,38.98915800017393],[-76.938557343073313,38.989126496071769],[-76.938552985345865,38.989126521208036],[-76.938368221654855,38.989127539226466],[-76.938368200993608,38.989127565759162],[-76.937986173554407,38.989127019045576],[-76.937926192144573,38.989129892259342],[-76.937925843598265,38.989129910413311],[-76.937915350377409,38.989130411741975],[-76.937915316241444,38.98914041736758],[-76.937890369127686,38.98914054374707],[-76.937674065587046,38.989141642061654],[-76.937632340638729,38.989141854323343],[-76.937571187825768,38.989142163638874],[-76.937549056930422,38.989142276053805],[-76.937543055286014,38.989142307474076],[-76.937540381899723,38.989142321438692],[-76.93750092160424,38.989142520434008],[-76.937428856057196,38.989142887702599],[-76.937390188075796,38.989143083206748],[-76.937361821075754,38.989143226343721],[-76.937352867567313,38.989143272426851],[-76.937353028365749,38.989156968889624],[-76.937356742899453,38.989472302399399]]]},"properties":{"BUILDINGID":"089","NAME":"Engineering Laboratory Building"}},{"type":"Feature","geometry":{"type":"Polygon","coordinates":[[[-76.942184879429448,38.983439516187929],[-76.942351170164955,38.983436124615366],[-76.94235049103861,38.983415010553536],[-76.942381582628897,38.983414400251853],[-76.942390879293768,38.983414217999261],[-76.942388635302194,38.983344485756859],[-76.942387293219156,38.98330275964053],[-76.942387286032627,38.983302523619606],[-76.942387197997746,38.983299782843808],[-76.942285275145608,38.983302439825167],[-76.942279064193727,38.983302601827752],[-76.942250417817633,38.983303349692889],[-76.942245178842896,38.983303485858826],[-76.942141478224826,38.983306191021889],[-76.942142586745888,38.98334436495329],[-76.94214476605876,38.983419258225375],[-76.942152024446258,38.983419217026551],[-76.942183923621982,38.983419035472267],[-76.942184879429448,38.983439516187929]]]},"properties":{"BUILDINGID":"030","NAME":"Talbot Hall"}},{"type":"Feature","geometry":{"type":"Polygon","coordinates":[[[-76.936575260704558,38.983302372091345],[-76.936575257111286,38.983319137257574],[-76.936635711933292,38.983319143542154],[-76.936635709238331,38.983341510358422],[-76.936635709238331,38.983345414477775],[-76.936660749776877,38.983345414477775],[-76.936737985128374,38.983345422857191],[-76.936764443208432,38.983345425650334],[-76.936764445903393,38.983341580885345],[-76.936764448598339,38.983320108574304],[-76.936824394973883,38.983320114160641],[-76.936824402160411,38.983272366002119],[-76.936824403058722,38.983253404711306],[-76.936824410245222,38.983206690672006],[-76.936746612548376,38.983206682990811],[-76.936722262814286,38.983206681594268],[-76.936673249834072,38.983206676706224],[-76.936643923433309,38.983206673913074],[-76.936599671524078,38.98320666902508],[-76.936578107465692,38.983206666231936],[-76.936575275975912,38.983206666930244],[-76.93657527417929,38.983219105529066],[-76.936575260704558,38.983302372091345]]]},"properties":{"BUILDINGID":"138","NAME":"House 13"}},{"type":"Feature","geometry":{"type":"Polygon","coordinates":[[[-76.939302127292237,38.977894547258593],[-76.939325757475771,38.97790522278374],[-76.939331948664702,38.977896874127957],[-76.939332740080474,38.977895807064215],[-76.939336830109966,38.977890291573544],[-76.939339112729087,38.977887213988268],[-76.939372461785709,38.977842245751781],[-76.939376762919295,38.977836446730585],[-76.93938590776888,38.977840577415911],[-76.939441392212402,38.977865649238801],[-76.93948120015591,38.977883636391198],[-76.93953914867825,38.97781438055685],[-76.939495462707683,38.977794640550648],[-76.939337149011877,38.977723107336608],[-76.939288807073183,38.977788291232692],[-76.939281084256692,38.977798704895932],[-76.939276377084596,38.977805051419601],[-76.939264393558716,38.977821209632666],[-76.939233128593571,38.977863367062184],[-76.939264345948004,38.977877474934779],[-76.939302127292237,38.977894547258593]]]},"properties":{"BUILDINGID":"285","NAME":"Graduate Gardens Apartment 4335"}},{"type":"Feature","geometry":{"type":"Polygon","coordinates":[[[-76.943253137100712,39.005379082603092],[-76.943253161355216,39.005386953330813],[-76.943253164948473,39.005387585781257],[-76.943259803498421,39.005387748431318],[-76.943305706511126,39.005388866039659],[-76.943307825636907,39.005345397274596],[-76.9433171420647,39.005345186457674],[-76.94331752205207,39.005331374456105],[-76.94331809877049,39.005310572680401],[-76.943318308976259,39.005302969304857],[-76.943327448435952,39.005301984328426],[-76.943329682546079,39.005257617093598],[-76.943359796769343,39.005257871889221],[-76.943388092802479,39.005258114119577],[-76.943405434779024,39.005258260714307],[-76.943402779359062,39.005310614564564],[-76.94340153609069,39.005335119598804],[-76.94341826361962,39.005336337730014],[-76.943463725559511,39.005339649371351],[-76.943474306815233,39.005340417945774],[-76.943474374188881,39.005323730594803],[-76.943474398443399,39.005317773268899],[-76.943474427189486,39.005310648769985],[-76.943474548462049,39.005280989876724],[-76.943481014535465,39.005281405926404],[-76.943480321036063,39.005270339422133],[-76.943519588193752,39.005271475182191],[-76.943606529841901,39.005273989630545],[-76.943605990852731,39.005310712294303],[-76.943605510254059,39.005343397305886],[-76.943668904363648,39.005344806009887],[-76.943727482605027,39.005346107211125],[-76.94376131585355,39.005346859729876],[-76.943816679024522,39.005348089029965],[-76.943819241918021,39.005348146969716],[-76.943823125335015,39.00534823213421],[-76.943824262602163,39.005310817702842],[-76.943825390886161,39.005273762059709],[-76.943901184441614,39.005275523988523],[-76.943902665763517,39.005226364483129],[-76.943894913302628,39.005226205323012],[-76.94389671172982,39.005135062384156],[-76.943896718916335,39.005134598864693],[-76.943896807849555,39.005130250577665],[-76.943896809646176,39.005130029987029],[-76.943894014089011,39.005129909220706],[-76.943844095606977,39.005127780102669],[-76.943831591058242,39.005127246776013],[-76.943833839541384,39.00501770042451],[-76.943834048848871,39.005007560919502],[-76.943907630752093,39.005007695647514],[-76.943913150899519,39.004982389810223],[-76.943903529942816,39.004982156653824],[-76.94390376080986,39.004979855805395],[-76.94390855332189,39.004931798352487],[-76.943841881259829,39.004928487390139],[-76.943850208642502,39.004851195955922],[-76.943923980988586,39.004856359610763],[-76.943929262184142,39.00482859859153],[-76.943921187228057,39.00482743769367],[-76.943932738664287,39.004767930311218],[-76.943934802094489,39.004757299325505],[-76.94386826747467,39.004749956970677],[-76.943879131699703,39.004698570238467],[-76.943968892261211,39.004709529328586],[-76.943973198784676,39.004694614243206],[-76.943975415826813,39.004686942390052],[-76.943977282525964,39.004680467736257],[-76.943969166247371,39.00467818921647],[-76.944002002365963,39.004557705396117],[-76.943864494550454,39.00453551212474],[-76.943866838255033,39.004526439212945],[-76.943866880475866,39.004526279353215],[-76.943861645992698,39.004525616179663],[-76.943813027372897,39.004519450061373],[-76.943810680973371,39.004519153378411],[-76.943810559700822,39.004519646221141],[-76.943802323047976,39.004553024788883],[-76.943684311369097,39.004533479323513],[-76.94355844122812,39.004512633334272],[-76.943537431430244,39.004588420782838],[-76.943480343493945,39.00458052972207],[-76.943465774616669,39.004640282286928],[-76.94347588425687,39.004642292048594],[-76.943472830883223,39.004652658480708],[-76.943521084787022,39.004658285672647],[-76.94349894221358,39.004761517095439],[-76.943464188191868,39.004757679078423],[-76.943444216846473,39.00475547385895],[-76.943433901492057,39.004814012324381],[-76.943443824282696,39.004814684570206],[-76.943441936922298,39.004825693205575],[-76.943464133394627,39.004827321115236],[-76.943490977750287,39.004829290383263],[-76.943475777357349,39.004934153652229],[-76.943464048054693,39.004933308285317],[-76.94342141940119,39.004930231177653],[-76.943415143770622,39.004989348898938],[-76.943425062967989,39.004990021143094],[-76.943424893186403,39.005000880363639],[-76.943463995054074,39.005001542136569],[-76.943473113852534,39.005001696410659],[-76.943468375239405,39.005110130060707],[-76.943463907917518,39.005110081195696],[-76.943344831735018,39.005108772311296],[-76.943347228440203,39.005045599587895],[-76.943243488296247,39.005044465918459],[-76.943212271840125,39.005111755869621],[-76.943207071492949,39.005111570182585],[-76.943184680086148,39.005110770890525],[-76.943167022800949,39.005110141927915],[-76.943164160768447,39.005110040707521],[-76.9431635292528,39.00512442866134],[-76.943161279871333,39.005175684544852],[-76.943179730368954,39.005178178054543],[-76.943154555981423,39.005230446101343],[-76.943164279346064,39.005233473632991],[-76.943144856871299,39.005274534823279],[-76.943152668621011,39.005276372143619],[-76.943137551771414,39.005310485421667],[-76.943134132783442,39.005318196997159],[-76.943143139292474,39.00532123848641],[-76.943124112076447,39.005361282538949],[-76.943166897935114,39.005374368542839],[-76.94317386886172,39.005376501841887],[-76.943174401562686,39.005375497320529],[-76.943179098853321,39.005366648596663],[-76.943253137100712,39.005379082603092]]]},"properties":{"BUILDINGID":"797","NAME":"Laboratory for Telecommunication Sciences"}},{"type":"Feature","geometry":{"type":"Polygon","coordinates":[[[-76.947792009821015,38.986391265824274],[-76.947792020600787,38.98639382423552],[-76.947799035544847,38.986393806080812],[-76.94791073116896,38.986393527476558],[-76.947922840458986,38.986393498149816],[-76.947922838662365,38.986393049170985],[-76.947922695830243,38.986357729960318],[-76.947922871001722,38.986351720064832],[-76.947952103977684,38.986351676772912],[-76.947952091401262,38.98634893122734],[-76.947951898263483,38.986301238179202],[-76.947951891076968,38.98629998061795],[-76.947951884788765,38.986298492631725],[-76.947951881195493,38.986297598164157],[-76.94795157307334,38.986222055065809],[-76.947951562293568,38.986219308118727],[-76.947951418563136,38.986183613856618],[-76.947951405088389,38.986180869002794],[-76.94795134490127,38.986165984924618],[-76.948019290774411,38.98616581524778],[-76.94802280947539,38.986165807566955],[-76.948028299978404,38.986165792903535],[-76.948028290995239,38.986177902102703],[-76.94809865153988,38.986177932826081],[-76.94809866052303,38.986165616942365],[-76.948101965424968,38.986165608563276],[-76.948105484125932,38.986165600882401],[-76.948177603571892,38.98616542142998],[-76.948181121374532,38.986165412352619],[-76.948234061789179,38.986165280381698],[-76.948237579591833,38.986165272700887],[-76.948294701664125,38.986165128859625],[-76.948299522023916,38.986165116989234],[-76.948305028696623,38.986165103722307],[-76.948332005104604,38.986165036689499],[-76.948353113717147,38.986164983621826],[-76.948353001427748,38.98613617835467],[-76.94835289722316,38.986111702282379],[-76.948356924370586,38.986111691808468],[-76.948359551942801,38.986111684825865],[-76.948366112339315,38.986111668067679],[-76.948369753211168,38.986111659688582],[-76.948383493841746,38.986111626172153],[-76.948386786167262,38.986111617793007],[-76.948447447601765,38.986111465572542],[-76.948459382618623,38.986111436245629],[-76.948518166574203,38.986111290309509],[-76.948652258096658,38.986110956541616],[-76.948702561955926,38.986110830854983],[-76.948702470327774,38.986088279176698],[-76.948702409242344,38.986073810543459],[-76.948754075845898,38.986073682063726],[-76.948754056981272,38.986068982777248],[-76.948753917742408,38.986034984512564],[-76.948791623628154,38.986034890247502],[-76.948793382529473,38.986034888850959],[-76.948798101379666,38.98603487418751],[-76.948798076226822,38.986028652691815],[-76.94879797561552,38.986004359526532],[-76.948797970225627,38.986002984652231],[-76.94879796663237,38.986000485579048],[-76.948797527356206,38.985893706151359],[-76.948797520169677,38.98589247092719],[-76.948797461779179,38.985877835369436],[-76.948797448304461,38.985874650599087],[-76.948792906422369,38.985874662469527],[-76.948789242194323,38.985874671546924],[-76.948752909832663,38.985874763717426],[-76.948752747237592,38.985835721814446],[-76.948701437265186,38.985835850992885],[-76.948701305212865,38.98579882983929],[-76.948602986401639,38.98579904420577],[-76.948388068063167,38.985799515532769],[-76.948368204515603,38.985799558126757],[-76.948353118208729,38.985799590945113],[-76.948353014004155,38.985774033846155],[-76.948352919681057,38.985750594568742],[-76.948352888240009,38.985743043555829],[-76.948352333081161,38.985743044952329],[-76.948327142523979,38.985743107097726],[-76.948018536189579,38.985743874488513],[-76.9479517168038,38.985744040674994],[-76.947951339511391,38.985651680006335],[-76.947950944252653,38.985554992071521],[-76.947950942456018,38.985554780497353],[-76.947950943354343,38.985554515156792],[-76.947950933472882,38.985552245098539],[-76.947950928082989,38.985551136254266],[-76.947923206073312,38.985551205382492],[-76.947923172835644,38.985543648063917],[-76.947923063241191,38.985516625214444],[-76.94779359444918,38.985516947812876],[-76.947791189659156,38.985516954097264],[-76.94779119594736,38.985518641105408],[-76.947791207625471,38.985521628282839],[-76.947791219303568,38.985524613365307],[-76.947791232778286,38.985527599844254],[-76.947791244456397,38.985530585624751],[-76.947791296558691,38.985543592901017],[-76.947791330694656,38.985551365285097],[-76.947773915056246,38.9855514085775],[-76.947763346376931,38.985551436508096],[-76.947764131504499,38.98574325931903],[-76.947744353296869,38.985743308197421],[-76.947744934506872,38.985885586768987],[-76.947741438263776,38.985885607716817],[-76.947741430178951,38.985890226715469],[-76.947741228058021,38.986014704948417],[-76.947741215481585,38.986023159480787],[-76.947745496852235,38.98602321953112],[-76.947745557039354,38.986038000296865],[-76.94774595499301,38.986135487078393],[-76.947745957687971,38.986136278903935],[-76.947746077163913,38.986165571555567],[-76.947761659340827,38.986165531754828],[-76.947762389671155,38.986345061488208],[-76.947762400450927,38.986347732320453],[-76.947762404942495,38.986348442447593],[-76.94776242560377,38.986353933538631],[-76.947774314806551,38.986353875583333],[-76.947791867887204,38.986353851144344],[-76.94779187597203,38.986358054649664],[-76.947791957718735,38.986377537404827],[-76.947792005329447,38.986389941930234],[-76.947792009821015,38.986391265824274]]]},"properties":{"BUILDINGID":"141","NAME":"Tawes Hall"}},{"type":"Feature","geometry":{"type":"Polygon","coordinates":[[[-76.952857340213583,38.997365567124795],[-76.952882883808684,38.99734065440402],[-76.952880609274374,38.997339233672179],[-76.952870231037906,38.997332755553344],[-76.952872523538517,38.997330519383965],[-76.952826704069125,38.997301909255334],[-76.952825852466248,38.997301377266005],[-76.952795227101589,38.997331242665709],[-76.952840723177445,38.997359648225043],[-76.952843507056514,38.997356931730558],[-76.952857340213583,38.997365567124795]]]},"properties":{"BUILDINGID":"313","NAME":"Golf Course Storage Building"}},{"type":"Feature","geometry":{"type":"Polygon","coordinates":[[[-76.940858675015946,38.984294495939011],[-76.940859368515348,38.98431338083882],[-76.940861311571297,38.984313337545657],[-76.940893793753659,38.984312609941192],[-76.940931644268161,38.984311763629677],[-76.940936814072614,38.984311648413957],[-76.940941650602099,38.984311538086217],[-76.940994422133471,38.984310357300025],[-76.940994867697839,38.984310348920715],[-76.940998883167168,38.984310258144703],[-76.941055815694938,38.984308983091118],[-76.941055600997586,38.984303128737437],[-76.94105546445364,38.984299409016025],[-76.941053675907938,38.984250759343588],[-76.941128905321392,38.984249075796562],[-76.941127208403827,38.984202895200326],[-76.941225595487012,38.984200488236233],[-76.941278772158554,38.984199188042652],[-76.941303041044279,38.984180684372262],[-76.941307131073756,38.984177564465384],[-76.941306334268106,38.984157726379365],[-76.941305038897468,38.984125472195309],[-76.941302968280738,38.984123928301067],[-76.941277274666973,38.984104767530511],[-76.941241157900976,38.984105649456765],[-76.941135874451362,38.984108223312745],[-76.941123740906832,38.984108521477829],[-76.941121920021743,38.984059092394425],[-76.94104739848072,38.984060761980302],[-76.941045632392871,38.984012751768184],[-76.941045556934384,38.984010695334106],[-76.941045248812244,38.984002289440987],[-76.941003195978851,38.984003231420559],[-76.940880847233799,38.9840059707726],[-76.940876450878775,38.98400606853177],[-76.940873952663992,38.984006125092463],[-76.940850108681403,38.984006659276552],[-76.940852181993066,38.984063032784718],[-76.94063665729179,38.984067856498044],[-76.940568584756193,38.984069380143374],[-76.940562457347625,38.984069517704427],[-76.940558501167132,38.984069605687594],[-76.940557194118384,38.984069635713588],[-76.940551727869874,38.984069757912444],[-76.940551875193592,38.984073791173294],[-76.940552628880113,38.984094227707992],[-76.940497388778354,38.984095462265245],[-76.94050261607498,38.984237682002032],[-76.940558172383732,38.984236438369599],[-76.940558910798885,38.984256449606384],[-76.940559053631034,38.984260355071804],[-76.940560026506489,38.984260344597679],[-76.940857174829418,38.984253680238126],[-76.940858675015946,38.984294495939011]]]},"properties":{"BUILDINGID":"009","NAME":"Memorial Chapel"}},{"type":"Feature","geometry":{"type":"Polygon","coordinates":[[[-76.932290094678365,38.982693218964776],[-76.932354774277144,38.982707869845051],[-76.932394157317503,38.982601963206257],[-76.932313925186236,38.982583783126742],[-76.932336968769889,38.982521823481335],[-76.932347710824061,38.982492940617661],[-76.932348942414322,38.982489625812136],[-76.932341211512991,38.98248787518699],[-76.932324980752426,38.982484197267866],[-76.93223945125591,38.982464820978691],[-76.932212919513987,38.982458809356103],[-76.932177772928512,38.982553308875822],[-76.932218147708937,38.982562456529351],[-76.932227279083818,38.982564524876494],[-76.932260886855218,38.982572138376618],[-76.932256908216829,38.982582834145333],[-76.932258610524286,38.982585240466122],[-76.932282697950313,38.982619283681707],[-76.932283899896163,38.982620984724811],[-76.932298086989462,38.982624196875022],[-76.932279894308309,38.982673113016588],[-76.932277695232486,38.982679026859969],[-76.93227610341782,38.98268330809401],[-76.932273790255962,38.982689525693935],[-76.932284305036376,38.982691907570853],[-76.932285314742742,38.982692137309186],[-76.932290094678365,38.982693218964776]]]},"properties":{"BUILDINGID":"241","NAME":"Leonardtown 241"}},{"type":"Feature","geometry":{"type":"Polygon","coordinates":[[[-76.936726764272166,38.984787873727868],[-76.936737072440067,38.984793573723309],[-76.936771565052013,38.984755573744934],[-76.936820284283129,38.984701903803099],[-76.936763450570069,38.984670475924304],[-76.936782860468398,38.984649091998811],[-76.936754546468975,38.984633437402728],[-76.936724086394307,38.984616595737563],[-76.9367143288937,38.984611201571809],[-76.936710629631349,38.984609156327529],[-76.936692031810026,38.984598874941447],[-76.936672741387611,38.984620124115274],[-76.936617056619781,38.984589328836527],[-76.936533720809194,38.98468113436752],[-76.93659892322745,38.984717186204655],[-76.936607785107739,38.98472208598519],[-76.936657031649915,38.984749316524869],[-76.936668687290734,38.984755762976754],[-76.936683955955615,38.984764203694041],[-76.936694425820264,38.984769993768538],[-76.936721091411144,38.984784737787486],[-76.936726764272166,38.984787873727868]]]},"properties":{"BUILDINGID":"126","NAME":"House 1"}},{"type":"Feature","geometry":{"type":"Polygon","coordinates":[[[-76.932986547738366,38.982979085504965],[-76.932986662722712,38.982979247508233],[-76.93300057313489,38.982982389813202],[-76.932976537811143,38.983047207153845],[-76.933056380971905,38.9830652404736],[-76.933095732571246,38.982959104631881],[-76.93301520040265,38.982940914169752],[-76.933061324400924,38.982816516421828],[-76.933142704579154,38.982834900342638],[-76.933181798361986,38.982729462448098],[-76.933101020953316,38.982711217460093],[-76.933076977544744,38.982776065773848],[-76.933063036589857,38.982772918571698],[-76.933058489317887,38.982774868901309],[-76.933016424806397,38.982792909971671],[-76.933011767939959,38.982805461766432],[-76.932968306548204,38.982795645180772],[-76.932927078368238,38.982786334157097],[-76.932880701045079,38.982911420472675],[-76.932963532900786,38.982930131168807],[-76.932959421311736,38.982941213038046],[-76.932986547738366,38.982979085504965]]]},"properties":{"BUILDINGID":"238","NAME":"Leonardtown 238"}},{"type":"Feature","geometry":{"type":"Polygon","coordinates":[[[-76.944752247443475,38.986216297928195],[-76.944738350506029,38.986216346806252],[-76.944738878715413,38.986308987437639],[-76.94480588944235,38.986308753521485],[-76.94482111947967,38.986308700453932],[-76.944869513520658,38.986308531475693],[-76.944872272246897,38.986308521001874],[-76.944890248434049,38.986308458158696],[-76.944892542731282,38.9863084504779],[-76.944938673916084,38.986308289180464],[-76.945008670643006,38.986308044790476],[-76.94501159106602,38.986308035014872],[-76.945029651694782,38.98630797147343],[-76.945032170570855,38.986307963792633],[-76.945078088854913,38.986307802495197],[-76.945080495441559,38.986307794814394],[-76.945100593449396,38.986307725686906],[-76.945103825587807,38.986307713816544],[-76.945150648475348,38.986307551122621],[-76.945161138102918,38.986307513416776],[-76.945161103068628,38.986301189999473],[-76.945160921608945,38.986269617593109],[-76.945160679962143,38.986227155840453],[-76.94516059462218,38.986212179601935],[-76.945146909687153,38.986212229178271],[-76.945146833330341,38.986199480380421],[-76.945205738558471,38.986199273696016],[-76.945205885882174,38.986225336180155],[-76.945209629161965,38.986225322913292],[-76.945219264491698,38.986225289396913],[-76.945456562558846,38.986224461262907],[-76.945457470755599,38.986224458469877],[-76.945515787587198,38.986224253182044],[-76.945515670806202,38.986203429030709],[-76.945548250904935,38.986203313818081],[-76.945547979613735,38.986156353843477],[-76.945559460981372,38.98615631474101],[-76.945559438523503,38.986152377260261],[-76.945559301081246,38.986128311769804],[-76.945558553682929,38.985997816130201],[-76.945544879527688,38.985997864310143],[-76.945544809459093,38.985985593782061],[-76.945544526489769,38.985935781267528],[-76.945555826397722,38.985935739371904],[-76.945555565886295,38.985889980927489],[-76.945555563191334,38.985889705114246],[-76.945555556004834,38.985888712186657],[-76.945555517377286,38.985881730969794],[-76.945555505699176,38.985879643866504],[-76.945555482342982,38.985875492702391],[-76.945555189492211,38.985824861747382],[-76.945554913709415,38.985776741707852],[-76.945554901132979,38.985774535896873],[-76.945541010483751,38.985774584076964],[-76.945540766141988,38.985731649303425],[-76.945540750870634,38.985729149522385],[-76.945537711870031,38.985729159996303],[-76.945515831604652,38.985729236805213],[-76.945509288276114,38.985729260546194],[-76.945509177783336,38.985709546487506],[-76.945420889560594,38.985709853723264],[-76.945418113766365,38.985709864197226],[-76.945393116346935,38.985709951480075],[-76.945372173024424,38.985710024099475],[-76.945336869233756,38.985710146993767],[-76.9453159663354,38.985710221707883],[-76.945197887282887,38.985710632984869],[-76.945198057962784,38.98574024771176],[-76.945140378935022,38.985740448811406],[-76.945138010077613,38.985726246843505],[-76.945152879890529,38.985726072976057],[-76.945152207052359,38.985691292491879],[-76.945152163933244,38.985689011964041],[-76.945151784844185,38.985669414504159],[-76.945151724657052,38.985666244387957],[-76.945151084158255,38.985633077562056],[-76.944766865728084,38.985637593932388],[-76.944729766205185,38.985638030347253],[-76.944730112954872,38.985656088842823],[-76.944730554027686,38.985678855025633],[-76.944730884607694,38.98569601205304],[-76.944731176560168,38.985711155983864],[-76.944731184645022,38.985711507210191],[-76.944731520614937,38.985728914207762],[-76.944746077814116,38.9857287424351],[-76.944748135854425,38.985835295176479],[-76.944749530938054,38.985907470974247],[-76.944720217113698,38.985907814518711],[-76.944691831249031,38.98590814968405],[-76.94465749584225,38.985908553278946],[-76.944657515605186,38.98590949453493],[-76.944657589267038,38.98592250174157],[-76.944657672810365,38.985937137988358],[-76.94465808962866,38.986009971443274],[-76.944658181256813,38.986025882694662],[-76.94465824773215,38.986037178445017],[-76.944693246993936,38.986037057646101],[-76.944718757351367,38.986036968268834],[-76.944751219770794,38.986036855848965],[-76.944752247443475,38.986216297928195]]]},"properties":{"BUILDINGID":"035","NAME":"McKeldin Library"}},{"type":"Feature","geometry":{"type":"Polygon","coordinates":[[[-76.94881679801567,38.991986119776776],[-76.94882491698921,38.991986712549554],[-76.948825594318919,38.991980594212578],[-76.948826361480187,38.991973669452577],[-76.948827814055988,38.99196056700611],[-76.948828824660694,38.991951427549033],[-76.948830282626403,38.991938248994423],[-76.948831202501239,38.991929943885552],[-76.94883263890739,38.991916976882095],[-76.948833329711832,38.991910737750203],[-76.948833670173343,38.991907662868918],[-76.94883400883819,38.99190460474437],[-76.948820632025303,38.991903603522758],[-76.948816674946485,38.991903306786945],[-76.948798864947648,38.991901972522946],[-76.948784323918147,38.991900883327801],[-76.948768130886833,38.991899671249158],[-76.948760090965052,38.991899069399025],[-76.94876119319791,38.991889934821401],[-76.948754728022791,38.99188947470622],[-76.948748162236384,38.991889006910789],[-76.94871693230553,38.991886783137033],[-76.94871667808232,38.99188854330459],[-76.948715604595549,38.991896016161505],[-76.948705417700211,38.991895259310461],[-76.94869277930249,38.991894323021519],[-76.948675843364441,38.991893066257788],[-76.948642969516612,38.991890626041481],[-76.948633700699517,38.991966505208829],[-76.948633224592413,38.991970401172317],[-76.948632946114685,38.991972673119328],[-76.948639086997943,38.991973122760967],[-76.948688241911995,38.991976716402931],[-76.948691751629809,38.99197697403919],[-76.948704902067249,38.991977935462288],[-76.948705387157503,38.991977971070533],[-76.948724672190011,38.991979380738861],[-76.948739163812178,38.991980441306524],[-76.948744483635295,38.991980830204575],[-76.948754336357339,38.99198155074825],[-76.948765488043279,38.991982366247214],[-76.948793998773752,38.991984451774144],[-76.94881679801567,38.991986119776776]]]},"properties":{"BUILDINGID":"156","NAME":"Arboretum Outreach Center"}},{"type":"Feature","geometry":{"type":"Polygon","coordinates":[[[-76.940431958188,38.992502656186581],[-76.940440009787878,38.992489325527877],[-76.940666134609515,38.99257247296579],[-76.940705909315355,38.992506596106878],[-76.940701174295498,38.992504856202345],[-76.940635059188892,38.992480545710173],[-76.940575280798299,38.992458563694989],[-76.940507616097861,38.992433682760193],[-76.940449146552652,38.99241218318457],[-76.940528043787424,38.992281512710669],[-76.940526238173689,38.992280849422336],[-76.94052308239209,38.992279690413213],[-76.940452712864328,38.992253814482666],[-76.940403073758347,38.992235562174606],[-76.940407907592899,38.992227555929645],[-76.940369432749279,38.992213406930041],[-76.94034507672697,38.992253750946567],[-76.940382615526062,38.992267555028157],[-76.940279613797273,38.992438154012007],[-76.940408195053777,38.992485435178573],[-76.940403550763762,38.992493125809652],[-76.940407645284822,38.992492574932918],[-76.940407779133807,38.992492569347355],[-76.940411800891326,38.992492556081615],[-76.940415869361246,38.992493063670231],[-76.94041590439555,38.992493069954001],[-76.940419800388923,38.992494087225801],[-76.940419840813135,38.992494098396918],[-76.940423479888338,38.992495603009587],[-76.94042351043106,38.992495620464524],[-76.940426803654887,38.992497580999235],[-76.94042956866933,38.992499872478831],[-76.940429657602536,38.992499952771389],[-76.940430869808523,38.992501251791282],[-76.940431958188,38.992502656186581]]]},"properties":{"BUILDINGID":"110","NAME":"Cattle Barn"}},{"type":"Feature","geometry":{"type":"Polygon","coordinates":[[[-76.937515633313652,38.992228579489058],[-76.937510869547694,38.992259880431142],[-76.937504147454433,38.992304064510435],[-76.937502799083191,38.992312925340968],[-76.937499392671626,38.992335308166894],[-76.937482393851496,38.992447030884286],[-76.937509884994142,38.992445068253602],[-76.93751684963253,38.992444570439396],[-76.937523809779378,38.992444073323398],[-76.937623140093592,38.992436981041564],[-76.937623773405861,38.992436934262365],[-76.937656068738647,38.992434629514982],[-76.937684115040128,38.992434540844009],[-76.937686460541343,38.992434534560232],[-76.937698135945084,38.992434498952171],[-76.937700633261571,38.992434491272029],[-76.937725201286284,38.992434413772187],[-76.937735728643091,38.992434380956951],[-76.93775274542952,38.992434327893974],[-76.937783914274931,38.992434230844609],[-76.937871363471217,38.992433959944314],[-76.937871876409247,38.992433957849691],[-76.937895664696285,38.992433883840832],[-76.937905147312406,38.992433853818383],[-76.937905107786534,38.992426282572509],[-76.937905090718559,38.992422580732907],[-76.937905014361746,38.9924078068859],[-76.937904682883413,38.992343000210703],[-76.937904533763088,38.992313652863253],[-76.937904062147553,38.992221445293715],[-76.937904016333491,38.992212553032715],[-76.937904002858744,38.992209808412724],[-76.937903983095808,38.992205962732768],[-76.937903964231182,38.992202233651831],[-76.937903619278117,38.992134798764781],[-76.937903587837084,38.992128456318497],[-76.937903575260677,38.992125983993148],[-76.937903164730585,38.992045758000124],[-76.937903098255248,38.992032792414307],[-76.93790309376368,38.992031842163144],[-76.937902697606646,38.991954300648146],[-76.937902694013374,38.991953564743774],[-76.937902384094599,38.991892752066839],[-76.937901981649347,38.991814080009057],[-76.937904328048873,38.991807134984896],[-76.9379054742992,38.991803743114964],[-76.937960904843777,38.991639684080901],[-76.937971116891944,38.991609462987512],[-76.937983908901586,38.991571601421619],[-76.93800314362845,38.991514677422934],[-76.937995285166352,38.991513059680081],[-76.937983307030336,38.991510595013473],[-76.937955694615141,38.991504914410413],[-76.937961135710822,38.991488811685748],[-76.937949364187332,38.991489651627653],[-76.9379241251211,38.991491453697442],[-76.937921638584413,38.991491631739976],[-76.937905433875002,38.991492788667401],[-76.937869258718493,38.991495372727847],[-76.937849847921839,38.991496758666749],[-76.937822683765958,38.991498698981175],[-76.937820241246698,38.991498873532663],[-76.937798138199142,38.991500451478096],[-76.937771619931951,38.991502346409057],[-76.937750914662971,38.991503823812785],[-76.937682870873459,38.991508682627597],[-76.937679206645413,38.991508945152979],[-76.937679038660463,38.991509572141844],[-76.937675383415566,38.991523258371849],[-76.937669295532899,38.991546054086918],[-76.937668426862018,38.991549307026247],[-76.937667413562366,38.991553101772915],[-76.937658985568362,38.991553702927774],[-76.937641150416738,38.991554977152639],[-76.937629594488897,38.991555802431463],[-76.937606710805355,38.991557435533856],[-76.937573430020706,38.991559812923207],[-76.937564048914197,38.991560483200352],[-76.93756392135343,38.991561061314393],[-76.93756363928243,38.991562334142699],[-76.937558368866661,38.991586223234435],[-76.937549799837157,38.991625050409652],[-76.937548323905133,38.99163173641773],[-76.937534098184315,38.991696203718881],[-76.937528133370833,38.991723233285981],[-76.937528165710177,38.991729798495541],[-76.937528228592242,38.991742120393191],[-76.937528440594647,38.991783650925598],[-76.937528505273335,38.99179638615],[-76.937528519646392,38.991799264841077],[-76.937529338011629,38.99195947222627],[-76.937529682066369,38.992027059488159],[-76.937529696439412,38.992029661682324],[-76.937529828491776,38.992055375014161],[-76.937529833881655,38.992056661797612],[-76.937529994680105,38.992088221149743],[-76.937530198597671,38.992128257331579],[-76.937530207580807,38.992129993056146],[-76.937530390837125,38.9921659182165],[-76.937530415091643,38.9921706289676],[-76.937543295136194,38.992170589170243],[-76.93755577632875,38.992170550769245],[-76.937555829329341,38.992180632068838],[-76.937555896702989,38.992194043776806],[-76.937555951500229,38.99220465500607],[-76.937555973059801,38.992208931474813],[-76.937556057501439,38.992225691738909],[-76.937526131924372,38.992227828925415],[-76.937515633313652,38.992228579489058]]]},"properties":{"BUILDINGID":"429","NAME":"A. James Clark Hall"}},{"type":"Feature","geometry":{"type":"Polygon","coordinates":[[[-76.94059884630316,38.987411548556231],[-76.940599343969822,38.987425783003587],[-76.940793220171074,38.987421647989812],[-76.940793708854599,38.987435598249014],[-76.940797592271565,38.987435515157742],[-76.940905702719391,38.987433208850973],[-76.94091110339086,38.987433093640398],[-76.940910618300606,38.987419198542149],[-76.941026442581773,38.987416725354031],[-76.941027162132329,38.98741671069083],[-76.941103723747361,38.987415076096376],[-76.941103504558413,38.987408788388599],[-76.941103387777446,38.987405470322059],[-76.94110143124675,38.987349626651998],[-76.941099648090912,38.98729867974702],[-76.941099172882133,38.987285138633894],[-76.941079917494008,38.987285549901685],[-76.941076402386301,38.987285624614181],[-76.94107551664743,38.987285644863341],[-76.941072230610104,38.987285715386335],[-76.941069886905538,38.987285763565453],[-76.941066112184714,38.98728584456213],[-76.941065885809252,38.987285848751632],[-76.941060057539715,38.987285973039718],[-76.941044375649781,38.98728630750027],[-76.941037170262888,38.987286461114721],[-76.941013123261058,38.987286974326643],[-76.940929170307854,38.987288766029756],[-76.940901184193507,38.98728936372958],[-76.940897101350544,38.98728945101054],[-76.940847119088119,38.987290517234442],[-76.940847029256602,38.987290520027436],[-76.940846780423271,38.987290524216938],[-76.940831279993034,38.987290855186224],[-76.940818864377505,38.987291119822018],[-76.940765940132536,38.987292249586403],[-76.940765128953828,38.987269034250943],[-76.940765002291386,38.98726545782619],[-76.940764809153578,38.98725997029711],[-76.940764756153001,38.987258414601023],[-76.940764630388855,38.987254846554691],[-76.940764232435171,38.98724349094929],[-76.940764119247461,38.98724025456999],[-76.940763902753474,38.987234113478756],[-76.940763648530236,38.987226852397065],[-76.94076049813853,38.987136883071088],[-76.940760088506764,38.987125208346924],[-76.94075925127693,38.987101285630089],[-76.940758369131316,38.987076088599679],[-76.940758337690283,38.987075219977193],[-76.940755495420717,38.986994077042418],[-76.940753370905071,38.986933419305537],[-76.940752622608443,38.986912069579652],[-76.940752307299775,38.986903060043701],[-76.940752241722763,38.98690117476513],[-76.940751852752257,38.986890065585754],[-76.940751488036241,38.986879693758262],[-76.940791082180695,38.986878848873907],[-76.940894541151991,38.986876641002475],[-76.940899647176053,38.986876532075257],[-76.940902879314436,38.986876462948331],[-76.940908777652595,38.986876337263048],[-76.940912356540679,38.986876260455382],[-76.940942438424599,38.986875619460463],[-76.940946767405961,38.986875526592996],[-76.940951426069034,38.986875427441255],[-76.940968989929459,38.986875052480158],[-76.941060009928989,38.986873110642499],[-76.941060610901928,38.986873098073964],[-76.941064128704568,38.986873023361028],[-76.941083585315312,38.986872608599583],[-76.941083044529506,38.986857173047994],[-76.941079444980176,38.986754474803625],[-76.941079224892917,38.986748184942421],[-76.941079112603504,38.986744957617759],[-76.940885116028014,38.986749096162342],[-76.940884574343897,38.986733561431883],[-76.940880941556884,38.986733637541441],[-76.940871063682025,38.986733847715612],[-76.940784700548917,38.986735690405155],[-76.940775165830487,38.986735893596766],[-76.940771939980323,38.986735963422049],[-76.940772458308246,38.986750752418004],[-76.940745856497728,38.986751320097561],[-76.94074245367942,38.986751393414103],[-76.940577863454763,38.986754903530844],[-76.940580269143098,38.986823566881306],[-76.940582028044403,38.986873778171031],[-76.940563075388539,38.986874183855214],[-76.940566928262797,38.986984164679015],[-76.940567646915028,38.987004622717507],[-76.940568469771833,38.987028146766242],[-76.940536434052177,38.987028831749548],[-76.940533654664662,38.987028889704298],[-76.940537975561185,38.987152160757482],[-76.940540144992596,38.987152115371316],[-76.940572961348252,38.987151412932995],[-76.940577664028751,38.98728565673359],[-76.940577903878946,38.987292514920462],[-76.940578278476423,38.987303212070728],[-76.94057842580014,38.987307414123208],[-76.940595185668371,38.987307053129328],[-76.940596940976434,38.987357178191736],[-76.94059884630316,38.987411548556231]]]},"properties":{"BUILDINGID":"076","NAME":"Symons Hall"}},{"type":"Feature","geometry":{"type":"Polygon","coordinates":[[[-76.943157456641487,38.987394090302196],[-76.943345443487729,38.987390962158003],[-76.943349357447417,38.987390898617534],[-76.943364771639381,38.987390640964584],[-76.943364503941424,38.98738085364284],[-76.943364499449842,38.9873807091058],[-76.943364405126744,38.987377267448274],[-76.943362547410729,38.987309231660959],[-76.943360271079811,38.987225864375965],[-76.943368607445635,38.987225724726365],[-76.943368530190526,38.987222950586506],[-76.943368456528674,38.987220175748313],[-76.943367879810253,38.987199132639951],[-76.943367727096671,38.987193503361297],[-76.943367635468519,38.987190174810912],[-76.943361997641773,38.986983645180636],[-76.943361907810257,38.98698036898918],[-76.943360925053327,38.986944374164693],[-76.943351169349356,38.986944400698214],[-76.943351356198932,38.986922564294602],[-76.943351414589429,38.986915786370787],[-76.943351419979308,38.986915412806376],[-76.943390591915588,38.986915123032176],[-76.943392243917401,38.986974600042977],[-76.943392309494413,38.986976915441886],[-76.943400977338598,38.986976768111013],[-76.94340993803354,38.986976615892416],[-76.943439681252613,38.986976113850226],[-76.94346766736696,38.986975638341598],[-76.943478298928355,38.986975458891173],[-76.943683089660311,38.986971994171704],[-76.943704092271659,38.986971638063899],[-76.943704482140475,38.986971631081374],[-76.943777044455871,38.986970403556747],[-76.943777409171872,38.986970397272479],[-76.943789725074424,38.986970188495548],[-76.94380230148839,38.986969976925607],[-76.943803931930645,38.987028636239494],[-76.943862229897647,38.987027648913944],[-76.943873305226774,38.98702746248113],[-76.943873540585386,38.987035939236556],[-76.944081539201221,38.987032418660029],[-76.944084705762592,38.987032364894759],[-76.944084524302895,38.987025820895184],[-76.944084420098321,38.987022008449607],[-76.94408296662418,38.986969762562673],[-76.944082892962342,38.986967128761194],[-76.944079991403967,38.986862745096786],[-76.944079536856435,38.986846411591095],[-76.944079536856435,38.986846364110001],[-76.944079534161489,38.986846315930592],[-76.944078717592902,38.986816882513779],[-76.944077488697587,38.986772642640084],[-76.944034466582011,38.986773370917525],[-76.944034091086209,38.98675989813264],[-76.944008703797962,38.986760327558095],[-76.943995844414687,38.986760544714677],[-76.943986902584356,38.986760696235528],[-76.943982702062073,38.98676076815552],[-76.943981896273257,38.98676078142234],[-76.943975334978418,38.986760892444529],[-76.943956646427253,38.986761208753002],[-76.943951423622195,38.986761298129345],[-76.943950965481392,38.986761305111891],[-76.943948409774421,38.986761349101776],[-76.943941593358048,38.98676146501176],[-76.943935960022898,38.986761559275855],[-76.943930996830957,38.986761642367931],[-76.94391248884115,38.986761957279867],[-76.943912677487361,38.98676883297383],[-76.943912900269552,38.98677690198074],[-76.943868621410886,38.986777651903971],[-76.943868868447595,38.986786474324241],[-76.943826540729717,38.986787192826],[-76.943826267641882,38.986777399136542],[-76.943724250466616,38.986779124518513],[-76.943683766091709,38.986779809504284],[-76.943671013607954,38.986780025264281],[-76.943478451641951,38.986783284706974],[-76.943391630368069,38.986784756623187],[-76.943391877404764,38.986793544828195],[-76.943349590111083,38.986794260536882],[-76.943349375413732,38.986786525994916],[-76.943345440792768,38.986786592328919],[-76.943304165900429,38.986787288486589],[-76.943304020373347,38.98678206067035],[-76.943303838913664,38.986775449615401],[-76.94330042531557,38.98677550757035],[-76.943296534712076,38.986775571111373],[-76.943262829024306,38.986776133204671],[-76.943257536150654,38.986776221184478],[-76.943216895468893,38.986776899187731],[-76.943211641222803,38.986776985771009],[-76.943179816607227,38.986777517141192],[-76.943179940574723,38.986782059273871],[-76.943180042084364,38.986785766994494],[-76.943179333313608,38.986785779563043],[-76.943139013330381,38.986786450583672],[-76.943139484047592,38.986803592679287],[-76.943139495725688,38.986804161056639],[-76.94314178912461,38.986888118162511],[-76.943141806192614,38.986888740304515],[-76.943143532754576,38.986951956470755],[-76.943135655427838,38.98695208704364],[-76.943137685620385,38.987026408821777],[-76.94313768651871,38.987026450716755],[-76.943137687417035,38.987026491215275],[-76.943137713468161,38.987027431758129],[-76.943121881559605,38.987027694998446],[-76.943121515945279,38.987027701282699],[-76.943109934864637,38.987027895396167],[-76.943109983373674,38.987029715035838],[-76.943110004034907,38.98703048380915],[-76.943110045357415,38.987031955720227],[-76.943113401463322,38.987154899289401],[-76.943113428412786,38.987155849606047],[-76.943113462548752,38.987157139969831],[-76.943113478718431,38.987157711137328],[-76.943113509261153,38.987158836016128],[-76.943139935001881,38.987158396817641],[-76.9431400131553,38.9871612407849],[-76.943140112868292,38.987164876566084],[-76.943141982262404,38.987233415230705],[-76.943153067473006,38.987233231591482],[-76.943157456641487,38.987394090302196]]]},"properties":{"BUILDINGID":"073","NAME":"H.J. Patterson Hall"}},{"type":"Feature","geometry":{"type":"Polygon","coordinates":[[[-76.942381522441778,38.979427744848067],[-76.942443121717446,38.979455635944362],[-76.942559270290417,38.979299350691043],[-76.942465807771626,38.979258546076913],[-76.942450799618172,38.979278741682286],[-76.94244316393825,38.979289014064399],[-76.942440658536938,38.979292384885845],[-76.942432290730054,38.979303645397621],[-76.942425574026686,38.979312678945504],[-76.942422693129558,38.979316556750639],[-76.942422573653644,38.979316715968984],[-76.942420334153624,38.979319730642814],[-76.942419355888291,38.979321045590829],[-76.942416234242671,38.979325246720428],[-76.942404189631333,38.979341452771116],[-76.94235049822511,38.979413696641949],[-76.942371581684853,38.979423242746392],[-76.942372795308785,38.979423793026562],[-76.942381522441778,38.979427744848067]]]},"properties":{"BUILDINGID":"260","NAME":"Graduate Gardens Apartment 4301"}},{"type":"Feature","geometry":{"type":"Polygon","coordinates":[[[-76.954059746001164,38.986433932765728],[-76.954058732701512,38.986464231480525],[-76.954186914207725,38.98646684924087],[-76.95418779006512,38.986440793828187],[-76.954188057763076,38.98643278203992],[-76.954145922284681,38.98643191969385],[-76.954155775905036,38.986138229140892],[-76.954156956291314,38.986103036188076],[-76.954334510103862,38.986106665739264],[-76.954334311576176,38.986112966829594],[-76.954333349480493,38.986141664574383],[-76.954332973086409,38.986152921902061],[-76.954330338327665,38.986231380999328],[-76.954329719388426,38.986249858298166],[-76.95432968435415,38.986250926632536],[-76.95432936724886,38.986260314707152],[-76.954328049420326,38.986299590292148],[-76.954315884434749,38.986299342410788],[-76.95431200371273,38.986414953468781],[-76.954311405434737,38.986432801591107],[-76.954373815889099,38.986434075908171],[-76.954376290747703,38.986434126880873],[-76.954388665939078,38.986434379649538],[-76.954390493112342,38.986434415958833],[-76.954412503633449,38.986434866333887],[-76.954414508673167,38.986434907530999],[-76.954422111115406,38.986435062543784],[-76.95442724947884,38.986435167980446],[-76.954430628940926,38.986435237107813],[-76.95443320081759,38.986435290175223],[-76.954440914650931,38.986435447282808],[-76.954454984064924,38.986435733567738],[-76.954458745311015,38.986435811074159],[-76.954460247294165,38.986435842495688],[-76.954462399657587,38.986435887184044],[-76.954465117959643,38.986435943044526],[-76.954468740865167,38.986436017757924],[-76.954484183803231,38.98643633267131],[-76.954487837251477,38.986436405988172],[-76.954497740279166,38.986436609180643],[-76.95450419557281,38.98643674115101],[-76.954544358350844,38.986437561601683],[-76.954554401515736,38.98643776619069],[-76.954561891668561,38.986437919108717],[-76.954567380374954,38.986438032226161],[-76.954583273368954,38.986438357613402],[-76.9545834458455,38.986433247078388],[-76.954584517535622,38.986401280216171],[-76.95458636357354,38.986346245033502],[-76.954587735300976,38.986305341836896],[-76.954498166978937,38.986303511704783],[-76.954502797794234,38.986165530358285],[-76.954503366427815,38.986148584318855],[-76.954510951802078,38.986148739332322],[-76.954539640398977,38.986149326567926],[-76.954569017105399,38.9861499270704],[-76.954584148328053,38.986150235700784],[-76.954585081677635,38.986122419162363],[-76.954586102163773,38.986092022544916],[-76.954586478557886,38.986080867851712],[-76.954588005693893,38.986035302919092],[-76.954588372206516,38.986024346522747],[-76.954588919280511,38.986008046340096],[-76.954580228978458,38.986007868283764],[-76.954560332193239,38.986007461198135],[-76.954543246236511,38.986007112068037],[-76.9545082388899,38.986006397747943],[-76.954508891965119,38.985986928157587],[-76.954509810043334,38.985959582880881],[-76.954513438338765,38.985851454349998],[-76.954602887184862,38.985853284493857],[-76.954607349116884,38.985720237592624],[-76.954549055641465,38.985719044959509],[-76.954529871220274,38.985718654630503],[-76.954417876457157,38.985716364327864],[-76.954349404171268,38.985714965707047],[-76.954343990025038,38.985714855381488],[-76.954336127969668,38.985714694780981],[-76.954335402130923,38.985736154495228],[-76.954334798463051,38.985754098450748],[-76.954201527102455,38.985751374528135],[-76.954204145691506,38.985673394605833],[-76.953924360006383,38.985667675129832],[-76.95392226783008,38.985667632535765],[-76.953920344537039,38.9856675941313],[-76.953890917524973,38.985666992228126],[-76.953888431886583,38.985666941953184],[-76.953876635210264,38.985666700353988],[-76.953875183532759,38.985666671026941],[-76.953800746433387,38.985665148812487],[-76.953801252184903,38.985650048862396],[-76.953777863648156,38.98564956915525],[-76.953777368676427,38.985664347205983],[-76.953721580602334,38.985663209734689],[-76.953715976911596,38.985663093124678],[-76.953715262750961,38.985663078461151],[-76.953713827243121,38.985663049832333],[-76.953713639495234,38.98566862965604],[-76.953713053793663,38.985686100904367],[-76.953639052377198,38.985684589862529],[-76.953625311746606,38.985684307764153],[-76.953593411672557,38.985683656982751],[-76.953583671239926,38.985683457977714],[-76.953584616267605,38.985655385691388],[-76.953578542757967,38.985655262098724],[-76.953573480751345,38.985655157359169],[-76.953543627937819,38.98565454637852],[-76.953520633761485,38.985654077145384],[-76.953509140715738,38.985653842528784],[-76.953486123183225,38.985653371200826],[-76.953473439869725,38.985653112145052],[-76.953470100831822,38.985653043016924],[-76.953459442320977,38.98565282585696],[-76.953436410415392,38.98565235452898],[-76.953394835485724,38.985651504742151],[-76.953371819749833,38.98565103411245],[-76.953334033914032,38.985650261134552],[-76.953330691282886,38.985650192704746],[-76.953244176334479,38.985648424002854],[-76.953238855613051,38.985807058858796],[-76.953238774764685,38.985809396640299],[-76.953246038542062,38.985809553051006],[-76.953296721490389,38.985810633262474],[-76.953297442837581,38.985810650020738],[-76.953307160812329,38.985810857404594],[-76.953336856420677,38.985811506090073],[-76.953360419230563,38.985812014424816],[-76.953359138232983,38.98584827656105],[-76.953357296686647,38.985900432501779],[-76.953357170922501,38.985903944755478],[-76.953357096362325,38.985906019289345],[-76.953355509039213,38.985950911181867],[-76.953355414716128,38.985953582028976],[-76.953355032932123,38.985964361776325],[-76.953335128960376,38.98596393304436],[-76.953307394374292,38.985935134677966],[-76.953308845153472,38.985897473969011],[-76.953305708236499,38.985894875040714],[-76.953275748523467,38.985870042771637],[-76.953261574904914,38.985869702020032],[-76.953241671831478,38.985869241167457],[-76.953227495517979,38.985868912286278],[-76.95319234893249,38.985894741672801],[-76.953190899051634,38.985932403081478],[-76.953223993885004,38.985959832159921],[-76.953223933697871,38.985961539407107],[-76.953190254061241,38.985960814612625],[-76.953189356644273,38.985986183812052],[-76.953186220625625,38.986074928456873],[-76.953229041518583,38.986075849461145],[-76.953228874431929,38.98608053268719],[-76.953184503945096,38.986113304088768],[-76.953182818705628,38.986160962350567],[-76.953224807758644,38.986195591081923],[-76.9532858716384,38.986196906600526],[-76.953295815988596,38.986189561621423],[-76.953326801577688,38.986166677597133],[-76.953330243921855,38.986164135935908],[-76.953330278956159,38.986163088548025],[-76.953330379567461,38.986160232670279],[-76.953330481077089,38.986157378188956],[-76.953330583485041,38.986154524405727],[-76.953331091033164,38.986140114439777],[-76.953331188949534,38.986137370282542],[-76.953331926466376,38.986116476977976],[-76.953289939209995,38.986081848207917],[-76.953290103601702,38.986077164981957],[-76.953350999496493,38.986078476313175],[-76.953350783900845,38.986084554661289],[-76.953348903726948,38.986137751531878],[-76.953348807607213,38.986140497085643],[-76.953348298262441,38.986154905654978],[-76.953347530202862,38.986176693417306],[-76.953347489778679,38.986177740804983],[-76.953346860059668,38.986195581306298],[-76.953346666023577,38.986201071710973],[-76.953346648057277,38.986201558396928],[-76.953344604389997,38.986259394403596],[-76.953321183513893,38.986258890959789],[-76.953319203627018,38.986258848366077],[-76.953311430504854,38.986258680784267],[-76.953291799620956,38.98625825833836],[-76.953282696093865,38.986258062127959],[-76.953222632039029,38.986256769653032],[-76.953222591614832,38.986257956691034],[-76.953222555682231,38.986259054352089],[-76.953220542557673,38.986318994160328],[-76.953217183756834,38.98641899916457],[-76.953245676521021,38.986419584303185],[-76.953251879388034,38.986419709989271],[-76.953261718635346,38.986419912483527],[-76.95329054916607,38.986420503208166],[-76.953313615207634,38.986420975927516],[-76.953322632496466,38.986421160965371],[-76.953336760300928,38.986421526153286],[-76.953346679498296,38.986421781715002],[-76.953359512830446,38.986422112688352],[-76.953360250347302,38.986422131541275],[-76.953375286348518,38.986422518375122],[-76.953393497894268,38.986422988301435],[-76.953408694693934,38.98642329972364],[-76.953417541302855,38.986423481270215],[-76.953553042281996,38.986426252648336],[-76.953559879359631,38.986222546639453],[-76.953561347206815,38.986178830088186],[-76.953562567118965,38.986142406823475],[-76.953563324398729,38.986119956402803],[-76.953563875065996,38.986103471203521],[-76.953564332308488,38.986089855846274],[-76.953617598811576,38.986090944432554],[-76.953633221412687,38.98609126423532],[-76.95364593437057,38.986091523289538],[-76.953683576475939,38.986092292771261],[-76.953745308702253,38.986093555224052],[-76.953744296300925,38.986123729096199],[-76.953743543512729,38.986146180213943],[-76.953742224785884,38.98618541675981],[-76.953741843001893,38.986196799767015],[-76.9537369184375,38.986343545572659],[-76.953735982392971,38.98637145000454],[-76.953734301645085,38.986421528248037],[-76.953692403321924,38.986420673582614],[-76.953692077233455,38.986430418443518],[-76.953692043097476,38.986431409268747],[-76.953691358581239,38.986451801132716],[-76.953691147477144,38.986458123140025],[-76.953819635308861,38.98646074997788],[-76.953820698015846,38.986429046370567],[-76.954059746001164,38.986433932765728]],[[-76.954344594591234,38.985867117754204],[-76.954344147230216,38.985880428712328],[-76.954342335328292,38.985934323298856],[-76.954341914916739,38.985946830546261],[-76.954341590624921,38.985956495870688],[-76.954340281779551,38.98599546229493],[-76.954290588774668,38.985994446326274],[-76.954282410512306,38.985994279442053],[-76.954273483055019,38.985994095799612],[-76.954257145394948,38.985993760634678],[-76.95419231937079,38.985992434638391],[-76.954193585995341,38.985954709719941],[-76.954193798896043,38.985948371607662],[-76.954194018084991,38.985941868705282],[-76.954194968502549,38.985913560509211],[-76.954196252195089,38.985875369110104],[-76.95419667081002,38.985862892573614],[-76.954197974265497,38.985824095055747],[-76.954300254647123,38.985826180764178],[-76.954305524164582,38.985826288296522],[-76.954324307038846,38.985826670944029],[-76.954334632274723,38.985826880422614],[-76.954334006148969,38.985845621071725],[-76.954345306955247,38.985845852894641],[-76.954344594591234,38.985867117754204]],[[-76.953712323463336,38.985861465326956],[-76.953711939882709,38.985873840615774],[-76.953711932696194,38.985874038922056],[-76.953711493420016,38.985888238067275],[-76.953708708642637,38.985978195014958],[-76.953705563640824,38.985978137757627],[-76.953664006677471,38.985977381541574],[-76.953642673486101,38.985976993308753],[-76.953633372329648,38.985976823631511],[-76.953621290887384,38.985976602981168],[-76.953565483948694,38.985975584917476],[-76.953566474790435,38.98594316607381],[-76.953566905083463,38.985929087040496],[-76.953568671171311,38.985871235402257],[-76.95356885532594,38.985865205215852],[-76.953569025107527,38.985859651941617],[-76.953569391620164,38.985847622289832],[-76.953570231544973,38.985820138703488],[-76.953581594334977,38.9858204124222],[-76.953581843168308,38.985806403190658],[-76.953581861134609,38.985805359987026],[-76.953713979956717,38.985807971487368],[-76.953712323463336,38.985861465326956]]]},"properties":{"BUILDINGID":"345","NAME":"College Park Marriott Hotel & Conference Center"}},{"type":"Feature","geometry":{"type":"Polygon","coordinates":[[[-76.951358762571772,38.987671271259742],[-76.951365423579603,38.987671278940404],[-76.951365773024264,38.987479786736415],[-76.951362136643965,38.987479782546984],[-76.951359701311233,38.987479779753997],[-76.951231409312271,38.987479637311878],[-76.951231059867609,38.987671128119743],[-76.951237290582441,38.987671155351251],[-76.951332965651758,38.987671242631734],[-76.951340396515789,38.987671251010646],[-76.951357614524838,38.987671269164977],[-76.951358762571772,38.987671271259742]]]},"properties":{"BUILDINGID":"388","NAME":"Kehoe Track at Ludwig Field"}},{"type":"Feature","geometry":{"type":"Polygon","coordinates":[[[-76.94123004843587,38.986786623052026],[-76.941229955011067,38.986899769883458],[-76.94122451122044,38.986899767090456],[-76.941217653481573,38.98689976359919],[-76.941221367116952,38.987003451053482],[-76.941221519830563,38.987007689432751],[-76.941223892281229,38.987073994549093],[-76.941224735799267,38.987097575132992],[-76.941228833913598,38.987212011830223],[-76.941234441197608,38.987368579164986],[-76.941236638476795,38.987429916620655],[-76.941308101254265,38.987428463570502],[-76.941477018663676,38.987425028199517],[-76.941477024951865,38.987416807747088],[-76.941477039324923,38.987399287350399],[-76.941511114220276,38.987398845360438],[-76.94157788060545,38.987397977440118],[-76.941577804248652,38.987415545317894],[-76.941583408837701,38.987415464321309],[-76.94158591873061,38.987415427314254],[-76.941586302311251,38.987415421728294],[-76.941592899538676,38.987415325370293],[-76.941658976916045,38.98741435969572],[-76.941729744397492,38.987413326291282],[-76.94177454877061,38.987412267051646],[-76.941780641144859,38.987412123212927],[-76.94205149757606,38.98740572588023],[-76.942082958373945,38.987404982247874],[-76.942186164918638,38.98740254536807],[-76.942244419766482,38.987401169124404],[-76.942252562096229,38.987400976408424],[-76.942249134125106,38.987335043764034],[-76.942248787375391,38.987328380392199],[-76.942248767612455,38.987327993563305],[-76.942239287691265,38.987145690783372],[-76.94223624419908,38.987087150967135],[-76.94223607621413,38.98708389223674],[-76.942235814804377,38.98707886972776],[-76.942235639632912,38.987075531396485],[-76.94223556417441,38.98707406786535],[-76.9422354402069,38.987071704290365],[-76.942177430599116,38.987071675662108],[-76.942167376654453,38.987071670774327],[-76.942157884156856,38.987071665886603],[-76.942156988536524,38.987054488943393],[-76.942156666939638,38.987048335965802],[-76.942154031282584,38.986997836422503],[-76.942165415632189,38.986997658368658],[-76.942176302315104,38.986997487995552],[-76.942192562720066,38.986997234530691],[-76.942198231987831,38.986997146551168],[-76.942236948478254,38.986996543262819],[-76.942238660667186,38.986996506953808],[-76.942245145605241,38.986996364510716],[-76.942245060265279,38.986992660990587],[-76.94224091543856,38.986812209111932],[-76.942240888489096,38.986811024876218],[-76.942240829200287,38.986808397353116],[-76.942240795962618,38.986806969427249],[-76.942240624384425,38.986799514187581],[-76.942240429449996,38.986791036007375],[-76.942240369262862,38.986788402199252],[-76.942240325245422,38.986786484099781],[-76.942240241702109,38.98678285109218],[-76.942239939868159,38.986769719056412],[-76.942239453879594,38.986748550128645],[-76.942239381116053,38.98674541078384],[-76.942204675603378,38.986745910034649],[-76.942162594922195,38.986746515419874],[-76.942124551269927,38.986747062850114],[-76.942113733757267,38.986747217862209],[-76.942084212422074,38.986747643098212],[-76.942079860084533,38.986747705940985],[-76.942062852281268,38.986747951027724],[-76.942062859467782,38.986739677429419],[-76.942062863061054,38.9867344370411],[-76.942062866654297,38.986730146276493],[-76.942062872044204,38.986723543595765],[-76.94206287473915,38.986720063502354],[-76.941992473770341,38.986721104597706],[-76.941984847073556,38.986721217714702],[-76.94198481922578,38.98670580656897],[-76.941977011069341,38.986705976244522],[-76.941976430757677,38.986705989511293],[-76.941856451768302,38.986708613546988],[-76.941855870558328,38.986708626813765],[-76.941840943253254,38.986708953596285],[-76.941836732849509,38.986709045765714],[-76.941837243990904,38.986723292224625],[-76.941775566561816,38.98672505391712],[-76.941773261484798,38.986725120251187],[-76.941730759493751,38.9867263345132],[-76.941731294889678,38.986735130406274],[-76.941731304771139,38.986735272151627],[-76.941731546417941,38.986739267554938],[-76.941731557197727,38.986739429549651],[-76.941732515700153,38.986755198891714],[-76.941716377466051,38.986755377644421],[-76.941569794869594,38.986757000383825],[-76.941570013160188,38.986764666500299],[-76.941570162280527,38.986769971823875],[-76.941570312299177,38.986775284827807],[-76.941570518013378,38.986782545955819],[-76.941570641082578,38.986786908637278],[-76.941572002030227,38.986835021705815],[-76.941572009216756,38.986835312876927],[-76.941572725174026,38.986860635678347],[-76.941573173433369,38.986876508334667],[-76.941575223388838,38.986948943518392],[-76.941575941142759,38.986974394757304],[-76.941576917611471,38.987008932318247],[-76.941577032595831,38.987012996832853],[-76.941602922042307,38.987012550650959],[-76.941668013069489,38.987011427864623],[-76.941675999990665,38.987011291007555],[-76.941678109234957,38.987070498413203],[-76.941678346390191,38.987077149939083],[-76.941678611393201,38.987084582805494],[-76.941604731249299,38.9870854053434],[-76.941482843339969,38.987086763438711],[-76.941482878374273,38.987023020912254],[-76.94148289813721,38.986986078583598],[-76.941482908916981,38.986969154386358],[-76.94148294215465,38.986907663614382],[-76.941482944849582,38.98690163072326],[-76.941462468651025,38.986901620947734],[-76.941460941515032,38.986901620249476],[-76.941444909282154,38.986901611870465],[-76.941436526203915,38.986901607680949],[-76.941436620527014,38.986786727091634],[-76.941426976214117,38.986786722203846],[-76.941423184425318,38.986786720109102],[-76.941416985151548,38.9867867173161],[-76.941415608932516,38.986786716617829],[-76.941266008894999,38.986786641206592],[-76.941257571019534,38.986786637017055],[-76.941249326281863,38.986786632827531],[-76.941244745772224,38.98678663073278],[-76.94123004843587,38.986786623052026]]]},"properties":{"BUILDINGID":"226","NAME":"Edward St. John Learning & Teaching Center"}},{"type":"Feature","geometry":{"type":"Polygon","coordinates":[[[-76.943898644005998,38.988272805672509],[-76.943900057055941,38.988326930252384],[-76.943946226868277,38.988360948363379],[-76.943998599547655,38.988360072076034],[-76.944008695713137,38.988359901706254],[-76.944012438094603,38.988356798741229],[-76.944053153336554,38.988323008253595],[-76.944053280897322,38.988322992194185],[-76.944053267422575,38.988322951696411],[-76.944052952113921,38.988316975483109],[-76.944052836231265,38.988314774638972],[-76.944050954260717,38.988279086321135],[-76.944050918328116,38.988278398556986],[-76.944050674884679,38.98827405831107],[-76.944043102086823,38.988268242688406],[-76.94401399756994,38.988245889997017],[-76.94400838130278,38.988241575583949],[-76.944005864223371,38.988239642162618],[-76.943998087507936,38.988239910984262],[-76.943996484913484,38.988211394235698],[-76.943996443590962,38.988210089926341],[-76.943996355556067,38.988207368192988],[-76.944056018063989,38.988205617010919],[-76.944054535843762,38.988157228371357],[-76.944078094162109,38.988137201479475],[-76.94407493029567,38.988012070632877],[-76.944073597195782,38.987959349974659],[-76.943927483519872,38.987963507300748],[-76.943930240449475,38.988011958914456],[-76.943930244042747,38.988012014773687],[-76.943923558780412,38.988012115320281],[-76.943901479987346,38.988012497955985],[-76.943901385664248,38.98800919527902],[-76.943880794481302,38.988009538813287],[-76.943874860210542,38.988009637265186],[-76.94385205468042,38.988010019202683],[-76.943837571143078,38.988010261492086],[-76.943796213605708,38.98801095344831],[-76.943792083152047,38.988011022574085],[-76.943735905209124,38.988011962405658],[-76.943730889016564,38.988012045496269],[-76.943704139882371,38.988012493766576],[-76.943704170425079,38.98801363329482],[-76.943704236002091,38.988016012199644],[-76.943705596949755,38.98806553836851],[-76.94370900964951,38.988189747445581],[-76.943709322263231,38.988201092425633],[-76.943709720216901,38.988215630447897],[-76.943774347713386,38.988214758348199],[-76.943834929197834,38.988213938616362],[-76.943897405229222,38.988213094446138],[-76.943942895016889,38.988213229206131],[-76.943950516323767,38.988212986219231],[-76.943951077770819,38.988239510195612],[-76.943940920519893,38.988239794378501],[-76.943898644005998,38.988272805672509]]]},"properties":{"BUILDINGID":"232","NAME":"Nyumburu Cultural Center"}},{"type":"Feature","geometry":{"type":"Polygon","coordinates":[[[-76.941291923494319,38.979078186216583],[-76.941320610294596,38.979091423730019],[-76.941397356962582,38.979126835253474],[-76.941444599363393,38.979064453585686],[-76.941451565798417,38.979055255200571],[-76.941441199240018,38.979050470950405],[-76.941395933132867,38.97902958393432],[-76.941388218401215,38.979026024551516],[-76.941387859973403,38.979025859745846],[-76.941362900283224,38.979014342204799],[-76.941335702889688,38.97900179253125],[-76.941305126034052,38.978987683485975],[-76.941280057647745,38.978976117055616],[-76.941260501323995,38.978967093939751],[-76.941257067064669,38.978965508731612],[-76.941245821055617,38.978960319444205],[-76.941229744805312,38.978981547963834],[-76.94119160952485,38.979031898894789],[-76.941291923494319,38.979078186216583]]]},"properties":{"BUILDINGID":"266","NAME":"Graduate Gardens Apartment 4312"}},{"type":"Feature","geometry":{"type":"Polygon","coordinates":[[[-76.939557868670448,38.977918276853075],[-76.939654724126072,38.977962039707315],[-76.939689567081004,38.97791504284082],[-76.939684156528045,38.97791272505048],[-76.939701182297625,38.977887596678691],[-76.93953914867825,38.97781438055685],[-76.93948120015591,38.977883636391198],[-76.939515128625871,38.977898964958278],[-76.939546327115693,38.977913060952019],[-76.939557868670448,38.977918276853075]]]},"properties":{"BUILDINGID":"284","NAME":"Graduate Gardens Apartment 4333"}},{"type":"Feature","geometry":{"type":"Polygon","coordinates":[[[-76.955184556212799,38.986496842804016],[-76.955186616948069,38.986497077417809],[-76.955186956511241,38.986495268238308],[-76.955205921743513,38.98639422852591],[-76.95521156136688,38.986364179756976],[-76.955239498972205,38.986215339219846],[-76.955239609464996,38.986214747097002],[-76.955239757687025,38.986213955272348],[-76.955240842851879,38.986208185565417],[-76.955240884174387,38.986207955838495],[-76.955264198150957,38.986083743982164],[-76.955264340084767,38.986082987068968],[-76.955265260857942,38.986078082494842],[-76.955265498013176,38.986076818645238],[-76.955265614794158,38.986076197194308],[-76.955266208580554,38.986073040363273],[-76.955281595823052,38.985991049988257],[-76.955281980302004,38.985989002689024],[-76.955282088998146,38.985988425925967],[-76.955282097082986,38.985988379840791],[-76.95528210606615,38.985988333057385],[-76.955282550732207,38.985985963860067],[-76.955285629258682,38.985969563119077],[-76.955286096382636,38.985967072423769],[-76.955286563506576,38.985964581728432],[-76.955287030630529,38.985962092429496],[-76.95528749865278,38.985959601733924],[-76.955287966675058,38.985957111038317],[-76.955288433798998,38.985954620342568],[-76.955290527771922,38.985943462136397],[-76.95529077301201,38.98594216197484],[-76.955293193971698,38.985929265795299],[-76.955293494907309,38.985927659096944],[-76.955299979845364,38.98589310983624],[-76.955302197785784,38.985881292461663],[-76.95531392888509,38.985818793850868],[-76.955318092576405,38.985796608667229],[-76.955318309968703,38.985795446060621],[-76.955318556107102,38.985794138913754],[-76.955316576220213,38.985793915469799],[-76.955316527711204,38.985793910581975],[-76.955316481897128,38.985793904995894],[-76.955315359003023,38.985793777213871],[-76.955269910537851,38.985788640796599],[-76.955268089652762,38.985788435507494],[-76.955265838474659,38.985788180641762],[-76.955266392735197,38.985785232578259],[-76.955237549628052,38.985781938176515],[-76.955221613514922,38.985780116410012],[-76.955220629859667,38.985780003989795],[-76.955173602156236,38.985774630860561],[-76.955127084695889,38.98576931638496],[-76.955126404671205,38.985772950142866],[-76.955124373580333,38.985772716923208],[-76.955105494586348,38.985770559292206],[-76.955078497517107,38.985767473670265],[-76.95507830887091,38.98576745202412],[-76.955077649507473,38.985767378008298],[-76.955077513861866,38.985767361948248],[-76.955078073512283,38.985764380367286],[-76.955078177716857,38.985763828739898],[-76.955056353147043,38.985761335244312],[-76.95498427143032,38.985753102029946],[-76.954980688948964,38.985752693546303],[-76.954965961069888,38.985751010035038],[-76.954963116105375,38.98575068464465],[-76.954960628670349,38.985750401848264],[-76.954938102516309,38.985747828051984],[-76.954937471898972,38.985751190885068],[-76.954887828301423,38.985745520293733],[-76.954886928189509,38.985750319453224],[-76.954883970037272,38.985766100886188],[-76.954850069415073,38.985762230416924],[-76.95484105212627,38.985810152159871],[-76.954839324665969,38.985819332210873],[-76.954835770032375,38.985838170618692],[-76.954869902419929,38.985842061333358],[-76.95485768982364,38.985907173514974],[-76.954906919297841,38.985912800102938],[-76.954906503377842,38.985915011495685],[-76.954915622176301,38.985916054697711],[-76.955048338378063,38.985931214641475],[-76.955048854011039,38.985928479553522],[-76.95508152753456,38.985932212456255],[-76.955078239700626,38.985949731121281],[-76.955078087885326,38.985949715061274],[-76.955073866701809,38.985949220692703],[-76.955053645624758,38.98605389827501],[-76.955052502967717,38.986059817422053],[-76.955024056017621,38.986056567721683],[-76.955013394811829,38.986055351353372],[-76.954987440686651,38.986052386542795],[-76.954983046128262,38.986075818737724],[-76.954975538009137,38.986115855527402],[-76.954967931973613,38.986156410402458],[-76.954964274033784,38.986175912764331],[-76.954972162140294,38.986176798156066],[-76.954990411415295,38.986178844751599],[-76.954999037936958,38.98617981323607],[-76.955030127730623,38.986183302433346],[-76.955029044362391,38.986188970894858],[-76.955009030796177,38.986293648820904],[-76.955016066401498,38.986294467178482],[-76.955012589023028,38.986313004510983],[-76.95497507447844,38.986308718608605],[-76.954975803012132,38.986304854453387],[-76.954847166958388,38.986290157534249],[-76.954837200150322,38.986289019374752],[-76.954836516532382,38.986292676148437],[-76.954789820307283,38.986287342858837],[-76.954785729379481,38.986286874328101],[-76.954779274984162,38.986321267685277],[-76.95474643437403,38.986317515251841],[-76.954745595347546,38.986321987588298],[-76.954735748015395,38.986374489515221],[-76.954769389024463,38.986378332718949],[-76.954760686146003,38.986424738131056],[-76.954757528567768,38.986441578667737],[-76.954756211637559,38.986448588457904],[-76.95480611574655,38.9864542890179],[-76.954805618978185,38.986456943087902],[-76.954945690585504,38.986472945012025],[-76.954946323897772,38.986469572437642],[-76.95497161686292,38.986472462517433],[-76.954992715593988,38.986474872895563],[-76.954994020846101,38.986475021623967],[-76.954993409991715,38.986478262227806],[-76.955133600176623,38.986494276715703],[-76.955134197556305,38.986491089878285],[-76.955137463830667,38.98649146274667],[-76.955170775158024,38.986495268238308],[-76.955173447646018,38.986495573375841],[-76.955184556212799,38.986496842804016]]]},"properties":{"BUILDINGID":"348","NAME":"College Park Marriott Hotel & Conference Center"}},{"type":"Feature","geometry":{"type":"Polygon","coordinates":[[[-76.940014631449714,38.978586306367788],[-76.940124655309077,38.97863605561686],[-76.940176879766426,38.978562377273789],[-76.940161685661721,38.978555506369453],[-76.940124895159272,38.97853887066367],[-76.940116470758511,38.978535061252671],[-76.940084998282543,38.978520829207667],[-76.940072781194687,38.978515305385692],[-76.939987529277587,38.978476755939958],[-76.939987639770365,38.97847660300468],[-76.939987495141594,38.978476581356318],[-76.939978890179503,38.978472648336805],[-76.93997129492378,38.978483374054825],[-76.939971334449652,38.97848339081488],[-76.939925024500127,38.978545788357934],[-76.940002974012273,38.978581034649267],[-76.940014631449714,38.978586306367788]]]},"properties":{"BUILDINGID":"278","NAME":"Graduate Gardens Apartment 4324"}},{"type":"Feature","geometry":{"type":"Polygon","coordinates":[[[-76.932788782730242,38.982690425793422],[-76.932949487741311,38.982726932534426],[-76.932973660507287,38.982662108615926],[-76.932986631281679,38.982665054714623],[-76.932992111004907,38.982662700070229],[-76.933036359320866,38.982643684847524],[-76.933037964610293,38.982639377774206],[-76.933040531097049,38.982632493299668],[-76.933084274559803,38.98264243141103],[-76.93312304315252,38.982651240380804],[-76.933133912767474,38.982622089425149],[-76.933148943378811,38.982581779721507],[-76.933152846558698,38.982571315087924],[-76.933154279371578,38.98256747307412],[-76.933157929226581,38.982557682292295],[-76.933023810754662,38.982527215013107],[-76.932988542896609,38.982621796141899],[-76.932952808812928,38.982613678479126],[-76.93292833780626,38.982608119363483],[-76.932917955976521,38.982605761924027],[-76.932872463493908,38.982595426478333],[-76.932827444423452,38.982585199965058],[-76.932847171427099,38.982532304881275],[-76.93286249129595,38.982491226303864],[-76.932748069284941,38.982465231576178],[-76.932727593086355,38.982460579534255],[-76.932724433711499,38.982469054741607],[-76.932721105453368,38.98247797755505],[-76.932716330009313,38.982490782886686],[-76.932702658549005,38.982527444053723],[-76.932699544988225,38.982535795654947],[-76.932696119712048,38.982544975432255],[-76.932692828284857,38.982553804664725],[-76.932775842498586,38.982572663493713],[-76.932773400877622,38.982579210698105],[-76.932773331707352,38.982579397142587],[-76.932771512618899,38.982584274027339],[-76.932777894250677,38.982593047391397],[-76.932798340804879,38.982621149522068],[-76.932798583350007,38.982621529393725],[-76.932805645006439,38.982622806572614],[-76.932813348060009,38.982624555797869],[-76.932788782730242,38.982690425793422]]]},"properties":{"BUILDINGID":"239","NAME":"Leonardtown 239"}},{"type":"Feature","geometry":{"type":"Polygon","coordinates":[[[-76.936248628775672,38.985208279107788],[-76.936367158782474,38.985220950576398],[-76.936485799282039,38.985233635309854],[-76.936646657905015,38.985250830849857],[-76.936646188086144,38.985253516386983],[-76.936711367148206,38.985260485097044],[-76.936722877261928,38.985194903084384],[-76.936735012603094,38.985196203259676],[-76.936741444540544,38.985159562327887],[-76.936747624949703,38.985160222191595],[-76.936748425348611,38.985155664593002],[-76.936776481531567,38.984995788847939],[-76.936777050165148,38.984992543986593],[-76.93677021847742,38.984991812897754],[-76.936776760907634,38.984954557382117],[-76.936764666888948,38.984953262788551],[-76.936776066509893,38.984888310331883],[-76.936713638987541,38.984881636953979],[-76.936710705089837,38.984881324128473],[-76.936710163405721,38.984884389539147],[-76.936707790955055,38.984884136066718],[-76.936658356664978,38.984878851549929],[-76.936597143664869,38.984872306653038],[-76.936518422499887,38.98486389108642],[-76.936431699142375,38.984854619437968],[-76.936309738469504,38.984841581311159],[-76.936238900919463,38.984834009253142],[-76.936239416552439,38.984831057658539],[-76.936237389953149,38.984830840496045],[-76.936174358762926,38.984824099380297],[-76.936171771614909,38.984838828724278],[-76.936167665415752,38.984862222916],[-76.936165363931991,38.984875339943649],[-76.936169305739455,38.984875763096035],[-76.936165803208155,38.984895721781776],[-76.936147324862759,38.985001010511674],[-76.936143415394639,38.98502328113355],[-76.936143287833872,38.985024008730711],[-76.936142809930161,38.985026729888226],[-76.936121961829031,38.985145522241751],[-76.936119105186421,38.9851452184949],[-76.936118859048037,38.985146627600976],[-76.936118380246,38.985149348055508],[-76.936111756069096,38.985187095049454],[-76.936110405002893,38.985194795551095],[-76.936110166051037,38.985196159967046],[-76.93611067359916,38.985196214431944],[-76.936174771089654,38.985203067933391],[-76.936175233722011,38.985200433367893],[-76.936248628775672,38.985208279107788]]]},"properties":{"BUILDINGID":"004","NAME":"Ritchie Coliseum"}},{"type":"Feature","geometry":{"type":"Polygon","coordinates":[[[-76.94461909286386,39.002023945824838],[-76.944623050841003,39.002029828033066],[-76.944634306731501,39.002046564330023],[-76.944636519282056,39.002049855182314],[-76.944639577147271,39.002048602787575],[-76.94464495356425,39.002046403068519],[-76.944642072667136,39.002042111835955],[-76.944644611306146,39.002041071664074],[-76.944647616170769,39.002039841608401],[-76.944658179460177,39.00203551616849],[-76.944740753499403,39.00200170149521],[-76.944757224110148,39.001994955731966],[-76.944806371837657,39.001974830832765],[-76.944824032716141,39.001967598489372],[-76.944868034893702,39.001949579758772],[-76.944909623298088,39.001932549537514],[-76.944912533839613,39.00193687498372],[-76.944920453387169,39.001933630200973],[-76.944921556518338,39.001933178528311],[-76.9447912343268,39.001739417675367],[-76.944675412740608,39.001786848304803],[-76.944674537781509,39.001787206432368],[-76.9445325913902,39.001845334774522],[-76.94450589795153,39.001856265684367],[-76.944516295052637,39.001871727285184],[-76.94452488743832,39.00188450188228],[-76.9445562952356,39.001931198010041],[-76.94453204341788,39.001941132015617],[-76.944532655170576,39.001942040945629],[-76.944558998266302,39.001981210094129],[-76.944560291840304,39.001983136159026],[-76.944561015882428,39.001984209840721],[-76.944563686573773,39.00198311661218],[-76.94458559828017,39.001974142503592],[-76.94461909286386,39.002023945824838]]]},"properties":{"BUILDINGID":"800","NAME":"4-H Headquarters"}},{"type":"Feature","geometry":{"type":"Polygon","coordinates":[[[-76.942194415944499,39.002047615671493],[-76.942256662007182,39.002049191287433],[-76.942257140809218,39.002037563003555],[-76.942298456125769,39.002038610156532],[-76.942301279530724,39.001970685499337],[-76.942321126908595,39.001971186038936],[-76.942321243689577,39.001968362213731],[-76.942322285735315,39.001943244475051],[-76.942322371973589,39.001941172505589],[-76.942269365083618,39.001939829355507],[-76.942272006130551,39.00187623843069],[-76.942285671302656,39.001876582595749],[-76.942288767795432,39.001802113753484],[-76.942216780401822,39.001800288908782],[-76.942218172790504,39.001766825269698],[-76.942290101793631,39.001768648020956],[-76.942293167743699,39.001694953263943],[-76.942278842309861,39.001694591645375],[-76.942281486950051,39.001630913236852],[-76.942315979562011,39.00163178586935],[-76.942335078643282,39.001632020432986],[-76.942335258306329,39.001628055190814],[-76.942336394675166,39.001603034368117],[-76.942336486303319,39.001600996595904],[-76.94231727942423,39.001600510015798],[-76.942320059710042,39.001533661418968],[-76.942278834225021,39.001532619145259],[-76.942279339976523,39.001520473479111],[-76.942217516122057,39.001518907624906],[-76.942216995099187,39.001531472853593],[-76.942138100559347,39.001529475569484],[-76.942138622480527,39.001516974566286],[-76.942076470740957,39.001515404523346],[-76.942075956904631,39.001527814772928],[-76.942034521213813,39.001526764121856],[-76.942031730148244,39.001593829138152],[-76.942013620112107,39.001593369784182],[-76.942013563518259,39.001594738770741],[-76.942012490031502,39.001620584757816],[-76.942012375945438,39.001623345767385],[-76.942064532130829,39.001624665187876],[-76.942061866829391,39.001688821804223],[-76.942048878987009,39.001688492996571],[-76.942045714222274,39.001764606693044],[-76.942115503438373,39.001766373595977],[-76.942114211660993,39.00179743296389],[-76.942042699476175,39.001795624175479],[-76.942039621848011,39.001869629483721],[-76.942054628204843,39.001870010648304],[-76.942051836240935,39.001937185639548],[-76.941998518533865,39.001935835508348],[-76.94199742438586,39.001962064629204],[-76.941997170162622,39.001968149292402],[-76.942016658214413,39.001968644945308],[-76.942014036930402,39.00203167381494],[-76.942054038910001,39.002032684666702],[-76.942053565497844,39.002044098634094],[-76.942115594168214,39.002045671457708],[-76.942116061292168,39.002034486468006],[-76.94219487767856,39.002036483737868],[-76.942194415944499,39.002047615671493]]]},"properties":{"BUILDINGID":"988","NAME":"Courtyard 200"}},{"type":"Feature","geometry":{"type":"Polygon","coordinates":[[[-76.923132259040273,38.968592435179843],[-76.92283339583345,38.968520127188469],[-76.922831520151149,38.96852511120332],[-76.922810571438717,38.968520042678101],[-76.922812261169781,38.968515013264785],[-76.922413136095784,38.968418445805931],[-76.922300467596216,38.968705336603847],[-76.922697712496301,38.968803201354234],[-76.922699771434949,38.968797683758567],[-76.922717644315838,38.968802087358668],[-76.922715735395869,38.968807641970777],[-76.92281508637133,38.968832118437554],[-76.92281324931659,38.968837837178256],[-76.922911685807108,38.968862214457637],[-76.922914440041765,38.96885685261627],[-76.923013334673072,38.968881228492229],[-76.923019760322305,38.968867647538325],[-76.923044940998025,38.968873742729414],[-76.923151013168464,38.968613183492785],[-76.923126290633533,38.96860708897767],[-76.923132259040273,38.968592435179843]]]},"properties":{"BUILDINGID":"904","NAME":"Leased Facility 904"}}]}